student_id,question_difficulty,topic_id,is_correct,response_time,hesitation_count,tab_switches,confidence_level,timestamp
69755c34-4fb4-4e5e-b058-09c3806f057e,0.0,c8acdbac-4106-417e-a19f-7e1ef5d881db,True,5.866,0,0,0.7,2026-01-15 09:08:32.753445+00:00
69755c34-4fb4-4e5e-b058-09c3806f057e,0.0,c8acdbac-4106-417e-a19f-7e1ef5d881db,True,20.367,0,0,0.3,2026-01-15 09:08:56.155595+00:00
69755c34-4fb4-4e5e-b058-09c3806f057e,0.0,c8acdbac-4106-417e-a19f-7e1ef5d881db,True,7.5,0,0,0.7,2026-01-15 09:09:07.062307+00:00
69755c34-4fb4-4e5e-b058-09c3806f057e,0.0,c8acdbac-4106-417e-a19f-7e1ef5d881db,True,7.522,0,0,0.7,2026-01-15 09:09:20.601156+00:00
be77a7a5-a6c5-4465-b285-3f2ee146ef2e,0.0,c8acdbac-4106-417e-a19f-7e1ef5d881db,False,39.441,0,0,0.3,2026-01-15 16:12:44.204130+00:00
be77a7a5-a6c5-4465-b285-3f2ee146ef2e,0.0,c8acdbac-4106-417e-a19f-7e1ef5d881db,True,6.01,0,0,0.7,2026-01-15 16:14:00.959074+00:00
be77a7a5-a6c5-4465-b285-3f2ee146ef2e,0.0,c8acdbac-4106-417e-a19f-7e1ef5d881db,True,3.147,0,0,0.9,2026-01-15 16:14:15.540828+00:00
be77a7a5-a6c5-4465-b285-3f2ee146ef2e,0.0,c8acdbac-4106-417e-a19f-7e1ef5d881db,False,5.936,0,0,0.7,2026-01-15 16:14:27.832792+00:00
4177ab50-3eda-4aee-9c16-c293218abd0c,0.0,c21d25a1-5b3e-4759-b02b-947d92e9740e,True,8.055,0,0,0.7,2026-01-19 15:41:10.225881+00:00
4177ab50-3eda-4aee-9c16-c293218abd0c,0.0,c21d25a1-5b3e-4759-b02b-947d92e9740e,False,2.568,0,0,0.9,2026-01-19 15:41:15.304588+00:00
4177ab50-3eda-4aee-9c16-c293218abd0c,0.0,c21d25a1-5b3e-4759-b02b-947d92e9740e,False,4.858,0,0,0.9,2026-01-19 15:41:22.517970+00:00
4177ab50-3eda-4aee-9c16-c293218abd0c,0.0,c21d25a1-5b3e-4759-b02b-947d92e9740e,False,4.837,0,0,0.9,2026-01-19 15:41:29.277811+00:00
4177ab50-3eda-4aee-9c16-c293218abd0c,0.0,c21d25a1-5b3e-4759-b02b-947d92e9740e,False,3.14,0,0,0.9,2026-01-19 15:41:35.318783+00:00
synthetic_student_0,1.8011725651741903,8,True,36.61,0,0,0.89,2025-12-25 22:41:40.343328
synthetic_student_0,-1.363446382321603,5,True,20.59,0,0,0.85,2025-11-17 22:41:40.343429
synthetic_student_0,1.1723234024445852,6,False,31.34,0,0,0.31,2025-11-03 22:41:40.343629
synthetic_student_0,1.3253450246777856,4,True,30.6,0,0,0.89,2026-01-08 22:41:40.343660
synthetic_student_0,-1.1836266692893167,2,False,32.96,0,0,0.61,2025-12-01 22:41:40.343684
synthetic_student_0,0.197065689150961,4,True,30.5,1,0,0.82,2025-12-26 22:41:40.343704
synthetic_student_0,-1.9571516215973674,7,True,22.09,0,0,0.73,2025-11-09 22:41:40.343723
synthetic_student_0,0.5921459749688127,4,True,33.56,0,0,0.74,2025-10-22 22:41:40.343741
synthetic_student_0,-1.8203673971636158,4,True,17.04,0,0,0.78,2025-11-27 22:41:40.343758
synthetic_student_0,-1.31657154935318,8,True,25.71,0,0,0.83,2026-01-03 22:41:40.343777
synthetic_student_0,1.975454940263071,7,False,39.2,0,0,0.55,2025-11-10 22:41:40.343795
synthetic_student_0,0.1384265657283632,5,False,30.74,0,0,0.34,2025-12-24 22:41:40.343814
synthetic_student_0,0.8413053274204105,8,True,24.44,0,0,0.87,2025-11-14 22:41:40.343832
synthetic_student_0,-0.07230931976255883,5,False,27.03,0,0,0.66,2025-12-06 22:41:40.343850
synthetic_student_0,1.2179334648684703,1,False,30.37,0,0,0.66,2025-12-05 22:41:40.343868
synthetic_student_0,-0.8321683723541962,5,True,32.92,0,0,0.72,2026-01-15 22:41:40.343886
synthetic_student_0,0.8377218273184202,5,False,28.44,1,0,0.31,2025-11-12 22:41:40.343905
synthetic_student_0,-1.8896118729996796,4,True,17.41,0,0,1.0,2025-11-01 22:41:40.343926
synthetic_student_0,1.2999205927303046,3,False,32.68,2,0,0.5,2025-10-28 22:41:40.343944
synthetic_student_0,0.7065410165613977,3,False,30.46,0,0,0.51,2025-11-01 22:41:40.343961
synthetic_student_0,-0.6730842947829121,7,False,20.49,1,0,0.48,2025-11-13 22:41:40.343979
synthetic_student_0,-1.785674507714809,7,True,23.06,0,0,0.75,2025-11-27 22:41:40.343997
synthetic_student_0,-1.4142813759511466,9,True,15.63,0,0,0.7,2025-12-01 22:41:40.344014
synthetic_student_0,0.8111605523004841,6,True,29.4,2,0,0.79,2025-11-17 22:41:40.344034
synthetic_student_0,-1.8971687553729253,4,True,26.71,0,0,0.81,2026-01-04 22:41:40.344052
synthetic_student_0,-0.4150948257660918,5,False,23.03,0,0,0.31,2025-11-23 22:41:40.344070
synthetic_student_0,0.8565873281401091,2,True,31.67,0,0,0.71,2026-01-11 22:41:40.344089
synthetic_student_0,1.764722370190316,7,False,38.54,0,0,0.62,2025-11-14 22:41:40.344109
synthetic_student_0,-1.0157771091879986,6,True,19.45,1,0,0.83,2025-10-23 22:41:40.344127
synthetic_student_0,-0.1914617798608944,8,False,35.72,0,0,0.7,2025-11-24 22:41:40.344145
synthetic_student_0,0.8248727501007576,2,True,32.73,1,0,0.73,2026-01-06 22:41:40.344162
synthetic_student_0,-0.1686042798586307,6,False,23.7,1,0,0.66,2025-11-04 22:41:40.344182
synthetic_student_0,-1.310482390167142,8,False,24.16,0,0,0.51,2025-10-27 22:41:40.344199
synthetic_student_0,-0.5727876430415684,6,True,20.85,0,0,0.87,2025-11-13 22:41:40.344216
synthetic_student_0,0.9382181211649172,5,False,27.45,0,0,0.69,2025-12-05 22:41:40.344234
synthetic_student_0,-1.3599323337759497,6,True,28.12,0,0,0.9,2025-12-18 22:41:40.344252
synthetic_student_0,1.71799154877377,9,False,31.21,0,0,0.7,2025-11-27 22:41:40.344269
synthetic_student_0,-1.9588119094807812,3,True,21.73,0,0,0.7,2025-12-03 22:41:40.344286
synthetic_student_0,0.05468011276305429,9,True,22.54,1,0,0.78,2026-01-18 22:41:40.344303
synthetic_student_0,-1.4552429201134758,2,False,16.05,0,0,0.46,2025-12-25 22:41:40.344320
synthetic_student_0,0.3728130063064623,4,True,24.67,0,0,0.97,2025-11-29 22:41:40.344338
synthetic_student_0,-0.5401802955808206,1,False,24.57,0,0,0.49,2025-12-07 22:41:40.344355
synthetic_student_0,1.7725400190532317,9,False,32.13,0,0,0.35,2025-11-09 22:41:40.344375
synthetic_student_0,-1.414805159839553,5,True,25.93,0,0,0.97,2025-10-21 22:41:40.344393
synthetic_student_0,-0.2750393552029795,5,False,30.89,0,0,0.57,2026-01-06 22:41:40.344411
synthetic_student_0,-1.3986916961413072,9,True,27.65,0,1,0.98,2025-10-25 22:41:40.344428
synthetic_student_0,-1.824992639988499,10,True,16.14,0,0,0.79,2025-12-04 22:41:40.344446
synthetic_student_0,1.5372538316507383,10,False,34.61,1,0,0.51,2025-11-23 22:41:40.344463
synthetic_student_0,-0.24905656824456912,10,True,28.07,0,0,0.96,2025-12-05 22:41:40.344481
synthetic_student_0,1.1040787653158906,7,True,22.44,1,0,0.93,2025-10-26 22:41:40.344499
synthetic_student_0,0.8228986158891884,10,True,22.07,0,0,0.79,2025-11-25 22:41:40.344517
synthetic_student_0,0.20602776835191872,8,False,36.22,0,0,0.54,2025-11-19 22:41:40.344534
synthetic_student_0,0.15732906000720392,7,False,19.27,1,0,0.6,2025-12-24 22:41:40.344552
synthetic_student_0,-1.2991450166203937,5,True,25.92,0,0,0.77,2026-01-01 22:41:40.344570
synthetic_student_0,1.5579848811630082,2,False,29.38,0,0,0.65,2025-11-07 22:41:40.344589
synthetic_student_0,-1.3061517082915461,1,True,28.18,0,0,0.74,2025-12-31 22:41:40.344610
synthetic_student_0,1.0892002839120116,6,False,39.84,0,0,0.37,2025-11-30 22:41:40.344628
synthetic_student_0,-0.6244264628155882,9,True,20.17,1,0,0.87,2025-12-08 22:41:40.344646
synthetic_student_0,0.8410036756280515,2,True,39.38,0,0,0.72,2025-11-18 22:41:40.344663
synthetic_student_0,0.30360180672031545,3,True,35.16,0,0,0.92,2025-12-03 22:41:40.344680
synthetic_student_0,-0.7190802360170974,4,True,19.01,0,0,0.98,2025-12-29 22:41:40.344698
synthetic_student_0,-1.4646546809541312,2,True,23.68,0,0,0.99,2025-11-12 22:41:40.344716
synthetic_student_0,1.8237459369794728,3,False,40.65,0,0,0.5,2025-12-16 22:41:40.344735
synthetic_student_0,0.5133666114174642,10,True,29.9,2,0,0.75,2025-12-29 22:41:40.344753
synthetic_student_0,1.9499432540684194,1,False,33.44,1,0,0.34,2025-10-31 22:41:40.344772
synthetic_student_0,1.8711262111283578,5,False,39.81,1,0,0.49,2025-11-23 22:41:40.344792
synthetic_student_0,-0.10688460463356808,4,True,34.82,1,0,0.83,2025-12-05 22:41:40.344809
synthetic_student_0,0.7013857905512304,10,True,29.92,0,1,0.84,2025-10-26 22:41:40.344826
synthetic_student_0,0.312240631146131,1,True,23.8,2,0,0.91,2025-11-03 22:41:40.344841
synthetic_student_0,-1.0571238640577811,5,True,22.5,2,0,0.81,2025-12-21 22:41:40.344858
synthetic_student_0,0.8282958820315462,5,True,27.51,0,0,0.86,2025-11-15 22:41:40.344874
synthetic_student_0,1.8067992451908363,8,False,36.23,1,0,0.38,2026-01-19 22:41:40.344890
synthetic_student_0,0.5029832291968055,5,True,27.74,2,0,0.99,2025-12-10 22:41:40.344907
synthetic_student_0,1.4375910993738779,9,False,29.93,0,0,0.66,2025-11-06 22:41:40.344926
synthetic_student_0,-0.7204815388430559,10,True,25.45,0,0,0.72,2025-11-03 22:41:40.344944
synthetic_student_0,-1.8261255494900546,9,True,19.31,0,0,0.92,2025-10-24 22:41:40.344960
synthetic_student_0,1.507729058965039,10,False,26.83,1,0,0.45,2025-11-29 22:41:40.344977
synthetic_student_0,0.5305998543151746,4,False,22.12,1,0,0.6,2025-10-23 22:41:40.344998
synthetic_student_0,-0.4491622489672844,4,True,10.63,0,1,0.92,2025-11-18 22:41:40.345014
synthetic_student_0,0.7941351990213894,8,False,31.44,1,0,0.65,2025-11-17 22:41:40.345031
synthetic_student_0,1.253248157578585,2,False,31.68,1,0,0.51,2025-11-12 22:41:40.345047
synthetic_student_0,-1.5696413693188043,2,True,31.3,0,0,0.88,2025-12-10 22:41:40.345066
synthetic_student_0,1.02788335306274,5,True,36.8,0,0,0.87,2025-11-12 22:41:40.345083
synthetic_student_0,0.8079526281514822,8,False,20.8,0,1,0.36,2025-12-12 22:41:40.345099
synthetic_student_0,1.942546935411237,9,False,34.47,0,0,0.36,2025-12-19 22:41:40.345116
synthetic_student_0,0.6735854720938943,1,True,27.09,0,0,0.75,2026-01-04 22:41:40.345132
synthetic_student_0,1.2637844483418408,9,True,33.12,2,0,0.99,2025-12-11 22:41:40.345149
synthetic_student_0,0.0815347694654438,4,True,34.1,0,0,0.92,2025-12-27 22:41:40.345165
synthetic_student_0,-0.002449670790927172,6,True,22.07,1,0,0.97,2025-12-16 22:41:40.345183
synthetic_student_0,1.2501459783178115,5,False,29.08,0,0,0.65,2025-11-08 22:41:40.345199
synthetic_student_0,-1.4462305812694365,1,True,22.44,1,0,0.87,2025-11-01 22:41:40.345216
synthetic_student_0,-1.4431798614841997,5,False,20.55,0,0,0.67,2025-12-09 22:41:40.345235
synthetic_student_0,0.024088467557039195,6,False,27.18,0,0,0.43,2025-12-29 22:41:40.345252
synthetic_student_0,0.18616298121512598,4,True,37.68,1,0,0.91,2025-12-25 22:41:40.345270
synthetic_student_0,-0.6387824374637212,8,True,31.11,0,0,0.87,2026-01-14 22:41:40.345286
synthetic_student_0,-0.643220058080693,6,True,21.05,0,0,0.74,2025-11-30 22:41:40.345303
synthetic_student_0,-1.9356404590289413,5,True,18.83,0,0,0.73,2025-10-27 22:41:40.345339
synthetic_student_0,1.8772931064752485,2,True,29.35,2,0,0.75,2025-11-01 22:41:40.345358
synthetic_student_0,-0.6923694771443967,3,True,27.96,1,0,0.84,2025-11-16 22:41:40.345374
synthetic_student_0,-0.14364719912568846,6,True,28.29,1,0,0.97,2025-10-25 22:41:40.345391
synthetic_student_1,0.012040130608935495,8,False,30.2,0,0,0.57,2025-12-09 22:41:40.345413
synthetic_student_1,-0.3477787241743515,8,True,40.73,0,0,0.81,2025-11-05 22:41:40.345432
synthetic_student_1,-0.2533231806007832,8,False,33.15,1,0,0.65,2025-11-04 22:41:40.345450
synthetic_student_1,-0.10322626471923524,7,False,26.17,1,0,0.34,2025-12-14 22:41:40.345467
synthetic_student_1,-0.1065304966456142,6,False,30.16,0,0,0.43,2025-11-22 22:41:40.345483
synthetic_student_1,-0.8994572050133773,3,True,29.7,0,0,0.76,2025-11-23 22:41:40.345500
synthetic_student_1,-0.6288961847113659,2,True,25.57,0,0,0.95,2025-12-27 22:41:40.345516
synthetic_student_1,-1.2975133026594028,4,True,31.37,1,0,0.93,2025-12-02 22:41:40.345533
synthetic_student_1,-1.5240931661345067,2,True,24.83,1,0,0.78,2025-11-16 22:41:40.345549
synthetic_student_1,1.065512633691037,3,False,39.95,0,0,0.57,2025-11-09 22:41:40.345566
synthetic_student_1,-0.6028964835463007,5,True,36.6,1,0,0.86,2025-11-14 22:41:40.345582
synthetic_student_1,-0.36210360490695415,5,False,26.51,0,0,0.48,2025-12-29 22:41:40.345598
synthetic_student_1,-1.2258433166924423,2,True,33.28,0,0,0.93,2025-11-06 22:41:40.345616
synthetic_student_1,1.7964270164085523,8,False,34.46,2,0,0.7,2025-11-15 22:41:40.345632
synthetic_student_1,0.13206500032268043,6,False,32.41,0,0,0.65,2025-10-22 22:41:40.345649
synthetic_student_1,0.5308440148819908,1,False,32.71,1,0,0.7,2025-12-16 22:41:40.345666
synthetic_student_1,-1.8273359984304678,5,True,36.51,0,0,0.82,2026-01-10 22:41:40.345683
synthetic_student_1,0.5915275298383942,2,False,30.72,0,0,0.51,2025-11-12 22:41:40.345701
synthetic_student_1,0.41951748601771754,6,False,36.36,0,0,0.31,2025-12-04 22:41:40.345717
synthetic_student_1,-0.7774363826048445,3,True,27.18,0,0,0.71,2025-12-30 22:41:40.345732
synthetic_student_1,1.028336905201157,9,False,33.97,0,0,0.7,2025-12-26 22:41:40.345751
synthetic_student_1,0.016388373271024825,6,False,29.5,0,0,0.41,2026-01-03 22:41:40.345767
synthetic_student_1,0.6502653095221351,5,False,30.39,0,0,0.33,2025-11-25 22:41:40.345782
synthetic_student_1,-1.1589266159997225,7,True,22.88,0,0,0.76,2025-10-30 22:41:40.345798
synthetic_student_1,-1.4639211423668947,6,False,27.64,0,0,0.44,2025-10-23 22:41:40.345814
synthetic_student_1,0.1880084017789394,4,True,23.51,1,0,0.92,2025-11-06 22:41:40.345830
synthetic_student_1,1.5814627279220694,3,False,35.56,1,0,0.52,2025-11-03 22:41:40.345846
synthetic_student_1,-0.11807567528968033,1,False,34.19,0,0,0.57,2025-11-13 22:41:40.345861
synthetic_student_1,-1.3617174748466327,4,False,26.17,0,0,0.46,2025-12-26 22:41:40.345939
synthetic_student_1,1.259218115304435,5,False,39.19,0,0,0.34,2025-12-19 22:41:40.345960
synthetic_student_1,-0.7813149962859098,8,False,27.93,0,0,0.51,2026-01-15 22:41:40.345976
synthetic_student_1,1.1296754974811591,1,False,44.14,0,0,0.56,2025-10-27 22:41:40.345991
synthetic_student_1,1.457291737563585,9,False,40.13,3,0,0.42,2025-11-07 22:41:40.346006
synthetic_student_1,-1.640256675653068,3,True,27.16,1,0,0.77,2025-12-26 22:41:40.346021
synthetic_student_1,1.5393657358136235,10,False,40.41,0,0,0.5,2025-12-05 22:41:40.346037
synthetic_student_1,-0.39200697024511877,7,False,32.41,0,0,0.39,2025-10-25 22:41:40.346052
synthetic_student_1,-0.6440356736803263,1,False,24.75,1,0,0.35,2025-11-12 22:41:40.346067
synthetic_student_1,-0.7823774886120747,9,False,36.16,0,0,0.54,2025-11-12 22:41:40.346082
synthetic_student_1,-0.658741457095076,10,True,37.99,0,1,0.75,2025-12-25 22:41:40.346098
synthetic_student_1,1.0881838872572236,5,True,28.61,0,1,0.9,2025-11-26 22:41:40.346114
synthetic_student_1,0.747290717271837,5,False,33.77,1,0,0.59,2025-11-21 22:41:40.346134
synthetic_student_1,-0.17676407388182147,3,True,36.57,0,0,0.7,2025-12-04 22:41:40.346150
synthetic_student_1,0.4667615749670526,1,False,32.16,0,0,0.34,2025-12-23 22:41:40.346166
synthetic_student_1,1.068353037884454,6,False,37.12,0,0,0.32,2025-12-23 22:41:40.346181
synthetic_student_1,-0.2703341998143416,9,False,31.08,3,0,0.47,2025-12-31 22:41:40.346197
synthetic_student_1,-1.6255619870749825,2,True,23.93,0,0,0.78,2025-11-14 22:41:40.346212
synthetic_student_1,1.9406697410617548,3,True,38.67,3,0,0.81,2025-11-09 22:41:40.346228
synthetic_student_1,-1.2744898355171497,1,True,34.29,2,0,0.74,2025-11-18 22:41:40.346243
synthetic_student_1,-0.26973823791453233,4,False,31.95,0,0,0.52,2025-11-19 22:41:40.346259
synthetic_student_1,-0.029769953560919493,7,True,30.12,0,0,0.73,2025-12-18 22:41:40.346275
synthetic_student_1,-1.1447982217413726,6,False,22.99,0,0,0.3,2025-11-10 22:41:40.346290
synthetic_student_1,-0.1526387242463394,1,True,36.73,0,0,0.92,2025-12-26 22:41:40.346306
synthetic_student_1,-0.10104893588502506,3,True,20.16,0,0,0.76,2026-01-05 22:41:40.346321
synthetic_student_1,1.7325329810900403,6,False,30.72,1,0,0.46,2025-11-05 22:41:40.346337
synthetic_student_1,1.956308073883958,6,False,41.28,0,0,0.64,2025-11-10 22:41:40.346353
synthetic_student_1,0.22531970715468086,1,False,28.94,2,0,0.56,2026-01-11 22:41:40.346371
synthetic_student_1,0.9787213199364855,7,False,27.81,0,1,0.42,2025-12-21 22:41:40.346386
synthetic_student_1,-1.9035316718354083,2,True,30.49,0,0,0.76,2025-12-11 22:41:40.346402
synthetic_student_1,-0.08200627299330465,6,True,35.73,0,0,0.87,2025-12-28 22:41:40.346419
synthetic_student_1,1.3315866465995345,2,False,29.43,2,0,0.45,2025-12-05 22:41:40.346438
synthetic_student_1,-1.213210377808915,6,False,30.89,1,0,0.31,2026-01-04 22:41:40.346454
synthetic_student_1,0.5807861542207369,7,False,38.12,2,0,0.32,2026-01-14 22:41:40.346469
synthetic_student_1,0.5764605096279651,5,False,29.55,0,0,0.57,2026-01-19 22:41:40.346485
synthetic_student_1,-1.124419407602931,8,True,29.97,0,0,0.98,2025-11-07 22:41:40.346501
synthetic_student_1,1.1536958062368692,7,False,40.19,5,0,0.68,2025-12-16 22:41:40.346517
synthetic_student_1,0.6711043091423905,1,False,32.32,0,0,0.44,2025-12-01 22:41:40.346533
synthetic_student_1,-1.5896277663375602,1,True,23.32,0,0,0.75,2026-01-16 22:41:40.346549
synthetic_student_1,-1.443641171871429,10,True,18.08,0,0,0.77,2025-11-17 22:41:40.346564
synthetic_student_1,-0.062418129283301926,8,False,34.29,0,0,0.48,2025-12-21 22:41:40.346580
synthetic_student_1,0.7639344752905508,3,True,36.69,2,0,1.0,2025-12-05 22:41:40.346597
synthetic_student_1,-1.479724884932026,10,False,24.91,0,0,0.4,2025-11-08 22:41:40.346612
synthetic_student_1,0.0298933725162569,7,False,34.52,0,0,0.63,2026-01-13 22:41:40.346629
synthetic_student_1,-0.9607901116138984,6,False,31.1,2,0,0.47,2026-01-04 22:41:40.346645
synthetic_student_1,1.2213543016225024,7,True,37.71,0,0,0.71,2025-11-14 22:41:40.346662
synthetic_student_1,-0.19981244129881093,4,True,26.06,0,0,0.72,2026-01-04 22:41:40.346678
synthetic_student_1,0.12063329786015808,5,False,37.07,1,0,0.59,2025-11-11 22:41:40.346694
synthetic_student_1,-0.018403518695960575,3,False,39.36,3,1,0.36,2026-01-08 22:41:40.346710
synthetic_student_1,1.8478453450204477,1,True,45.29,1,0,0.81,2025-12-05 22:41:40.346726
synthetic_student_1,1.57668042474014,3,False,22.15,0,0,0.36,2026-01-03 22:41:40.346741
synthetic_student_1,-1.208976022062826,7,True,27.05,0,0,0.8,2025-12-23 22:41:40.346763
synthetic_student_1,1.5374883580887118,10,False,29.11,0,0,0.54,2025-12-07 22:41:40.346780
synthetic_student_1,-0.34417222457575125,4,False,31.12,1,0,0.56,2026-01-04 22:41:40.346796
synthetic_student_1,1.034913515940541,4,False,36.0,1,0,0.65,2025-11-12 22:41:40.346812
synthetic_student_1,-0.5066103434005429,3,False,24.21,1,0,0.62,2025-11-29 22:41:40.346828
synthetic_student_1,-0.15549153103231372,2,False,26.77,1,0,0.45,2025-12-07 22:41:40.346844
synthetic_student_1,0.9647098436869035,6,True,37.88,1,0,0.99,2026-01-14 22:41:40.346860
synthetic_student_1,-1.442058866930671,2,True,28.5,1,0,0.75,2025-11-30 22:41:40.346876
synthetic_student_1,1.502450106057326,5,False,30.38,0,0,0.52,2025-12-18 22:41:40.346892
synthetic_student_1,-1.1907512300397673,6,False,27.63,0,0,0.5,2025-12-09 22:41:40.346910
synthetic_student_1,1.9126279986426833,10,False,43.55,0,0,0.54,2025-11-05 22:41:40.347243
synthetic_student_1,-1.6790712022036702,5,True,30.53,0,0,0.75,2025-10-22 22:41:40.347277
synthetic_student_1,1.9037400394650863,5,False,45.53,0,0,0.51,2025-11-08 22:41:40.347294
synthetic_student_1,0.6379271281772563,4,False,35.31,0,0,0.59,2026-01-06 22:41:40.347547
synthetic_student_1,1.1260442136239708,10,True,32.4,1,0,0.92,2025-12-08 22:41:40.347600
synthetic_student_1,0.6943522103317612,4,False,35.09,0,0,0.35,2025-11-26 22:41:40.347668
synthetic_student_1,-1.7172664838230824,4,False,33.01,0,0,0.34,2025-12-11 22:41:40.347694
synthetic_student_1,-1.5148316612182664,10,True,24.13,0,0,0.75,2026-01-13 22:41:40.347713
synthetic_student_1,-1.0824900196879619,6,False,24.11,0,0,0.53,2025-12-15 22:41:40.347730
synthetic_student_1,-0.33007509914374555,2,False,21.85,0,0,0.6,2025-12-17 22:41:40.347753
synthetic_student_1,-1.2653048893238021,7,True,30.93,0,0,0.7,2025-12-21 22:41:40.347769
synthetic_student_2,1.6804060213111787,6,False,47.93,1,0,0.46,2025-11-17 22:41:40.347849
synthetic_student_2,0.7441175166623091,4,False,45.0,0,0,0.32,2025-12-17 22:41:40.347897
synthetic_student_2,-1.8719124758569854,8,True,25.73,0,0,0.83,2026-01-08 22:41:40.347916
synthetic_student_2,-0.5212589299833299,1,False,28.35,0,0,0.58,2026-01-06 22:41:40.347933
synthetic_student_2,0.2673728758108065,9,False,40.88,1,1,0.52,2025-11-16 22:41:40.347950
synthetic_student_2,0.15992825226326302,3,False,36.67,1,0,0.42,2025-11-18 22:41:40.347966
synthetic_student_2,-1.2401951678703673,9,True,31.92,0,0,0.81,2025-11-01 22:41:40.347983
synthetic_student_2,-1.2636673004900598,9,False,19.19,0,1,0.33,2025-11-26 22:41:40.347998
synthetic_student_2,0.7547235920110942,7,False,28.88,0,0,0.61,2025-10-29 22:41:40.348013
synthetic_student_2,1.9499091591530053,6,False,42.59,0,0,0.52,2026-01-15 22:41:40.348029
synthetic_student_2,1.1251441585732098,9,False,27.41,0,0,0.67,2025-12-09 22:41:40.348044
synthetic_student_2,-0.937795879467235,7,False,24.2,0,0,0.35,2025-11-22 22:41:40.348059
synthetic_student_2,-0.4436621392955278,3,True,29.22,1,0,0.86,2025-12-08 22:41:40.348075
synthetic_student_2,-1.7907923435247657,7,True,12.76,0,0,0.96,2025-12-10 22:41:40.348091
synthetic_student_2,-1.7122640077492646,7,True,27.59,0,0,0.99,2026-01-05 22:41:40.348118
synthetic_student_2,1.2761154904679746,1,False,36.76,1,0,0.36,2026-01-11 22:41:40.348139
synthetic_student_2,1.814666198968796,5,False,43.57,0,0,0.3,2025-12-16 22:41:40.348155
synthetic_student_2,0.6669174035881449,4,True,40.58,0,0,0.76,2025-12-17 22:41:40.348171
synthetic_student_2,0.48858779415341713,5,False,36.66,1,0,0.45,2025-11-01 22:41:40.348190
synthetic_student_2,-0.5873640521819268,7,False,26.23,1,0,0.39,2026-01-14 22:41:40.348210
synthetic_student_2,0.18239715998909833,2,False,32.3,0,0,0.44,2026-01-14 22:41:40.348226
synthetic_student_2,-1.3495576353975105,2,True,26.5,0,1,0.87,2025-11-14 22:41:40.348241
synthetic_student_2,-0.9238004153081163,8,True,29.22,0,0,0.84,2025-11-11 22:41:40.348256
synthetic_student_2,-0.6592668868697045,2,False,21.73,1,0,0.67,2025-12-16 22:41:40.348271
synthetic_student_2,-0.8823814364268143,10,True,33.52,2,0,0.81,2025-10-29 22:41:40.348286
synthetic_student_2,-1.6608258308735393,5,True,26.64,0,0,0.74,2025-11-25 22:41:40.348301
synthetic_student_2,0.5797757203309466,7,True,39.34,0,0,0.75,2026-01-16 22:41:40.348443
synthetic_student_2,-1.7827528404838557,7,True,29.72,0,0,0.9,2025-12-24 22:41:40.348519
synthetic_student_2,0.9632140533461366,8,True,30.13,0,1,0.8,2025-10-28 22:41:40.348615
synthetic_student_2,1.669049062650927,5,True,38.51,0,1,0.74,2026-01-04 22:41:40.348635
synthetic_student_2,0.007132656773345847,1,True,36.36,0,0,0.86,2025-11-13 22:41:40.348649
synthetic_student_2,0.126607617551576,5,True,27.95,2,0,0.78,2025-11-22 22:41:40.348664
synthetic_student_2,-0.8075860074042578,2,False,27.2,2,1,0.61,2025-12-20 22:41:40.348679
synthetic_student_2,-0.6144018281623205,3,True,30.18,1,0,0.72,2025-12-24 22:41:40.348707
synthetic_student_2,-0.4049124518924154,5,False,33.89,0,0,0.43,2025-12-15 22:41:40.348723
synthetic_student_2,-1.769933659201051,9,True,25.33,0,0,0.97,2025-12-15 22:41:40.348738
synthetic_student_2,0.922503736806433,10,False,30.46,0,0,0.41,2025-11-26 22:41:40.348752
synthetic_student_2,0.6978081264065068,2,False,32.44,0,0,0.64,2025-12-06 22:41:40.348771
synthetic_student_2,-0.24265300267987344,9,True,32.01,1,1,0.79,2025-11-20 22:41:40.348790
synthetic_student_2,1.5179925724124597,10,False,34.18,1,0,0.33,2026-01-17 22:41:40.348805
synthetic_student_2,0.24516952705307737,5,False,33.92,0,0,0.49,2025-11-16 22:41:40.348820
synthetic_student_2,1.5025600387189493,9,False,45.23,2,0,0.62,2025-12-04 22:41:40.348834
synthetic_student_2,-1.1212154553507476,10,True,26.75,1,0,0.93,2025-12-10 22:41:40.348849
synthetic_student_2,0.07237519858980912,4,False,33.99,1,0,0.46,2025-12-05 22:41:40.348866
synthetic_student_2,0.15558205202802133,5,False,29.67,0,0,0.32,2026-01-17 22:41:40.348882
synthetic_student_2,-0.6477281809815851,5,True,25.45,1,0,0.77,2026-01-07 22:41:40.348896
synthetic_student_2,-0.909182837649178,6,True,33.58,0,0,0.82,2025-12-21 22:41:40.348911
synthetic_student_2,1.1142205468390665,4,False,45.13,0,1,0.57,2025-11-15 22:41:40.348930
synthetic_student_2,-1.9881194171403451,6,False,19.04,0,0,0.48,2025-11-16 22:41:40.348946
synthetic_student_2,-0.8949307360423124,6,True,34.12,1,1,0.92,2025-12-28 22:41:40.348960
synthetic_student_2,-1.1203334284462718,4,True,27.69,0,0,0.81,2026-01-07 22:41:40.348975
synthetic_student_2,-0.8202561249344464,8,True,25.95,0,0,0.78,2025-12-07 22:41:40.348991
synthetic_student_2,0.5677996317025116,7,False,27.53,0,0,0.42,2025-11-12 22:41:40.349005
synthetic_student_2,0.8156068499407563,1,False,44.77,0,0,0.34,2026-01-05 22:41:40.349020
synthetic_student_2,0.08705192731323841,6,False,35.01,0,1,0.39,2026-01-05 22:41:40.349034
synthetic_student_2,-1.8438549329762615,7,True,26.94,0,1,0.83,2025-11-27 22:41:40.349049
synthetic_student_2,-0.559979851655418,5,False,34.89,1,1,0.49,2025-11-29 22:41:40.349064
synthetic_student_2,-0.11280465798830797,6,False,36.06,1,0,0.44,2025-10-21 22:41:40.349080
synthetic_student_2,0.5735213226778755,9,False,32.49,1,0,0.46,2025-11-27 22:41:40.349095
synthetic_student_2,0.20672553215906486,4,False,31.02,0,0,0.69,2025-11-29 22:41:40.349109
synthetic_student_2,1.0670693425191073,7,False,37.31,2,0,0.64,2025-12-15 22:41:40.349138
synthetic_student_2,-0.8644996292112404,10,True,27.05,0,0,0.75,2025-10-29 22:41:40.349153
synthetic_student_2,0.4053670467511483,9,False,33.49,0,0,0.39,2025-12-25 22:41:40.349302
synthetic_student_2,-1.8842740563161593,2,True,22.91,0,0,0.85,2026-01-19 22:41:40.349318
synthetic_student_2,0.07403722501922605,9,False,20.39,0,0,0.64,2025-11-11 22:41:40.349333
synthetic_student_2,0.9195964970074746,5,False,36.28,0,0,0.51,2025-12-30 22:41:40.349348
synthetic_student_2,-1.0085465926355903,5,False,28.19,0,0,0.68,2025-12-15 22:41:40.349362
synthetic_student_2,1.3575443335511954,6,False,31.59,2,0,0.67,2026-01-18 22:41:40.349376
synthetic_student_2,-1.726387563694411,3,False,18.47,0,0,0.34,2025-10-24 22:41:40.349390
synthetic_student_2,-0.2446381495843486,8,False,22.41,0,0,0.61,2025-11-10 22:41:40.349406
synthetic_student_2,0.9527598284050685,7,False,41.17,0,0,0.4,2025-11-06 22:41:40.349420
synthetic_student_2,1.169324322285048,5,False,25.17,0,1,0.58,2025-11-05 22:41:40.349434
synthetic_student_2,0.21247085030908597,6,False,35.52,0,0,0.66,2025-11-26 22:41:40.349450
synthetic_student_2,1.8850987638835108,10,False,39.2,1,0,0.43,2025-11-11 22:41:40.349464
synthetic_student_2,-0.7045563344347912,1,False,24.83,1,0,0.63,2025-11-01 22:41:40.349479
synthetic_student_2,-1.0563934897630989,2,False,17.34,0,0,0.64,2025-11-08 22:41:40.349493
synthetic_student_2,1.9535219274499482,1,False,42.65,2,0,0.32,2026-01-16 22:41:40.349509
synthetic_student_2,-0.19280561924820283,3,True,28.75,0,0,0.9,2025-12-20 22:41:40.349523
synthetic_student_2,0.5519735370358463,4,True,35.34,0,0,0.73,2025-11-22 22:41:40.349537
synthetic_student_2,0.5326994494133035,3,False,28.73,0,0,0.69,2025-12-10 22:41:40.349551
synthetic_student_2,-0.5643925493251718,1,False,22.92,0,0,0.69,2025-12-11 22:41:40.349565
synthetic_student_2,-1.2727523029534882,4,False,25.23,0,0,0.33,2025-12-04 22:41:40.349578
synthetic_student_2,0.8202034114526002,6,False,36.08,1,0,0.58,2025-11-23 22:41:40.349594
synthetic_student_2,-0.4237225942016565,5,True,27.67,1,0,0.76,2025-10-28 22:41:40.349608
synthetic_student_2,-0.2972442163484845,4,False,21.04,0,0,0.48,2025-10-24 22:41:40.349632
synthetic_student_2,-0.6960917859685285,5,True,30.26,0,0,0.79,2025-12-08 22:41:40.349649
synthetic_student_2,0.6843130485308562,3,False,37.2,0,0,0.48,2025-10-28 22:41:40.349663
synthetic_student_2,-1.6219477976661207,6,False,28.92,0,0,0.58,2025-11-20 22:41:40.349677
synthetic_student_2,-0.9480459688221927,9,False,22.3,0,0,0.53,2025-12-29 22:41:40.349691
synthetic_student_2,0.1443514402860644,6,False,42.48,1,1,0.64,2025-10-21 22:41:40.349705
synthetic_student_2,-0.5306165799533633,2,True,28.87,0,0,0.83,2025-11-20 22:41:40.349719
synthetic_student_2,-1.8665396153248697,6,False,36.21,0,1,0.39,2026-01-07 22:41:40.349734
synthetic_student_2,0.9132841250954407,10,True,39.29,0,0,0.81,2025-12-18 22:41:40.349749
synthetic_student_2,-1.7059090602439935,1,True,29.34,0,1,0.72,2025-12-21 22:41:40.349763
synthetic_student_2,-1.0454988562885532,10,False,33.56,0,0,0.56,2026-01-06 22:41:40.349777
synthetic_student_2,0.6967042400449062,10,True,35.49,1,0,0.71,2025-10-21 22:41:40.349791
synthetic_student_2,1.986230973275747,5,False,37.55,1,0,0.5,2025-12-09 22:41:40.349807
synthetic_student_2,0.26977061398697577,2,False,34.78,0,0,0.53,2025-12-17 22:41:40.349822
synthetic_student_2,1.6385679020320651,4,False,43.32,1,1,0.32,2026-01-14 22:41:40.349837
synthetic_student_2,1.2147367579292236,8,False,36.29,0,0,0.37,2026-01-08 22:41:40.349850
synthetic_student_3,0.8787584730000777,1,False,40.75,1,0,0.47,2025-12-03 22:41:40.349867
synthetic_student_3,0.37908407875518657,1,True,29.76,0,0,0.78,2025-12-16 22:41:40.349881
synthetic_student_3,0.3600804948344809,5,True,31.05,1,0,0.71,2025-11-15 22:41:40.349894
synthetic_student_3,-1.8068513817289902,4,True,31.49,0,0,0.72,2025-12-02 22:41:40.349907
synthetic_student_3,1.3971375656061271,1,False,32.29,0,0,0.52,2025-12-13 22:41:40.350021
synthetic_student_3,0.36891003726060445,4,False,39.76,1,0,0.46,2026-01-15 22:41:40.350041
synthetic_student_3,1.8179827725194349,10,True,36.27,0,0,0.85,2025-11-22 22:41:40.350055
synthetic_student_3,-0.20532468501062873,5,True,31.19,1,0,0.99,2025-11-14 22:41:40.350069
synthetic_student_3,1.9540815127784943,2,False,34.35,0,0,0.36,2026-01-01 22:41:40.350082
synthetic_student_3,1.0690270619987214,10,False,32.51,0,0,0.65,2025-12-05 22:41:40.350098
synthetic_student_3,-0.8952641955762326,6,False,29.4,1,0,0.35,2025-12-03 22:41:40.350112
synthetic_student_3,-0.039200657141232664,1,True,32.35,0,0,0.77,2026-01-01 22:41:40.350147
synthetic_student_3,-0.603981405511151,8,True,23.28,0,0,0.84,2025-11-22 22:41:40.350162
synthetic_student_3,0.46908260804401936,5,False,37.51,1,0,0.64,2025-12-15 22:41:40.350176
synthetic_student_3,1.488620323339536,4,False,26.96,1,0,0.66,2025-11-11 22:41:40.350190
synthetic_student_3,0.253523899581261,6,False,33.2,1,0,0.69,2025-12-31 22:41:40.350206
synthetic_student_3,-0.28060753479016753,9,True,25.3,0,0,0.82,2025-11-03 22:41:40.350220
synthetic_student_3,1.3162327792207118,4,False,38.66,0,0,0.67,2025-12-10 22:41:40.350235
synthetic_student_3,0.449183226030224,1,False,35.59,1,0,0.37,2025-10-21 22:41:40.350249
synthetic_student_3,-1.4149178916222227,1,True,29.36,0,0,0.76,2026-01-07 22:41:40.350263
synthetic_student_3,-1.548838327317255,3,True,30.57,0,0,0.99,2025-12-04 22:41:40.350277
synthetic_student_3,-0.8690532550191366,4,True,26.25,0,0,0.74,2025-12-07 22:41:40.350291
synthetic_student_3,-1.2017950588812862,8,False,25.18,1,0,0.33,2026-01-15 22:41:40.350304
synthetic_student_3,-0.7573795744970364,7,True,28.08,0,0,0.78,2025-10-30 22:41:40.350318
synthetic_student_3,0.17442818138385618,2,False,24.53,1,0,0.32,2026-01-06 22:41:40.350332
synthetic_student_3,-1.9837130600985473,8,True,22.17,0,1,0.86,2025-12-16 22:41:40.350347
synthetic_student_3,0.9108825993531484,2,True,37.19,1,0,0.99,2025-11-02 22:41:40.350361
synthetic_student_3,-1.8234204360318227,7,True,30.86,0,0,0.97,2025-10-26 22:41:40.350376
synthetic_student_3,-1.5042606943728827,3,True,28.33,0,0,0.86,2025-11-09 22:41:40.350392
synthetic_student_3,1.0453789663907211,6,False,39.49,2,0,0.4,2025-11-29 22:41:40.350414
synthetic_student_3,-1.8335439649490133,9,True,9.53,0,0,0.72,2026-01-01 22:41:40.350438
synthetic_student_3,0.8386900709588776,3,False,40.11,0,0,0.49,2025-12-11 22:41:40.350467
synthetic_student_3,1.907704335540724,2,True,36.83,0,0,0.79,2026-01-19 22:41:40.350480
synthetic_student_3,1.5585152955273602,8,False,39.95,0,0,0.57,2026-01-01 22:41:40.350495
synthetic_student_3,-1.5714467189606993,5,True,29.07,0,0,0.96,2025-11-15 22:41:40.350509
synthetic_student_3,-0.49329398468901253,7,False,25.9,0,0,0.45,2025-12-06 22:41:40.350524
synthetic_student_3,-0.6367902278856064,8,False,36.76,1,0,0.45,2025-12-16 22:41:40.350538
synthetic_student_3,0.38042994650770856,2,False,35.28,0,0,0.51,2025-11-17 22:41:40.350552
synthetic_student_3,0.27663614448774165,2,False,45.48,0,0,0.47,2026-01-14 22:41:40.350566
synthetic_student_3,0.25282691848549943,6,False,24.96,2,0,0.59,2025-12-17 22:41:40.350580
synthetic_student_3,1.2776456612065168,10,False,41.24,1,0,0.4,2026-01-12 22:41:40.350594
synthetic_student_3,-1.3221181836242155,3,True,26.57,1,0,0.87,2025-10-22 22:41:40.350608
synthetic_student_3,-0.19314807354038432,7,True,22.67,2,1,0.89,2025-11-17 22:41:40.350649
synthetic_student_3,-1.6880342529414967,2,True,26.87,0,0,0.76,2026-01-01 22:41:40.350674
synthetic_student_3,-0.5420266984482076,5,True,34.02,0,0,0.91,2025-12-18 22:41:40.350688
synthetic_student_3,-1.2091377811202353,2,False,28.57,0,0,0.52,2025-11-18 22:41:40.350702
synthetic_student_3,1.4290156053615797,3,False,24.93,2,0,0.62,2026-01-01 22:41:40.350718
synthetic_student_3,-0.4971579681549474,8,False,30.78,0,0,0.6,2025-10-27 22:41:40.350732
synthetic_student_3,1.902239217163336,2,False,29.28,0,0,0.33,2025-11-25 22:41:40.350746
synthetic_student_3,-0.31507838722008996,9,False,26.86,0,0,0.38,2025-12-28 22:41:40.350759
synthetic_student_3,1.2644769431982876,2,False,37.47,2,0,0.57,2025-11-10 22:41:40.350774
synthetic_student_3,1.9546893670300451,10,False,41.74,0,0,0.42,2026-01-15 22:41:40.350788
synthetic_student_3,0.3368547167702358,5,True,25.04,0,0,0.9,2025-10-26 22:41:40.350802
synthetic_student_3,0.3222413941547386,4,False,26.61,1,0,0.65,2025-11-05 22:41:40.350834
synthetic_student_3,1.721692678034536,5,False,36.84,0,0,0.57,2026-01-01 22:41:40.350850
synthetic_student_3,1.0794269397668854,7,False,36.51,0,0,0.42,2025-11-25 22:41:40.350875
synthetic_student_3,0.5577696167405266,10,True,34.2,2,0,0.85,2025-12-15 22:41:40.350893
synthetic_student_3,0.40916923772140557,6,False,32.17,0,0,0.31,2026-01-02 22:41:40.350909
synthetic_student_3,-0.8355395130637007,5,False,37.99,0,0,0.46,2025-12-04 22:41:40.350922
synthetic_student_3,1.2232495937254702,5,True,35.77,1,0,0.79,2025-12-20 22:41:40.350936
synthetic_student_3,0.2716084564823871,5,True,31.12,1,0,0.9,2025-10-29 22:41:40.350949
synthetic_student_3,0.3014510607220857,4,True,27.21,0,0,0.75,2026-01-14 22:41:40.350963
synthetic_student_3,0.41140654852720226,9,False,34.95,0,0,0.68,2026-01-15 22:41:40.350976
synthetic_student_3,0.8992719729717789,10,False,32.02,0,0,0.45,2025-12-23 22:41:40.350989
synthetic_student_3,-0.7972510149441061,8,True,31.85,0,0,0.91,2026-01-17 22:41:40.351003
synthetic_student_3,-0.783802953600437,9,True,28.57,1,0,0.74,2025-10-28 22:41:40.351016
synthetic_student_3,-1.069255648719925,7,True,30.49,0,0,0.98,2025-11-15 22:41:40.351033
synthetic_student_3,0.7378808756391404,2,True,33.33,1,0,0.81,2025-10-26 22:41:40.351054
synthetic_student_3,-0.07965691994523016,7,False,29.99,0,0,0.58,2026-01-08 22:41:40.351078
synthetic_student_3,0.4174897387700418,4,False,41.12,0,0,0.48,2025-10-21 22:41:40.351104
synthetic_student_3,1.0640930732686136,5,False,40.29,1,0,0.68,2025-12-06 22:41:40.351158
synthetic_student_3,0.8521215330181917,8,False,37.85,3,0,0.6,2025-12-03 22:41:40.351199
synthetic_student_3,1.332632380450693,2,False,40.6,0,0,0.4,2026-01-04 22:41:40.351223
synthetic_student_3,1.616599152211366,5,False,28.27,1,0,0.51,2025-11-14 22:41:40.351243
synthetic_student_3,0.49470820123425385,3,False,34.03,0,0,0.41,2025-12-16 22:41:40.351273
synthetic_student_3,0.15418707603403448,3,False,33.59,0,0,0.49,2025-12-05 22:41:40.351293
synthetic_student_3,-0.8921812812846786,2,False,25.76,0,0,0.51,2025-12-20 22:41:40.351308
synthetic_student_3,-1.3994040794683116,3,False,25.35,1,0,0.53,2025-11-02 22:41:40.351324
synthetic_student_3,-1.0266999833841002,10,False,30.79,1,0,0.42,2026-01-19 22:41:40.351338
synthetic_student_3,0.5869205355306244,6,False,38.44,0,0,0.4,2025-12-09 22:41:40.351351
synthetic_student_3,-0.6182720850517955,5,True,29.5,0,0,0.83,2026-01-05 22:41:40.351365
synthetic_student_3,-0.6768798167200512,10,True,27.01,0,0,0.82,2025-11-28 22:41:40.351378
synthetic_student_3,-1.7279535362048635,3,True,22.58,0,0,0.94,2026-01-09 22:41:40.351391
synthetic_student_3,0.931098317131609,5,False,28.64,0,0,0.47,2025-12-17 22:41:40.351405
synthetic_student_3,1.2995888370778874,7,True,38.73,0,0,0.82,2025-12-01 22:41:40.351418
synthetic_student_3,0.47836043512491955,7,False,27.32,0,0,0.68,2026-01-18 22:41:40.351431
synthetic_student_3,-1.984910891949268,8,True,24.03,0,0,0.74,2025-11-23 22:41:40.351444
synthetic_student_3,-0.40518605810898656,9,False,29.75,0,0,0.55,2025-12-25 22:41:40.351457
synthetic_student_3,-1.1983925096563013,7,False,22.88,1,0,0.39,2026-01-07 22:41:40.351470
synthetic_student_3,0.7221924334644472,4,False,36.56,1,0,0.46,2026-01-04 22:41:40.351483
synthetic_student_3,1.116799083106009,6,False,36.73,0,1,0.58,2025-12-29 22:41:40.351497
synthetic_student_3,-1.122988816614261,10,False,25.83,0,0,0.6,2025-12-26 22:41:40.351511
synthetic_student_3,-0.06740527097756965,10,True,43.89,0,0,0.85,2025-10-31 22:41:40.351525
synthetic_student_3,0.9758505722519231,6,True,41.67,1,0,0.91,2025-12-16 22:41:40.351541
synthetic_student_3,-0.5947926254260874,9,True,25.52,0,0,0.78,2025-12-05 22:41:40.351554
synthetic_student_3,-0.9270193885194677,2,False,19.98,1,0,0.3,2025-11-22 22:41:40.351567
synthetic_student_3,1.3002346230681878,4,False,38.04,1,0,0.55,2025-11-11 22:41:40.351581
synthetic_student_3,-0.1585191918488036,10,False,24.05,0,0,0.68,2026-01-03 22:41:40.351594
synthetic_student_3,-1.1709404035435287,8,True,39.59,0,0,0.74,2026-01-03 22:41:40.351608
synthetic_student_3,-1.4439499545658299,8,True,26.06,0,0,0.77,2025-12-27 22:41:40.351621
synthetic_student_4,1.1228261948249858,3,False,40.9,0,0,0.66,2025-12-30 22:41:40.351638
synthetic_student_4,0.44580347922319685,1,False,34.78,0,0,0.41,2025-11-29 22:41:40.351686
synthetic_student_4,1.8064097844714588,5,False,47.47,0,0,0.34,2025-11-24 22:41:40.351700
synthetic_student_4,-0.7331918523627547,9,False,37.32,2,0,0.41,2025-11-09 22:41:40.351714
synthetic_student_4,-0.08128274767172972,8,False,33.24,0,0,0.48,2026-01-03 22:41:40.351727
synthetic_student_4,0.8174614174530479,4,False,34.47,0,0,0.49,2026-01-17 22:41:40.351740
synthetic_student_4,0.2985183982626336,8,False,46.52,0,0,0.63,2026-01-09 22:41:40.351754
synthetic_student_4,-1.4954323609407703,4,False,29.39,0,0,0.31,2026-01-08 22:41:40.351768
synthetic_student_4,-0.26089771970723863,5,False,38.74,1,0,0.62,2025-11-11 22:41:40.351781
synthetic_student_4,0.49198390256320446,9,False,36.66,0,0,0.31,2025-12-31 22:41:40.351885
synthetic_student_4,0.8216738061725879,2,False,38.81,0,0,0.57,2025-12-09 22:41:40.351915
synthetic_student_4,-1.870000603274021,10,False,27.33,0,0,0.5,2025-11-08 22:41:40.351930
synthetic_student_4,-1.2423376629663,4,True,30.74,0,0,0.72,2025-12-12 22:41:40.351945
synthetic_student_4,-0.7136740786565117,10,False,30.07,1,0,0.46,2025-10-21 22:41:40.351962
synthetic_student_4,-0.22521370741295943,5,False,32.76,1,0,0.48,2025-12-02 22:41:40.351979
synthetic_student_4,1.3732568731303116,9,False,45.0,1,0,0.53,2025-12-11 22:41:40.352000
synthetic_student_4,0.9895555040131407,4,False,40.62,0,0,0.36,2025-12-23 22:41:40.352015
synthetic_student_4,1.4847642813874784,2,True,42.98,0,0,0.89,2025-10-29 22:41:40.352030
synthetic_student_4,-0.5822810134227638,4,False,32.58,1,0,0.47,2025-11-27 22:41:40.352046
synthetic_student_4,-0.40881300914605,4,False,35.21,0,0,0.54,2026-01-17 22:41:40.352060
synthetic_student_4,0.4614903990376922,9,False,30.79,1,0,0.4,2026-01-11 22:41:40.352074
synthetic_student_4,1.3795118624173446,6,False,39.49,2,0,0.64,2025-11-08 22:41:40.352087
synthetic_student_4,1.8240415213242183,7,False,44.57,0,0,0.38,2025-11-06 22:41:40.352101
synthetic_student_4,-1.7277346356139436,5,True,29.65,0,0,0.98,2026-01-17 22:41:40.352115
synthetic_student_4,0.5183074652823567,1,False,32.55,0,0,0.34,2025-12-27 22:41:40.352129
synthetic_student_4,-0.23710764181355204,4,False,28.63,2,0,0.59,2025-12-20 22:41:40.352145
synthetic_student_4,-1.8525477902587633,8,False,25.11,0,0,0.45,2025-10-21 22:41:40.352158
synthetic_student_4,1.5976219558034659,3,False,41.8,2,0,0.61,2025-12-09 22:41:40.352200
synthetic_student_4,-1.4697538455463852,10,False,36.67,0,0,0.35,2025-12-27 22:41:40.352215
synthetic_student_4,-1.57565082334646,7,True,26.31,1,0,0.87,2026-01-04 22:41:40.352229
synthetic_student_4,1.911510640092113,6,False,33.06,1,0,0.31,2025-12-01 22:41:40.352243
synthetic_student_4,1.8613442538908425,6,False,43.17,1,0,0.43,2025-10-25 22:41:40.352256
synthetic_student_4,0.09147830207235108,6,False,40.1,0,0,0.46,2025-12-05 22:41:40.352274
synthetic_student_4,0.07344071862909018,2,False,37.63,0,0,0.54,2026-01-08 22:41:40.352288
synthetic_student_4,1.7466174488253285,5,False,51.05,1,0,0.64,2025-10-31 22:41:40.352302
synthetic_student_4,0.8126758680456199,7,False,38.13,1,0,0.44,2025-11-08 22:41:40.352315
synthetic_student_4,0.1669630114571432,3,True,36.66,1,0,0.99,2025-11-25 22:41:40.352330
synthetic_student_4,-0.38604170267935745,8,False,46.81,1,0,0.52,2026-01-19 22:41:40.352343
synthetic_student_4,0.7443704626974834,1,False,39.41,3,0,0.51,2025-12-09 22:41:40.352357
synthetic_student_4,-1.2180641107846837,1,True,33.65,0,0,0.8,2025-12-31 22:41:40.352371
synthetic_student_4,-0.211399780858482,7,False,29.13,1,0,0.69,2025-11-20 22:41:40.352385
synthetic_student_4,0.8369056250975899,9,False,42.06,0,0,0.62,2025-12-09 22:41:40.352399
synthetic_student_4,-0.7589684617479522,3,False,37.93,0,0,0.48,2026-01-10 22:41:40.352415
synthetic_student_4,1.3595915788599071,9,False,43.04,0,0,0.63,2025-11-01 22:41:40.352429
synthetic_student_4,1.4930848350313548,1,False,43.88,1,0,0.57,2025-12-10 22:41:40.352444
synthetic_student_4,-1.2193335769335065,5,True,25.69,0,0,0.73,2025-10-30 22:41:40.352459
synthetic_student_4,1.5680653087867276,9,False,45.2,0,0,0.51,2025-11-02 22:41:40.352472
synthetic_student_4,1.4500404982874282,10,False,45.06,0,0,0.44,2025-12-11 22:41:40.352486
synthetic_student_4,-0.4052059632004106,5,False,30.18,0,0,0.32,2025-11-26 22:41:40.352499
synthetic_student_4,1.8549834828910017,4,False,36.78,1,0,0.56,2025-11-10 22:41:40.352513
synthetic_student_4,-1.2612670766906433,1,True,32.44,1,0,0.76,2026-01-02 22:41:40.352527
synthetic_student_4,-1.8666471527483992,8,False,31.86,0,0,0.34,2025-12-31 22:41:40.352541
synthetic_student_4,1.8494495262096313,8,False,45.99,2,0,0.42,2026-01-10 22:41:40.352557
synthetic_student_4,-1.968076833313492,6,False,36.68,0,0,0.35,2025-12-11 22:41:40.352571
synthetic_student_4,0.9872304801348775,3,False,38.36,1,0,0.47,2025-11-02 22:41:40.352585
synthetic_student_4,-1.9860156051319158,5,True,21.64,0,0,0.93,2025-11-02 22:41:40.352601
synthetic_student_4,0.7874989402015911,8,False,37.51,2,0,0.4,2025-11-24 22:41:40.352615
synthetic_student_4,-0.824510106721243,6,False,43.84,0,0,0.59,2026-01-16 22:41:40.352633
synthetic_student_4,0.6760818763223941,9,False,45.73,0,0,0.36,2025-12-24 22:41:40.352647
synthetic_student_4,-1.8718241400850388,3,True,20.92,0,0,0.77,2025-12-29 22:41:40.352661
synthetic_student_4,-0.2512498686628448,3,False,29.78,0,0,0.67,2026-01-02 22:41:40.352677
synthetic_student_4,0.3661849199332492,1,False,22.74,0,1,0.43,2025-12-21 22:41:40.352698
synthetic_student_4,1.1781271533839872,6,False,46.02,0,0,0.36,2025-12-26 22:41:40.352715
synthetic_student_4,1.5381192975649665,10,False,42.99,2,0,0.43,2025-12-24 22:41:40.352730
synthetic_student_4,1.2107483661417553,10,False,39.54,1,0,0.42,2025-11-04 22:41:40.352745
synthetic_student_4,-0.883181232893433,3,False,28.49,0,0,0.38,2025-12-09 22:41:40.352761
synthetic_student_4,-1.344863492814497,3,True,26.05,0,0,0.78,2026-01-13 22:41:40.352775
synthetic_student_4,-0.26845908408234775,6,False,39.08,0,0,0.44,2026-01-05 22:41:40.352788
synthetic_student_4,1.7829834092624477,10,False,41.57,1,0,0.37,2025-12-13 22:41:40.352802
synthetic_student_4,0.11924024972246938,2,False,31.72,0,0,0.36,2025-10-31 22:41:40.352817
synthetic_student_4,0.32834333336234467,4,False,45.13,1,1,0.34,2025-11-05 22:41:40.352832
synthetic_student_4,-1.652608017807542,5,True,26.03,0,0,0.82,2025-10-27 22:41:40.352851
synthetic_student_4,-0.01470775409408498,1,False,34.86,0,1,0.44,2025-11-27 22:41:40.352867
synthetic_student_4,0.1270702186014292,10,False,43.34,0,0,0.7,2025-11-21 22:41:40.352884
synthetic_student_4,0.39871629267384323,5,False,40.76,0,0,0.43,2025-11-25 22:41:40.352900
synthetic_student_4,0.9830517975909463,9,True,44.38,1,0,0.79,2026-01-07 22:41:40.352918
synthetic_student_4,-0.6902791482804078,9,True,30.4,0,0,0.87,2026-01-05 22:41:40.352933
synthetic_student_4,-1.114034474202108,8,True,34.64,0,0,0.71,2025-11-10 22:41:40.352947
synthetic_student_4,-0.20158424847783518,1,True,27.55,0,0,0.72,2025-12-07 22:41:40.352961
synthetic_student_4,0.2989828135641468,1,False,40.29,1,0,0.53,2025-12-07 22:41:40.352976
synthetic_student_4,0.6994939677546994,9,False,39.37,1,0,0.36,2025-11-25 22:41:40.352991
synthetic_student_4,1.8380867576362232,7,False,39.45,0,0,0.36,2025-12-27 22:41:40.353005
synthetic_student_4,1.2858412315674612,3,False,42.92,0,0,0.48,2025-12-22 22:41:40.353022
synthetic_student_4,-0.1745487493396345,4,False,32.62,0,0,0.51,2026-01-06 22:41:40.353036
synthetic_student_4,0.7541103963374138,8,False,33.86,1,0,0.38,2025-10-30 22:41:40.353051
synthetic_student_4,0.4634164356376096,8,True,43.04,0,0,0.76,2025-10-29 22:41:40.353065
synthetic_student_4,-0.13407318191723094,10,False,32.0,0,0,0.43,2026-01-08 22:41:40.353079
synthetic_student_4,-0.44099306010424577,4,False,30.45,0,0,0.68,2025-11-07 22:41:40.353093
synthetic_student_4,-0.8910596239018189,10,False,40.26,0,0,0.5,2026-01-16 22:41:40.353107
synthetic_student_4,-0.9075445170086192,10,True,34.2,0,0,0.87,2025-12-21 22:41:40.353121
synthetic_student_4,1.7839304069017214,7,False,44.21,0,0,0.55,2026-01-06 22:41:40.353136
synthetic_student_4,-1.9627171619811343,9,False,25.79,0,0,0.52,2025-12-10 22:41:40.353212
synthetic_student_4,0.28588799295665135,6,False,38.06,0,0,0.51,2025-11-29 22:41:40.353228
synthetic_student_4,-1.0616024529139323,9,False,28.04,0,0,0.33,2025-11-30 22:41:40.353242
synthetic_student_4,-0.5103478163465733,2,False,23.46,1,0,0.56,2025-10-30 22:41:40.353255
synthetic_student_4,0.3180747011376934,6,False,25.85,0,0,0.39,2026-01-19 22:41:40.353269
synthetic_student_4,0.41841827191656655,8,False,40.26,1,0,0.67,2026-01-04 22:41:40.353283
synthetic_student_4,-0.046529418280229606,9,False,35.9,0,0,0.54,2025-12-30 22:41:40.353296
synthetic_student_4,0.8710857027261771,1,False,37.51,2,0,0.32,2025-12-10 22:41:40.353312
synthetic_student_4,0.7057964893050608,10,True,44.08,0,0,0.75,2025-11-17 22:41:40.353328
synthetic_student_5,0.37674397539995974,2,False,35.99,1,0,0.58,2025-11-06 22:41:40.353344
synthetic_student_5,1.357354633011981,4,False,47.91,2,0,0.36,2025-11-13 22:41:40.353358
synthetic_student_5,-1.7971480244513054,1,True,24.49,0,0,0.79,2025-11-23 22:41:40.353379
synthetic_student_5,-1.9173420835335553,10,True,32.57,0,1,0.79,2025-11-01 22:41:40.353440
synthetic_student_5,1.6183027252373567,3,False,42.99,0,0,0.36,2025-11-02 22:41:40.353456
synthetic_student_5,-1.6143037772425162,6,True,36.97,0,0,0.8,2025-10-27 22:41:40.353470
synthetic_student_5,0.012400803484206246,3,False,27.4,0,0,0.57,2025-11-08 22:41:40.353484
synthetic_student_5,1.1567458607102084,8,False,35.94,0,0,0.37,2026-01-15 22:41:40.353498
synthetic_student_5,0.9302129981865375,5,False,40.91,2,0,0.41,2025-11-18 22:41:40.353513
synthetic_student_5,-0.8980526886314664,5,False,35.7,0,1,0.56,2025-10-27 22:41:40.353527
synthetic_student_5,-1.635802812512643,2,True,43.87,0,0,0.77,2026-01-01 22:41:40.353543
synthetic_student_5,1.0398812458823588,7,False,42.58,0,0,0.68,2025-12-30 22:41:40.353557
synthetic_student_5,0.9720154456556229,4,False,41.87,0,0,0.36,2025-12-15 22:41:40.353572
synthetic_student_5,1.1739418443446472,7,False,39.73,1,0,0.44,2026-01-09 22:41:40.353932
synthetic_student_5,-0.45126828450974843,10,True,37.92,0,0,0.97,2026-01-02 22:41:40.353960
synthetic_student_5,0.1934574984096762,5,False,35.81,0,0,0.55,2025-12-25 22:41:40.353974
synthetic_student_5,-0.6572629716013396,5,True,25.12,0,0,0.84,2025-10-27 22:41:40.353988
synthetic_student_5,-1.426011032495155,9,False,22.32,0,0,0.33,2025-12-22 22:41:40.354003
synthetic_student_5,1.1151441570958749,8,False,39.14,0,0,0.64,2025-12-06 22:41:40.354018
synthetic_student_5,-1.2829588770578089,5,True,33.83,0,0,0.71,2025-11-19 22:41:40.354032
synthetic_student_5,1.1640116589076137,9,False,38.55,0,0,0.63,2025-10-29 22:41:40.354046
synthetic_student_5,-0.9203806403999812,7,False,28.54,1,1,0.32,2025-12-17 22:41:40.354063
synthetic_student_5,0.027335228224674157,6,True,32.1,2,0,0.74,2025-11-22 22:41:40.354078
synthetic_student_5,1.037826533535401,9,False,45.22,0,0,0.58,2025-12-24 22:41:40.354093
synthetic_student_5,0.6406335975306678,3,False,31.02,0,0,0.62,2025-11-07 22:41:40.354108
synthetic_student_5,-0.37447029048794267,8,True,36.72,0,0,0.72,2025-10-30 22:41:40.354123
synthetic_student_5,1.1962254976345923,6,False,49.01,0,0,0.5,2025-11-27 22:41:40.354137
synthetic_student_5,1.6646530586974357,6,False,42.94,2,0,0.41,2025-11-02 22:41:40.354152
synthetic_student_5,0.03469541169048407,2,True,37.49,1,0,0.9,2025-10-21 22:41:40.354170
synthetic_student_5,-0.34830659045546675,3,False,31.0,1,0,0.56,2025-11-29 22:41:40.354186
synthetic_student_5,-0.9835212209400339,10,False,29.28,0,0,0.66,2026-01-08 22:41:40.354203
synthetic_student_5,-1.3631379050926231,4,False,42.71,0,0,0.69,2025-12-17 22:41:40.354217
synthetic_student_5,-1.1489337380682656,2,False,30.96,0,0,0.68,2025-12-21 22:41:40.354232
synthetic_student_5,0.27346356575179165,8,True,34.33,0,0,0.75,2025-11-29 22:41:40.354246
synthetic_student_5,-1.185932540588043,1,True,30.57,0,0,0.75,2025-11-13 22:41:40.354261
synthetic_student_5,-1.365208676063581,7,False,25.67,0,1,0.37,2025-12-21 22:41:40.354275
synthetic_student_5,-1.1664824384752537,3,False,27.28,0,0,0.33,2025-12-20 22:41:40.354289
synthetic_student_5,-1.7412519732435094,2,True,39.38,0,0,0.84,2025-11-24 22:41:40.354309
synthetic_student_5,-1.2000819516266912,7,False,36.35,0,0,0.67,2026-01-02 22:41:40.354324
synthetic_student_5,-1.3301065042062867,7,False,24.47,0,0,0.53,2025-12-12 22:41:40.354339
synthetic_student_5,-0.2571353188429879,8,False,35.01,0,0,0.63,2025-10-25 22:41:40.354353
synthetic_student_5,0.7225230849474773,5,False,34.05,1,0,0.67,2025-12-14 22:41:40.354369
synthetic_student_5,-1.7620559756776646,6,True,38.81,0,0,0.98,2025-11-28 22:41:40.354384
synthetic_student_5,-0.5489416184120404,8,False,29.97,0,0,0.68,2025-11-28 22:41:40.354398
synthetic_student_5,1.395794814150579,3,False,33.53,0,0,0.49,2025-12-08 22:41:40.354412
synthetic_student_5,-0.8805680198898242,1,True,33.85,1,0,0.93,2026-01-15 22:41:40.354427
synthetic_student_5,-1.4271596001057016,6,True,29.71,0,1,0.8,2025-12-29 22:41:40.354442
synthetic_student_5,-1.4377486839448888,8,False,33.72,0,0,0.47,2026-01-07 22:41:40.354457
synthetic_student_5,-0.7555855154303166,2,False,29.6,0,0,0.45,2025-10-28 22:41:40.354471
synthetic_student_5,0.34335071480688617,10,False,32.45,0,0,0.64,2026-01-06 22:41:40.354487
synthetic_student_5,1.5429316531484445,4,False,44.13,0,0,0.46,2025-12-14 22:41:40.354501
synthetic_student_5,-1.5316837845885751,10,True,41.68,0,0,0.89,2026-01-17 22:41:40.354516
synthetic_student_5,0.1733420714306182,6,False,30.48,0,1,0.62,2026-01-11 22:41:40.354530
synthetic_student_5,-1.4824259650270983,9,False,34.91,0,0,0.65,2025-12-18 22:41:40.354544
synthetic_student_5,-0.832660428216355,2,False,33.4,0,0,0.46,2025-11-01 22:41:40.354559
synthetic_student_5,-1.9867703666856609,3,False,32.77,0,0,0.66,2025-10-25 22:41:40.354574
synthetic_student_5,0.06897653685866167,7,False,31.33,0,0,0.32,2025-11-12 22:41:40.354589
synthetic_student_5,-1.4012217566985856,1,False,31.03,0,0,0.39,2025-12-31 22:41:40.354603
synthetic_student_5,-0.8116529547452851,4,False,30.73,0,0,0.65,2025-12-08 22:41:40.354619
synthetic_student_5,-1.187955466225341,3,False,34.73,0,0,0.65,2025-11-19 22:41:40.354634
synthetic_student_5,-0.08949770987058336,10,False,28.77,0,0,0.38,2025-11-04 22:41:40.354649
synthetic_student_5,0.1054263256623833,8,True,37.23,1,1,0.93,2025-12-14 22:41:40.354664
synthetic_student_5,-0.04143230808430687,2,False,45.18,0,0,0.5,2026-01-17 22:41:40.354680
synthetic_student_5,1.4554784869741049,7,False,32.3,1,0,0.59,2025-11-23 22:41:40.354702
synthetic_student_5,0.15885936878972462,10,True,46.23,0,1,0.89,2025-12-25 22:41:40.354722
synthetic_student_5,1.7633883006397304,6,False,48.9,1,0,0.62,2025-12-26 22:41:40.354737
synthetic_student_5,-1.7776369771955207,3,False,33.53,0,0,0.57,2025-12-11 22:41:40.354753
synthetic_student_5,0.24696599613914394,2,False,33.78,0,0,0.43,2025-12-28 22:41:40.354767
synthetic_student_5,0.4393792947878561,10,False,33.61,1,0,0.67,2025-12-19 22:41:40.354783
synthetic_student_5,-1.5994444642021497,1,True,27.98,0,0,0.74,2025-11-10 22:41:40.354800
synthetic_student_5,1.4339984246598196,9,False,40.0,0,0,0.64,2026-01-15 22:41:40.354816
synthetic_student_5,-0.5128427921584975,4,True,35.25,1,1,0.9,2025-12-30 22:41:40.354832
synthetic_student_5,1.5052347218135407,1,False,37.06,0,0,0.56,2025-10-27 22:41:40.354848
synthetic_student_5,-1.2890774641669922,3,False,29.81,0,0,0.55,2026-01-04 22:41:40.354863
synthetic_student_5,1.2935384894176587,8,False,42.28,1,0,0.62,2025-12-16 22:41:40.354878
synthetic_student_5,0.03859913986737906,10,False,41.67,0,0,0.56,2025-12-29 22:41:40.354893
synthetic_student_5,1.6357408855014004,4,False,44.8,0,0,0.4,2026-01-04 22:41:40.354909
synthetic_student_5,-1.6683658490832292,2,True,33.05,0,1,0.94,2025-11-22 22:41:40.354924
synthetic_student_5,0.29230243108808596,8,False,26.68,1,0,0.67,2025-11-11 22:41:40.354940
synthetic_student_5,-0.21227432948053737,7,False,38.52,1,0,0.59,2025-10-31 22:41:40.354954
synthetic_student_5,1.0126868875734951,2,False,37.37,0,0,0.69,2025-12-01 22:41:40.354970
synthetic_student_5,-0.1619058263442965,5,False,41.16,0,0,0.43,2025-11-05 22:41:40.354985
synthetic_student_5,-0.23234570978836944,9,False,29.94,0,0,0.52,2025-12-20 22:41:40.355000
synthetic_student_5,0.15979006955152997,10,False,34.14,1,0,0.55,2026-01-02 22:41:40.355017
synthetic_student_5,-0.674529993803453,9,True,29.38,0,0,0.81,2025-12-14 22:41:40.355033
synthetic_student_5,-0.5923594422552689,4,False,30.83,0,0,0.51,2025-12-21 22:41:40.355048
synthetic_student_5,-1.9425335755593234,6,True,27.55,0,1,0.96,2025-12-16 22:41:40.355064
synthetic_student_5,1.616828019957269,5,False,42.31,1,0,0.62,2026-01-17 22:41:40.355079
synthetic_student_5,1.6317438257769386,5,False,43.13,0,0,0.64,2025-12-13 22:41:40.355095
synthetic_student_5,-1.8303667621267858,6,True,34.67,0,1,0.87,2025-10-21 22:41:40.355111
synthetic_student_5,1.5342284025389183,2,False,38.84,0,0,0.65,2025-11-26 22:41:40.355127
synthetic_student_5,0.8460809467864165,8,False,36.2,1,0,0.41,2025-12-28 22:41:40.355143
synthetic_student_5,0.19574213257980544,9,False,42.46,2,1,0.31,2025-10-25 22:41:40.355159
synthetic_student_5,1.3296170939190737,1,False,36.75,0,0,0.39,2025-12-22 22:41:40.355176
synthetic_student_5,1.1650864469206605,1,False,35.16,0,0,0.65,2025-11-08 22:41:40.355192
synthetic_student_5,-1.92406825228929,7,True,31.25,0,0,0.99,2025-11-29 22:41:40.355208
synthetic_student_5,0.9078873510283474,3,False,31.0,0,0,0.4,2025-11-12 22:41:40.355224
synthetic_student_5,1.5978168577073766,8,False,40.76,1,0,0.56,2025-11-03 22:41:40.355240
synthetic_student_5,0.3913735880108353,3,False,34.04,1,0,0.65,2025-12-01 22:41:40.355256
synthetic_student_5,-1.9150386982250827,4,False,36.59,0,0,0.53,2025-12-28 22:41:40.355273
synthetic_student_6,-1.7353647347565433,2,True,14.23,1,0,0.88,2025-11-28 22:41:40.355290
synthetic_student_6,1.3540292704983075,9,True,27.6,0,0,0.86,2025-12-29 22:41:40.355308
synthetic_student_6,0.906894959598672,5,False,37.85,0,0,0.42,2025-12-08 22:41:40.355324
synthetic_student_6,1.6527270265980656,9,False,25.9,0,0,0.3,2025-12-29 22:41:40.355340
synthetic_student_6,1.2514584025582849,6,False,31.17,1,0,0.64,2025-10-22 22:41:40.355356
synthetic_student_6,-0.6124012299428419,1,True,19.62,0,0,0.93,2025-12-31 22:41:40.355372
synthetic_student_6,1.5700870838502081,10,True,25.31,0,0,0.8,2025-12-03 22:41:40.355388
synthetic_student_6,-0.9806657695881964,10,True,18.26,0,0,0.72,2025-11-26 22:41:40.355404
synthetic_student_6,1.249453218683402,7,True,22.35,1,0,0.84,2026-01-17 22:41:40.355421
synthetic_student_6,0.46879044327026165,1,False,25.35,0,0,0.63,2025-10-25 22:41:40.355437
synthetic_student_6,-0.5952173791644899,2,True,31.77,1,0,0.97,2025-11-24 22:41:40.355453
synthetic_student_6,1.4316102866084242,3,True,28.85,1,0,0.85,2025-10-28 22:41:40.355469
synthetic_student_6,0.2774335220138817,3,False,27.79,1,0,0.55,2025-11-29 22:41:40.355487
synthetic_student_6,-0.825685067960551,7,True,15.64,0,0,0.84,2026-01-15 22:41:40.355502
synthetic_student_6,-0.2787198480935027,5,True,25.48,0,0,0.97,2026-01-05 22:41:40.355518
synthetic_student_6,1.52859943062855,8,False,36.11,1,0,0.45,2025-11-06 22:41:40.355534
synthetic_student_6,1.9606438612021604,3,False,24.94,1,0,0.46,2025-12-19 22:41:40.355550
synthetic_student_6,-0.8729560218633088,9,False,15.93,0,0,0.64,2025-11-11 22:41:40.355566
synthetic_student_6,-1.3129840428036008,2,True,20.59,0,0,0.8,2025-12-04 22:41:40.355582
synthetic_student_6,-0.6524042510829924,4,False,19.96,1,0,0.57,2026-01-03 22:41:40.355598
synthetic_student_6,1.374522377047394,2,False,28.12,3,0,0.43,2025-11-24 22:41:40.355614
synthetic_student_6,0.37782985047057505,2,True,24.43,0,0,0.91,2025-12-29 22:41:40.355629
synthetic_student_6,1.0512857233465298,10,False,34.77,0,0,0.53,2025-12-16 22:41:40.355645
synthetic_student_6,-0.17045846269897735,8,False,23.57,0,0,0.59,2026-01-14 22:41:40.355660
synthetic_student_6,0.40170352941915244,2,False,27.85,0,0,0.54,2025-12-08 22:41:40.355677
synthetic_student_6,-1.8770277536044846,10,True,14.48,0,0,0.93,2025-10-31 22:41:40.355698
synthetic_student_6,-1.276248756008096,9,True,17.15,0,0,0.71,2025-12-29 22:41:40.355721
synthetic_student_6,-0.30345146860439876,8,True,14.17,0,0,0.89,2026-01-03 22:41:40.355740
synthetic_student_6,-0.05558042640152783,3,True,27.59,0,0,0.92,2025-10-27 22:41:40.355756
synthetic_student_6,1.914231240387534,2,True,34.56,2,0,0.8,2026-01-16 22:41:40.355773
synthetic_student_6,-1.1875964163204178,4,False,17.83,0,0,0.32,2026-01-08 22:41:40.355789
synthetic_student_6,1.7797550856397213,5,True,39.1,0,0,0.88,2025-12-02 22:41:40.355806
synthetic_student_6,-1.3644726697175353,3,True,14.98,0,0,0.79,2025-12-07 22:41:40.355823
synthetic_student_6,-0.7296856153214959,4,False,16.35,1,0,0.42,2025-12-12 22:41:40.355839
synthetic_student_6,0.34145180323441693,4,False,18.69,2,0,0.51,2025-10-26 22:41:40.355856
synthetic_student_6,-1.856116725988683,3,True,11.08,0,0,0.95,2025-12-25 22:41:40.355872
synthetic_student_6,0.13625813519464147,7,False,23.08,0,0,0.33,2026-01-16 22:41:40.355888
synthetic_student_6,-1.2732515154205406,9,True,16.67,0,0,0.95,2025-11-08 22:41:40.355905
synthetic_student_6,-1.8147759100301042,5,True,15.68,0,0,0.78,2025-11-25 22:41:40.355922
synthetic_student_6,-1.9953250598127994,5,True,18.95,0,0,0.74,2025-12-03 22:41:40.355938
synthetic_student_6,-0.34387183587058345,2,True,17.97,0,0,0.82,2026-01-19 22:41:40.355955
synthetic_student_6,-1.8185463315386574,7,True,31.9,0,0,0.76,2025-12-14 22:41:40.355972
synthetic_student_6,-0.15694545757494138,8,False,19.05,0,0,0.63,2025-12-01 22:41:40.355989
synthetic_student_6,-0.31102277783725185,5,True,14.32,0,0,0.88,2026-01-06 22:41:40.356006
synthetic_student_6,-1.449321638787087,1,True,22.57,0,0,0.94,2026-01-14 22:41:40.356023
synthetic_student_6,-0.4404880409055143,1,False,15.63,1,0,0.39,2025-11-07 22:41:40.356039
synthetic_student_6,-1.1592072733204808,5,True,18.33,0,0,0.81,2025-12-17 22:41:40.356056
synthetic_student_6,-1.035361828814557,5,True,23.2,1,0,0.89,2026-01-19 22:41:40.356074
synthetic_student_6,0.5211449404667978,2,True,21.53,0,0,0.87,2025-12-15 22:41:40.356091
synthetic_student_6,1.218521880849846,3,False,29.12,0,0,0.49,2025-12-15 22:41:40.356108
synthetic_student_6,-1.8775530323336596,2,True,13.15,0,0,0.9,2025-11-12 22:41:40.356124
synthetic_student_6,0.14941920356359129,5,True,25.76,0,1,0.71,2025-10-25 22:41:40.356141
synthetic_student_6,1.2614257679176735,2,True,35.83,1,0,0.88,2025-11-01 22:41:40.356157
synthetic_student_6,-0.9847926957312088,4,True,15.92,1,0,0.8,2025-12-13 22:41:40.356174
synthetic_student_6,-0.9551217643168868,3,True,14.54,0,0,0.86,2025-12-26 22:41:40.356190
synthetic_student_6,-1.366053905038231,5,True,14.89,1,0,0.89,2025-12-07 22:41:40.356207
synthetic_student_6,-1.1923779437892739,7,True,30.0,0,0,0.91,2025-12-08 22:41:40.356223
synthetic_student_6,-1.5886201313615897,9,False,13.35,0,0,0.33,2025-10-22 22:41:40.356241
synthetic_student_6,0.6584325103368864,5,True,19.14,0,0,0.83,2026-01-06 22:41:40.356258
synthetic_student_6,0.7324148521189353,10,False,31.99,0,0,0.44,2025-10-24 22:41:40.356275
synthetic_student_6,1.6953971311310339,8,True,32.71,1,0,0.96,2025-12-02 22:41:40.356292
synthetic_student_6,1.0784751325833937,10,False,24.76,1,0,0.54,2025-11-25 22:41:40.356309
synthetic_student_6,-0.7330605786712678,2,True,12.18,1,0,0.94,2025-10-30 22:41:40.356327
synthetic_student_6,0.6228643834641807,6,True,32.12,0,0,0.96,2025-11-24 22:41:40.356344
synthetic_student_6,-0.933840766087469,2,True,20.62,0,0,0.96,2025-12-27 22:41:40.356361
synthetic_student_6,0.4609777294510753,3,True,28.12,2,0,0.77,2025-12-09 22:41:40.356380
synthetic_student_6,1.7037353661878738,2,False,30.11,2,0,0.46,2025-12-29 22:41:40.356400
synthetic_student_6,0.8527172717096212,10,False,27.97,1,0,0.35,2025-12-02 22:41:40.356417
synthetic_student_6,-1.8440107915446102,8,True,18.14,0,1,0.77,2025-11-22 22:41:40.356436
synthetic_student_6,-0.5168732517511332,4,False,20.12,0,0,0.54,2025-10-27 22:41:40.356454
synthetic_student_6,-1.0554575051921313,9,False,17.43,0,0,0.64,2026-01-10 22:41:40.356471
synthetic_student_6,-0.5740227703588552,10,True,23.58,1,0,0.77,2025-11-18 22:41:40.356488
synthetic_student_6,-1.580095202715655,2,True,12.84,0,0,0.81,2025-11-14 22:41:40.356506
synthetic_student_6,0.6308842487281323,9,False,32.66,2,0,0.43,2025-10-27 22:41:40.356525
synthetic_student_6,-1.4036076592341837,8,False,25.52,0,0,0.56,2025-11-19 22:41:40.356543
synthetic_student_6,0.9454232633824815,8,False,33.84,0,0,0.66,2025-12-02 22:41:40.356561
synthetic_student_6,0.9724389468648567,7,True,34.66,0,0,0.84,2026-01-13 22:41:40.356578
synthetic_student_6,0.08655191115345362,9,True,27.93,0,0,0.85,2026-01-18 22:41:40.356596
synthetic_student_6,0.044018408332761716,5,False,22.41,0,0,0.44,2025-10-21 22:41:40.356613
synthetic_student_6,-0.46955418357658685,4,True,21.08,0,0,0.88,2025-12-03 22:41:40.357071
synthetic_student_6,0.4350458523470926,10,False,20.46,1,0,0.33,2025-12-03 22:41:40.357117
synthetic_student_6,0.2284861617147791,7,False,23.88,1,0,0.38,2025-12-01 22:41:40.357140
synthetic_student_6,0.11761696388899212,2,True,19.09,1,0,0.9,2025-11-02 22:41:40.357167
synthetic_student_6,0.5400333974580778,5,True,18.04,0,0,0.97,2025-10-30 22:41:40.357193
synthetic_student_6,-0.758155175487071,9,False,24.62,0,0,0.48,2025-11-08 22:41:40.357245
synthetic_student_6,-1.0953341677221937,8,False,23.88,0,0,0.68,2025-12-11 22:41:40.357272
synthetic_student_6,-0.18965556703256725,8,False,19.56,0,1,0.67,2025-12-08 22:41:40.357304
synthetic_student_6,0.7029829773683085,4,False,29.96,1,0,0.54,2025-12-01 22:41:40.357330
synthetic_student_6,1.6677676482059942,1,True,41.81,1,0,0.73,2025-11-05 22:41:40.357356
synthetic_student_6,-0.869100429046147,10,False,28.73,0,0,0.3,2025-12-29 22:41:40.357382
synthetic_student_6,-0.08945694045696362,9,True,21.04,1,1,0.92,2025-11-02 22:41:40.357407
synthetic_student_6,1.0101334256113867,7,True,28.58,0,0,1.0,2025-11-05 22:41:40.357434
synthetic_student_6,-1.8549769814501724,8,True,15.82,0,0,0.77,2025-12-09 22:41:40.357504
synthetic_student_6,1.8204895650984638,5,True,25.59,0,0,0.93,2026-01-14 22:41:40.357631
synthetic_student_6,1.3342666277618345,5,False,25.82,0,0,0.55,2026-01-05 22:41:40.357664
synthetic_student_6,-1.028296831704636,2,True,28.36,0,0,0.95,2025-11-20 22:41:40.357684
synthetic_student_6,1.3075131267137419,8,False,30.22,3,1,0.69,2025-11-06 22:41:40.357703
synthetic_student_6,-1.6910276294423712,8,False,19.97,0,0,0.68,2026-01-11 22:41:40.357755
synthetic_student_6,0.20503349387726688,4,True,18.1,1,0,0.7,2025-10-26 22:41:40.357785
synthetic_student_6,-1.299233108022312,4,False,15.56,1,0,0.6,2025-12-07 22:41:40.357805
synthetic_student_7,-0.06250994018195666,9,True,37.39,0,0,0.77,2026-01-07 22:41:40.357826
synthetic_student_7,-0.9787792753216227,6,True,20.31,0,0,0.83,2025-12-14 22:41:40.357843
synthetic_student_7,-0.7733192477999697,9,True,26.8,0,0,0.79,2025-12-24 22:41:40.357861
synthetic_student_7,-1.4338422371103539,2,True,32.15,0,0,0.82,2025-11-09 22:41:40.357879
synthetic_student_7,-1.3610919013261031,9,True,27.45,0,0,0.78,2025-12-31 22:41:40.357896
synthetic_student_7,-1.3074518652745537,8,True,23.12,0,0,0.91,2025-11-21 22:41:40.357916
synthetic_student_7,0.8835738440499394,10,False,31.65,0,0,0.52,2025-12-05 22:41:40.357934
synthetic_student_7,1.9899775230334278,7,False,41.26,0,0,0.44,2025-11-02 22:41:40.357951
synthetic_student_7,1.5315570889738144,5,False,28.79,2,0,0.45,2026-01-08 22:41:40.357969
synthetic_student_7,-0.35964981825190545,8,True,17.03,0,0,1.0,2026-01-03 22:41:40.357987
synthetic_student_7,0.19843663345843288,3,False,28.09,0,0,0.67,2025-11-29 22:41:40.358005
synthetic_student_7,-0.6341363416166454,7,True,33.69,0,0,0.92,2025-12-11 22:41:40.358026
synthetic_student_7,-0.9963373355189726,1,False,27.94,0,0,0.49,2025-11-15 22:41:40.358044
synthetic_student_7,0.4385730493376552,2,False,30.83,0,0,0.68,2026-01-05 22:41:40.358062
synthetic_student_7,-1.6983310562055687,10,False,18.97,0,0,0.37,2025-12-25 22:41:40.358080
synthetic_student_7,-0.1241787278425659,5,False,19.37,0,0,0.46,2026-01-09 22:41:40.358097
synthetic_student_7,-0.6054226150195801,9,True,23.5,0,0,0.74,2026-01-14 22:41:40.358114
synthetic_student_7,0.323466120697808,4,True,28.53,1,0,0.85,2026-01-04 22:41:40.358132
synthetic_student_7,-1.7573166062242298,2,True,17.39,0,0,0.84,2025-12-02 22:41:40.358149
synthetic_student_7,-0.08648507032044517,6,True,39.89,0,0,0.76,2025-11-11 22:41:40.358166
synthetic_student_7,0.08952898505405704,5,True,21.65,0,0,0.82,2025-12-27 22:41:40.358184
synthetic_student_7,1.9133738610271043,4,False,33.63,2,0,0.41,2025-12-28 22:41:40.358202
synthetic_student_7,0.23624505606934143,3,False,35.62,0,0,0.63,2025-10-24 22:41:40.358219
synthetic_student_7,-1.5732961887613648,7,True,20.96,0,0,0.82,2026-01-19 22:41:40.358236
synthetic_student_7,0.4255237819805333,4,True,39.84,2,0,0.8,2025-12-09 22:41:40.358255
synthetic_student_7,-1.6617552006809766,8,True,18.52,0,0,0.88,2025-12-26 22:41:40.358275
synthetic_student_7,-0.10933025806437024,6,False,33.26,2,0,0.65,2026-01-14 22:41:40.358293
synthetic_student_7,0.12359458928564138,2,False,35.02,2,0,0.5,2025-11-13 22:41:40.358311
synthetic_student_7,1.0217735826618979,6,False,33.0,0,0,0.38,2026-01-14 22:41:40.358331
synthetic_student_7,-0.3583938739954817,5,False,20.11,0,0,0.62,2025-11-01 22:41:40.358350
synthetic_student_7,-0.9685733726180428,6,True,19.68,0,0,0.84,2025-11-18 22:41:40.358368
synthetic_student_7,-1.860144679298442,5,True,19.45,0,0,0.7,2025-12-11 22:41:40.358386
synthetic_student_7,-0.4931914970225737,6,True,26.02,0,0,0.96,2026-01-07 22:41:40.358403
synthetic_student_7,-1.6223566921778083,5,True,26.77,0,0,0.97,2025-12-30 22:41:40.358420
synthetic_student_7,0.3009328886071376,3,False,22.4,1,0,0.65,2025-12-06 22:41:40.358438
synthetic_student_7,0.1342786506546143,5,False,28.4,1,0,0.42,2025-11-28 22:41:40.358455
synthetic_student_7,-0.2547976123556359,10,True,20.68,0,0,0.72,2025-12-27 22:41:40.358473
synthetic_student_7,-0.2326965350317467,10,False,31.43,0,0,0.49,2026-01-07 22:41:40.358490
synthetic_student_7,-1.6581783093996392,9,False,16.89,0,0,0.47,2025-11-11 22:41:40.358508
synthetic_student_7,1.844720070458079,9,False,39.49,2,0,0.69,2025-11-21 22:41:40.358526
synthetic_student_7,1.3750847729073703,3,False,28.37,2,0,0.57,2025-11-17 22:41:40.358544
synthetic_student_7,-1.3249421735303275,1,True,26.55,0,0,0.85,2025-12-02 22:41:40.358561
synthetic_student_7,-0.13733471247487428,4,False,22.92,0,0,0.42,2025-12-11 22:41:40.358579
synthetic_student_7,-0.3279337499889339,6,True,24.84,0,0,0.86,2026-01-02 22:41:40.358596
synthetic_student_7,0.8151487677757419,8,False,31.23,1,0,0.65,2026-01-06 22:41:40.358616
synthetic_student_7,-0.9153973785550669,3,True,29.22,0,0,0.98,2025-12-24 22:41:40.358633
synthetic_student_7,0.9199704676305376,4,False,34.39,0,0,0.32,2025-12-05 22:41:40.358650
synthetic_student_7,-0.22986627701486917,5,True,35.1,0,0,0.95,2025-11-26 22:41:40.358667
synthetic_student_7,-0.9235238688335978,8,True,26.52,0,0,0.78,2025-12-20 22:41:40.358684
synthetic_student_7,-1.4173985584844626,7,True,22.9,1,0,0.98,2025-11-18 22:41:40.358702
synthetic_student_7,-1.6075772665563872,6,True,24.13,0,0,0.81,2025-12-24 22:41:40.358719
synthetic_student_7,-1.0225576469532847,6,True,26.61,1,0,0.99,2025-12-07 22:41:40.358736
synthetic_student_7,-0.12615765697570636,8,False,20.17,0,0,0.52,2026-01-11 22:41:40.358752
synthetic_student_7,1.7666764193241846,6,True,43.02,3,0,0.82,2025-12-19 22:41:40.358772
synthetic_student_7,-0.047483171598655005,3,False,32.52,1,0,0.41,2025-11-04 22:41:40.358790
synthetic_student_7,-1.1645341911248575,7,False,22.87,0,0,0.68,2025-10-31 22:41:40.358807
synthetic_student_7,1.2244552857159374,3,False,23.79,0,0,0.36,2025-12-29 22:41:40.358824
synthetic_student_7,-1.535488069100658,6,False,22.14,0,0,0.46,2026-01-07 22:41:40.358841
synthetic_student_7,0.6178236956240721,8,True,32.46,1,0,0.86,2025-11-15 22:41:40.358858
synthetic_student_7,1.027603319446602,4,True,30.37,0,0,0.99,2025-10-21 22:41:40.358876
synthetic_student_7,-0.15049254951827828,4,True,22.91,1,0,0.86,2025-11-21 22:41:40.358893
synthetic_student_7,-1.7816901376341634,10,False,34.28,0,0,0.37,2025-11-22 22:41:40.358916
synthetic_student_7,1.1371921448923188,5,True,30.14,1,0,0.94,2025-11-14 22:41:40.358934
synthetic_student_7,0.5890984820978304,8,False,23.03,1,0,0.48,2025-12-02 22:41:40.358951
synthetic_student_7,-1.2979045407068681,6,True,26.16,0,0,0.92,2025-12-19 22:41:40.358971
synthetic_student_7,0.4892856943556114,10,False,26.56,2,0,0.44,2025-12-14 22:41:40.358989
synthetic_student_7,-1.159017395470677,3,True,20.06,0,0,0.83,2025-11-27 22:41:40.359006
synthetic_student_7,1.2893516403609353,8,False,33.48,2,0,0.34,2025-12-02 22:41:40.359024
synthetic_student_7,0.8570121175962315,3,True,26.86,1,0,1.0,2025-10-28 22:41:40.359042
synthetic_student_7,-1.34932358421614,5,True,34.98,0,0,0.9,2025-11-14 22:41:40.359059
synthetic_student_7,1.7715135456538138,7,False,40.32,3,0,0.38,2025-11-01 22:41:40.359077
synthetic_student_7,-0.5832188525452433,4,False,25.27,0,0,0.37,2025-11-16 22:41:40.359094
synthetic_student_7,-0.02605176313829194,4,True,35.23,1,0,0.87,2025-12-15 22:41:40.359110
synthetic_student_7,1.9600456155880663,6,False,46.03,1,0,0.67,2026-01-02 22:41:40.359142
synthetic_student_7,1.963023628959046,4,True,38.9,0,0,0.81,2025-12-14 22:41:40.359166
synthetic_student_7,0.5089265782345054,7,False,37.39,1,0,0.6,2026-01-11 22:41:40.359184
synthetic_student_7,0.012391400005799191,1,True,24.43,0,0,0.95,2026-01-03 22:41:40.359201
synthetic_student_7,-1.7382173492833815,9,True,12.08,0,0,0.97,2025-11-19 22:41:40.359220
synthetic_student_7,-0.8160182263986657,3,True,18.95,1,0,0.9,2025-12-11 22:41:40.359238
synthetic_student_7,1.504481235214751,4,False,33.48,1,0,0.56,2025-12-15 22:41:40.359256
synthetic_student_7,-1.551907778182326,3,True,25.47,0,0,0.96,2026-01-03 22:41:40.359275
synthetic_student_7,0.6369877094299765,4,True,33.11,0,0,0.75,2025-12-22 22:41:40.359293
synthetic_student_7,0.7369972961154891,4,False,30.63,0,0,0.38,2026-01-13 22:41:40.359313
synthetic_student_7,1.5956331502793293,9,False,27.27,0,0,0.55,2025-11-07 22:41:40.359334
synthetic_student_7,-0.20799286395857886,6,True,19.04,0,0,0.85,2025-11-26 22:41:40.359352
synthetic_student_7,1.5492826586340858,10,False,33.61,0,0,0.34,2025-11-29 22:41:40.359370
synthetic_student_7,-0.06676927784681164,9,True,34.09,1,0,0.93,2026-01-17 22:41:40.359389
synthetic_student_7,-0.09131392802990534,9,True,40.99,1,0,0.86,2025-12-02 22:41:40.359406
synthetic_student_7,1.998474875415392,7,False,34.38,2,0,0.43,2025-11-22 22:41:40.359424
synthetic_student_7,0.07924649652301419,5,False,30.72,0,0,0.51,2026-01-03 22:41:40.359442
synthetic_student_7,-1.426142236782352,10,True,22.82,0,0,0.83,2025-11-20 22:41:40.359460
synthetic_student_7,0.5760801917594103,10,False,28.15,1,0,0.43,2025-11-15 22:41:40.359478
synthetic_student_7,-0.5114405911296505,9,False,15.72,0,0,0.58,2025-12-05 22:41:40.359498
synthetic_student_7,0.26437383253539215,6,False,23.1,0,0,0.47,2026-01-11 22:41:40.359516
synthetic_student_7,1.7572398418851654,10,False,35.01,0,0,0.49,2025-11-21 22:41:40.359533
synthetic_student_7,-1.013594953657666,10,True,22.83,0,0,0.81,2025-12-11 22:41:40.359553
synthetic_student_7,-1.1080576205293604,5,True,23.7,0,0,0.85,2025-11-25 22:41:40.359572
synthetic_student_7,1.145348367476656,10,True,35.55,2,0,0.83,2025-11-12 22:41:40.359590
synthetic_student_7,1.545985523770697,7,False,41.7,2,0,0.46,2025-12-11 22:41:40.359609
synthetic_student_7,-1.207629734591166,6,True,20.08,0,0,0.99,2025-12-22 22:41:40.359627
synthetic_student_8,-1.6958293723890616,8,True,26.07,0,0,0.91,2026-01-16 22:41:40.359646
synthetic_student_8,0.965954651302515,3,False,37.85,1,0,0.62,2026-01-01 22:41:40.359665
synthetic_student_8,-1.4184864143217326,9,False,20.64,0,0,0.7,2025-12-29 22:41:40.359683
synthetic_student_8,1.3227834300403707,6,False,27.08,1,0,0.47,2025-12-14 22:41:40.359703
synthetic_student_8,0.23311354641445714,1,True,29.54,0,0,0.74,2025-11-06 22:41:40.359722
synthetic_student_8,-0.8456472733846256,7,False,34.48,0,0,0.36,2025-12-05 22:41:40.359740
synthetic_student_8,0.14782096187794824,9,False,28.86,0,0,0.46,2025-11-29 22:41:40.359758
synthetic_student_8,0.6392161171685702,10,False,33.68,0,0,0.38,2026-01-03 22:41:40.359776
synthetic_student_8,-0.22936547049703426,3,False,24.7,1,0,0.61,2025-11-06 22:41:40.359794
synthetic_student_8,-0.9406102044650417,5,True,33.52,0,0,0.98,2025-12-10 22:41:40.359814
synthetic_student_8,-0.30370865249358747,3,True,35.95,2,0,0.98,2025-12-04 22:41:40.359833
synthetic_student_8,1.8446517431600133,2,False,36.37,0,0,0.68,2025-12-02 22:41:40.359852
synthetic_student_8,-1.716508379821862,1,False,28.41,1,0,0.53,2025-12-08 22:41:40.359872
synthetic_student_8,-0.3452700680457399,9,False,35.84,1,1,0.62,2025-10-22 22:41:40.359892
synthetic_student_8,-0.7133702711906058,2,False,29.49,0,0,0.44,2025-11-24 22:41:40.359911
synthetic_student_8,0.5195429249585537,4,True,33.74,1,1,0.88,2025-11-15 22:41:40.359930
synthetic_student_8,-0.20394486172512405,9,False,29.42,0,0,0.55,2026-01-05 22:41:40.359952
synthetic_student_8,-0.48431868331702166,6,False,26.87,2,0,0.37,2025-11-07 22:41:40.359972
synthetic_student_8,-0.4454869486083126,8,True,31.7,0,0,0.76,2025-11-14 22:41:40.359994
synthetic_student_8,0.2671465696883768,9,False,38.32,0,0,0.34,2026-01-14 22:41:40.360386
synthetic_student_8,0.3514863749843524,8,False,27.3,1,0,0.59,2025-10-30 22:41:40.360409
synthetic_student_8,0.393109623861545,5,True,31.44,0,0,0.94,2026-01-18 22:41:40.360429
synthetic_student_8,-0.4409499419771641,7,False,31.46,0,0,0.3,2025-12-27 22:41:40.360453
synthetic_student_8,1.6127286979545437,10,True,37.38,1,0,0.9,2025-11-17 22:41:40.360473
synthetic_student_8,1.765247957876618,9,False,33.86,1,0,0.32,2025-12-23 22:41:40.360492
synthetic_student_8,1.1076999700417067,3,False,41.81,2,0,0.35,2026-01-02 22:41:40.360512
synthetic_student_8,-0.5558937840580982,3,False,24.49,1,0,0.56,2026-01-14 22:41:40.360531
synthetic_student_8,-1.2144731504204058,10,True,28.15,0,1,0.84,2026-01-08 22:41:40.360550
synthetic_student_8,-0.6680464503076138,10,False,28.47,0,1,0.36,2026-01-17 22:41:40.360569
synthetic_student_8,0.8922405741266495,6,False,30.77,0,0,0.31,2025-10-29 22:41:40.360588
synthetic_student_8,1.7513909519144408,9,True,34.02,0,0,0.98,2025-11-30 22:41:40.360607
synthetic_student_8,1.9091251951816757,2,False,39.73,1,0,0.42,2025-10-26 22:41:40.360626
synthetic_student_8,1.183634129002097,7,True,34.76,2,0,0.86,2026-01-13 22:41:40.360645
synthetic_student_8,-1.1249876869803788,8,True,21.0,0,0,0.93,2026-01-19 22:41:40.360665
synthetic_student_8,1.484485792509172,5,False,41.02,1,0,0.62,2025-11-21 22:41:40.360685
synthetic_student_8,1.8882682121879015,5,True,34.81,2,0,0.84,2025-11-11 22:41:40.360706
synthetic_student_8,1.231971274051031,10,False,38.13,0,1,0.52,2025-12-29 22:41:40.360726
synthetic_student_8,-1.3627005726590844,1,True,28.87,1,0,0.78,2025-11-28 22:41:40.360747
synthetic_student_8,-1.3588593033200147,1,True,29.65,1,1,0.73,2025-10-22 22:41:40.360769
synthetic_student_8,-0.4738215977670306,9,True,31.36,0,1,0.89,2025-11-16 22:41:40.360789
synthetic_student_8,-1.699138944429273,9,True,22.99,0,0,0.87,2025-12-10 22:41:40.360810
synthetic_student_8,0.7610953518740815,10,True,35.62,0,0,0.73,2025-12-15 22:41:40.360830
synthetic_student_8,0.5568504312551736,7,False,34.46,1,0,0.35,2026-01-02 22:41:40.360854
synthetic_student_8,-1.4278635200770982,3,False,31.35,0,0,0.57,2025-11-04 22:41:40.360875
synthetic_student_8,-1.7424536037324736,7,True,26.97,0,0,0.86,2026-01-04 22:41:40.360896
synthetic_student_8,-1.2324811914886298,7,True,23.24,0,0,0.73,2026-01-11 22:41:40.360916
synthetic_student_8,1.1030411099596575,4,True,26.4,0,0,0.71,2025-12-15 22:41:40.360936
synthetic_student_8,-0.6151380641148361,5,True,42.02,0,0,0.71,2026-01-15 22:41:40.360957
synthetic_student_8,-0.26880290112920013,3,False,16.94,0,0,0.39,2026-01-17 22:41:40.360978
synthetic_student_8,-1.4711463344279858,8,False,28.36,0,0,0.48,2025-10-21 22:41:40.360998
synthetic_student_8,-0.6852544821345208,9,False,23.09,1,1,0.45,2025-12-01 22:41:40.361019
synthetic_student_8,1.5086581379049164,9,False,32.07,0,0,0.46,2026-01-04 22:41:40.361039
synthetic_student_8,-1.8737762182123783,3,False,14.81,0,0,0.56,2025-11-10 22:41:40.361059
synthetic_student_8,1.1456825192738553,5,False,31.92,0,0,0.63,2025-12-07 22:41:40.361080
synthetic_student_8,1.0755860861773434,1,False,22.02,1,0,0.53,2026-01-11 22:41:40.361101
synthetic_student_8,0.38202207119893306,3,False,37.91,0,0,0.46,2025-10-24 22:41:40.361122
synthetic_student_8,-0.9767881133021805,4,True,26.08,0,0,0.83,2025-12-13 22:41:40.361166
synthetic_student_8,1.427335725020106,3,False,29.29,1,0,0.32,2025-11-11 22:41:40.361188
synthetic_student_8,-1.1115564652475274,9,True,22.93,0,0,0.96,2026-01-10 22:41:40.361209
synthetic_student_8,1.5750830979476271,6,False,33.15,2,1,0.45,2025-11-01 22:41:40.361229
synthetic_student_8,1.9897353181171078,9,False,39.05,2,0,0.68,2025-11-19 22:41:40.361251
synthetic_student_8,-1.683797295262183,10,True,22.67,0,0,0.84,2025-12-09 22:41:40.361278
synthetic_student_8,-0.21739477551898112,8,True,31.88,1,0,0.88,2025-11-29 22:41:40.361300
synthetic_student_8,0.7582913585084858,2,False,26.62,1,0,0.39,2026-01-15 22:41:40.361322
synthetic_student_8,-1.5868930507211756,10,True,26.89,0,0,0.81,2025-11-22 22:41:40.361344
synthetic_student_8,-0.3381509544852128,10,True,24.34,1,0,0.77,2025-11-12 22:41:40.361366
synthetic_student_8,-1.8624294750857726,1,True,21.69,0,0,0.93,2026-01-19 22:41:40.361387
synthetic_student_8,1.8086601823176673,3,False,33.81,0,0,0.59,2025-11-26 22:41:40.361409
synthetic_student_8,-1.4079654052555544,2,False,23.31,0,0,0.3,2026-01-13 22:41:40.361435
synthetic_student_8,-0.9016974380103093,5,True,38.16,0,1,0.72,2025-11-19 22:41:40.361457
synthetic_student_8,-1.4555881799444546,2,True,31.95,0,0,0.71,2025-12-02 22:41:40.361479
synthetic_student_8,0.3781035657949996,1,False,35.74,0,1,0.37,2026-01-08 22:41:40.361501
synthetic_student_8,1.2972894088616935,1,False,36.18,1,1,0.6,2025-12-16 22:41:40.361523
synthetic_student_8,-0.7534395330612731,7,True,26.06,1,0,0.92,2025-11-01 22:41:40.361545
synthetic_student_8,0.2025290680192331,9,False,28.47,1,0,0.45,2025-11-24 22:41:40.361566
synthetic_student_8,-0.46252201656812897,1,True,31.38,1,0,0.81,2025-10-27 22:41:40.361588
synthetic_student_8,-0.9249941410476672,3,False,34.29,0,0,0.67,2026-01-04 22:41:40.361611
synthetic_student_8,1.8929087297233438,3,False,31.93,0,0,0.62,2025-10-28 22:41:40.361633
synthetic_student_8,1.7103546539193482,8,False,27.8,1,0,0.45,2025-11-15 22:41:40.361655
synthetic_student_8,-0.33940274222730915,10,True,24.35,0,1,0.97,2025-11-13 22:41:40.361677
synthetic_student_8,1.748860404893485,9,False,43.9,1,0,0.51,2025-11-05 22:41:40.361699
synthetic_student_8,1.672809511479116,2,False,32.38,0,0,0.47,2025-12-30 22:41:40.361726
synthetic_student_8,1.844650390186077,3,False,35.84,1,0,0.61,2026-01-06 22:41:40.361748
synthetic_student_8,-0.5060497696693527,9,True,36.26,1,0,0.97,2026-01-15 22:41:40.361770
synthetic_student_8,0.49478457242690865,9,False,27.52,0,0,0.46,2025-12-23 22:41:40.361792
synthetic_student_8,-0.33067629229821227,6,True,32.11,0,0,0.7,2025-12-25 22:41:40.361814
synthetic_student_8,0.29465043993706885,3,True,23.88,1,0,0.91,2025-12-16 22:41:40.361836
synthetic_student_8,-1.2906913165538594,4,False,24.24,1,0,0.45,2025-12-04 22:41:40.361858
synthetic_student_8,-0.11753442397807534,8,False,34.85,0,0,0.39,2025-12-17 22:41:40.361879
synthetic_student_8,-0.6496524546963496,5,True,24.58,0,0,0.81,2025-11-03 22:41:40.361901
synthetic_student_8,1.1720795412348766,9,False,39.49,0,0,0.45,2025-10-31 22:41:40.361923
synthetic_student_8,1.7610587442084533,9,False,32.83,0,0,0.46,2025-11-22 22:41:40.361944
synthetic_student_8,-0.7958402080179794,2,True,39.44,0,0,0.95,2025-12-31 22:41:40.361966
synthetic_student_8,0.8832750884762537,9,False,39.35,0,0,0.37,2025-11-29 22:41:40.361988
synthetic_student_8,-0.014507618544482792,2,True,28.76,1,0,0.71,2026-01-03 22:41:40.362010
synthetic_student_8,0.44800850093338873,7,False,34.61,0,0,0.58,2025-11-30 22:41:40.362031
synthetic_student_8,0.7605016080271292,6,True,33.75,0,0,0.72,2025-12-23 22:41:40.362054
synthetic_student_8,-0.019971529093407714,9,False,41.68,0,0,0.65,2025-11-14 22:41:40.362076
synthetic_student_8,0.36309165972678903,3,True,30.86,1,0,0.72,2026-01-07 22:41:40.362097
synthetic_student_8,1.883609979265699,2,False,30.8,0,1,0.66,2025-11-29 22:41:40.362119
synthetic_student_9,1.7527443747250326,4,False,33.93,0,0,0.61,2025-10-25 22:41:40.362145
synthetic_student_9,-0.22587212562096015,9,True,27.81,0,0,0.8,2025-11-30 22:41:40.362167
synthetic_student_9,0.821468516586056,1,False,27.39,1,0,0.44,2025-10-25 22:41:40.362189
synthetic_student_9,1.1840533245652467,8,True,34.41,0,0,0.83,2025-12-23 22:41:40.362211
synthetic_student_9,-0.7026081020635355,10,False,33.09,1,0,0.39,2025-11-01 22:41:40.362233
synthetic_student_9,1.7738326777799704,6,False,21.52,0,0,0.56,2025-12-26 22:41:40.362255
synthetic_student_9,1.2416270986733755,5,False,21.89,2,1,0.33,2025-12-09 22:41:40.362278
synthetic_student_9,1.4953555043254148,7,False,29.65,3,0,0.62,2025-11-19 22:41:40.362301
synthetic_student_9,-1.8226386826489502,10,True,24.97,0,0,0.76,2025-12-20 22:41:40.362323
synthetic_student_9,1.431730021337565,1,False,32.54,1,0,0.53,2025-11-17 22:41:40.362345
synthetic_student_9,-1.9284088375280368,9,True,15.6,0,1,0.92,2025-11-08 22:41:40.362366
synthetic_student_9,0.990953855336163,9,False,30.7,1,0,0.67,2025-10-23 22:41:40.362389
synthetic_student_9,-1.2312275167834432,9,False,17.31,0,0,0.56,2025-10-22 22:41:40.362410
synthetic_student_9,-0.0013714200759915585,10,True,32.52,0,0,0.82,2025-10-23 22:41:40.362433
synthetic_student_9,1.2929180055857858,1,False,38.44,2,0,0.5,2025-11-10 22:41:40.362455
synthetic_student_9,1.7469217893046416,10,False,30.79,0,0,0.38,2025-11-18 22:41:40.362479
synthetic_student_9,-1.1630545167520827,10,True,20.35,0,0,0.87,2025-11-14 22:41:40.362503
synthetic_student_9,0.5299436491138461,4,False,30.62,1,0,0.66,2025-11-01 22:41:40.362526
synthetic_student_9,-1.1875423681569646,4,True,15.33,1,0,0.98,2025-12-14 22:41:40.362550
synthetic_student_9,-0.9052273520827709,5,True,17.9,1,0,0.91,2025-11-20 22:41:40.362573
synthetic_student_9,-0.09089501103223041,2,False,30.95,1,0,0.38,2025-12-14 22:41:40.362602
synthetic_student_9,1.270135232186576,2,True,22.43,0,0,0.82,2025-10-31 22:41:40.362625
synthetic_student_9,1.6304968691740545,9,False,32.29,0,0,0.62,2025-12-25 22:41:40.362648
synthetic_student_9,-1.9247212044129536,6,True,15.59,0,0,0.99,2026-01-13 22:41:40.362674
synthetic_student_9,-0.6686152692407541,4,True,25.78,3,0,0.81,2025-12-23 22:41:40.362699
synthetic_student_9,0.619938585405893,3,True,22.79,0,1,0.95,2025-10-30 22:41:40.362723
synthetic_student_9,-1.7388347656557968,10,False,26.84,0,0,0.56,2025-10-30 22:41:40.362747
synthetic_student_9,-1.3549135960661833,2,True,28.98,0,0,0.8,2025-10-30 22:41:40.362771
synthetic_student_9,-0.9003606586546624,10,False,14.88,0,0,0.69,2025-12-04 22:41:40.362795
synthetic_student_9,-0.24200640874291945,5,True,20.11,1,0,0.88,2025-12-11 22:41:40.362819
synthetic_student_9,1.3894040575325715,3,False,35.34,0,0,0.41,2026-01-17 22:41:40.362842
synthetic_student_9,-0.37244085690341766,5,False,34.45,0,0,0.5,2025-12-18 22:41:40.362866
synthetic_student_9,0.05388663491921797,3,False,31.76,1,0,0.5,2025-12-29 22:41:40.362889
synthetic_student_9,-1.332824304600456,3,True,22.05,0,0,1.0,2025-11-18 22:41:40.362913
synthetic_student_9,0.8988467758358833,10,True,31.49,2,0,0.72,2025-11-28 22:41:40.362937
synthetic_student_9,-1.2847311367955454,5,False,19.9,0,0,0.66,2025-11-19 22:41:40.362961
synthetic_student_9,-0.9992932800380179,9,False,32.8,0,0,0.38,2025-12-14 22:41:40.362985
synthetic_student_9,1.945325622288876,1,False,36.55,0,0,0.38,2025-12-28 22:41:40.363010
synthetic_student_9,-1.9007844707887176,6,True,11.03,0,0,0.77,2026-01-19 22:41:40.363033
synthetic_student_9,-0.17353770025760884,2,True,26.02,0,0,0.94,2025-11-06 22:41:40.363060
synthetic_student_9,0.19347515052842557,10,False,22.79,0,0,0.63,2025-12-20 22:41:40.363085
synthetic_student_9,-1.8304501432014213,4,True,23.02,0,0,0.93,2025-11-06 22:41:40.363109
synthetic_student_9,-1.8591925374238225,2,True,21.38,0,0,0.95,2025-11-04 22:41:40.363132
synthetic_student_9,-0.6437349297588173,2,True,31.57,0,0,0.97,2025-12-12 22:41:40.363172
synthetic_student_9,1.3297886986392817,3,True,20.81,1,0,0.82,2025-10-24 22:41:40.363198
synthetic_student_9,-1.6915643819809736,8,False,19.91,0,1,0.59,2026-01-19 22:41:40.363222
synthetic_student_9,-0.10234508304825196,1,False,24.22,0,0,0.33,2026-01-01 22:41:40.363247
synthetic_student_9,-0.2002953656440245,8,True,33.75,1,0,0.92,2025-12-11 22:41:40.363271
synthetic_student_9,-1.3391508745992962,2,True,26.85,1,0,0.97,2025-10-29 22:41:40.363294
synthetic_student_9,-1.0589082413016815,9,True,18.23,1,0,0.9,2025-11-06 22:41:40.363318
synthetic_student_9,-0.3365904643222133,9,True,23.94,0,0,0.99,2026-01-06 22:41:40.363341
synthetic_student_9,-1.0196832986109383,2,True,12.17,1,0,0.9,2025-11-18 22:41:40.363366
synthetic_student_9,-0.8347271573094237,3,True,23.05,0,0,0.81,2025-11-09 22:41:40.363392
synthetic_student_9,0.8318806596680477,9,False,18.53,0,0,0.66,2025-12-28 22:41:40.363418
synthetic_student_9,0.5952496282145883,1,True,27.55,1,0,0.92,2025-12-20 22:41:40.363442
synthetic_student_9,1.9561215693092753,6,False,31.85,1,0,0.46,2025-11-19 22:41:40.363465
synthetic_student_9,-1.7935844829336047,4,False,24.47,0,0,0.55,2025-12-25 22:41:40.363489
synthetic_student_9,-1.6333196589611658,10,True,16.43,0,0,0.91,2025-11-01 22:41:40.363514
synthetic_student_9,0.21936782387097242,6,True,24.5,0,0,0.76,2025-12-16 22:41:40.363538
synthetic_student_9,-0.5505318725293016,8,True,17.21,1,0,0.98,2025-11-28 22:41:40.363564
synthetic_student_9,-0.7939776419188846,9,False,27.86,1,0,0.41,2025-12-17 22:41:40.363590
synthetic_student_9,1.191587114995658,1,False,36.97,0,0,0.33,2025-11-07 22:41:40.363613
synthetic_student_9,0.2985539284873604,8,True,22.16,1,0,0.77,2025-10-30 22:41:40.363638
synthetic_student_9,0.6504163354309171,7,False,29.8,0,0,0.37,2025-12-19 22:41:40.363663
synthetic_student_9,-1.4859422833935758,2,True,25.2,0,0,0.86,2025-11-26 22:41:40.364183
synthetic_student_9,-1.926211803106213,4,True,17.26,0,0,0.92,2025-11-15 22:41:40.364420
synthetic_student_9,0.9053619562955602,1,False,24.78,0,0,0.4,2025-11-13 22:41:40.364458
synthetic_student_9,-1.3069406484209032,7,True,21.05,0,1,0.95,2025-11-07 22:41:40.364565
synthetic_student_9,1.9507134934846224,6,False,26.85,1,0,0.44,2025-11-07 22:41:40.364612
synthetic_student_9,-1.7858328552557907,5,False,8.72,0,0,0.36,2025-12-04 22:41:40.364643
synthetic_student_9,-0.02933520747973173,9,False,30.76,0,0,0.43,2026-01-01 22:41:40.364669
synthetic_student_9,1.4485403726195059,10,False,34.14,1,0,0.66,2025-11-25 22:41:40.364694
synthetic_student_9,-0.34297130041143786,9,False,31.45,0,0,0.55,2025-12-23 22:41:40.364718
synthetic_student_9,0.9286534365334052,3,True,31.79,1,0,0.97,2025-11-24 22:41:40.364749
synthetic_student_9,0.5526066231012448,2,True,30.51,0,0,0.79,2025-11-11 22:41:40.364774
synthetic_student_9,1.8682314205941544,8,False,27.18,3,0,0.57,2025-12-05 22:41:40.364799
synthetic_student_9,1.2051194425210499,7,False,35.15,0,0,0.46,2025-12-22 22:41:40.364823
synthetic_student_9,-1.211770975716583,9,True,23.48,0,0,0.92,2025-12-27 22:41:40.364848
synthetic_student_9,-1.792485014499138,5,False,20.55,0,0,0.61,2025-10-31 22:41:40.364875
synthetic_student_9,-1.5594751611594724,3,True,20.68,0,0,0.81,2026-01-05 22:41:40.364899
synthetic_student_9,0.4835465949871276,9,True,34.34,0,0,0.91,2025-10-22 22:41:40.364922
synthetic_student_9,1.3312210088914198,7,False,24.88,0,0,0.31,2025-11-25 22:41:40.364947
synthetic_student_9,0.7600610505467644,1,True,34.01,0,1,0.85,2025-10-23 22:41:40.364972
synthetic_student_9,-0.5577106914880967,6,True,19.25,1,0,0.97,2025-11-22 22:41:40.365000
synthetic_student_9,0.35548520513680915,4,False,28.52,1,0,0.52,2025-12-02 22:41:40.365025
synthetic_student_9,1.0230052093372008,2,False,20.41,1,0,0.42,2025-11-25 22:41:40.365050
synthetic_student_9,0.03725371964343527,5,False,33.41,0,0,0.66,2025-12-23 22:41:40.365074
synthetic_student_9,0.07835716074577448,6,True,33.01,0,0,0.93,2025-12-09 22:41:40.365098
synthetic_student_9,1.9369419896109807,3,False,28.29,2,0,0.4,2026-01-14 22:41:40.365123
synthetic_student_9,-1.0652950401173684,8,True,27.6,0,0,0.78,2026-01-04 22:41:40.365166
synthetic_student_9,-1.535973159573719,1,True,17.39,0,0,0.74,2025-12-14 22:41:40.365201
synthetic_student_9,0.11212964641694922,4,False,21.63,0,0,0.52,2025-11-22 22:41:40.365227
synthetic_student_9,0.9678966688994155,4,False,27.98,1,0,0.64,2025-11-30 22:41:40.365252
synthetic_student_9,0.7549772264530543,3,True,24.06,0,0,0.84,2025-11-28 22:41:40.365278
synthetic_student_9,0.9883042611411561,7,False,28.57,0,0,0.52,2025-10-23 22:41:40.365304
synthetic_student_9,1.4436518513325485,10,False,29.27,0,1,0.51,2026-01-05 22:41:40.365330
synthetic_student_9,-0.3195560012644685,8,True,25.87,0,0,0.83,2025-12-03 22:41:40.365355
synthetic_student_9,0.6413742762512529,5,False,37.11,1,0,0.52,2025-11-19 22:41:40.365382
synthetic_student_9,-0.5109316430366744,7,True,22.46,1,0,0.78,2025-11-18 22:41:40.365413
synthetic_student_9,1.665071218847821,3,False,33.75,1,0,0.51,2025-12-31 22:41:40.365441
synthetic_student_10,-0.8260391831870151,2,True,23.02,0,0,0.85,2026-01-01 22:41:40.365470
synthetic_student_10,-1.3718812530426558,3,True,25.89,0,1,0.89,2025-11-28 22:41:40.365494
synthetic_student_10,-0.14957612922648345,6,True,29.04,0,1,0.93,2025-12-06 22:41:40.365519
synthetic_student_10,1.0605545059177315,9,False,31.25,1,0,0.54,2025-10-23 22:41:40.365559
synthetic_student_10,-1.2280816124840999,9,True,24.59,0,0,0.74,2025-12-02 22:41:40.365582
synthetic_student_10,1.9365262828038041,9,False,39.78,0,0,0.52,2026-01-12 22:41:40.365607
synthetic_student_10,-0.6445540940898034,8,True,32.47,2,0,0.96,2025-12-01 22:41:40.365631
synthetic_student_10,0.5925607004721991,9,True,27.42,1,0,0.98,2025-12-06 22:41:40.365654
synthetic_student_10,0.5224701209136278,10,True,29.71,4,0,0.75,2026-01-10 22:41:40.365681
synthetic_student_10,1.9701504650180306,8,True,34.43,1,0,0.81,2025-10-31 22:41:40.365709
synthetic_student_10,-0.5005875630544754,1,False,23.91,1,0,0.69,2025-10-22 22:41:40.365734
synthetic_student_10,-1.5089053297615092,5,False,30.17,0,0,0.57,2025-11-29 22:41:40.365759
synthetic_student_10,0.7250050114954676,7,False,34.34,0,0,0.7,2025-11-27 22:41:40.365783
synthetic_student_10,-0.5803412214238288,9,True,21.1,0,0,0.8,2026-01-16 22:41:40.365824
synthetic_student_10,-0.17425229866203162,6,False,33.63,1,1,0.32,2026-01-05 22:41:40.365849
synthetic_student_10,-0.900361874453572,2,True,26.84,1,0,0.94,2025-11-29 22:41:40.365873
synthetic_student_10,1.3960219645277694,3,False,31.2,2,0,0.58,2025-11-16 22:41:40.365898
synthetic_student_10,0.9452682978886586,1,True,31.11,0,0,0.92,2025-12-19 22:41:40.365926
synthetic_student_10,-0.5628454068391062,10,True,24.36,0,0,0.75,2025-12-26 22:41:40.365950
synthetic_student_10,-1.4987522772569322,8,True,17.88,0,0,0.95,2025-11-13 22:41:40.365973
synthetic_student_10,0.6448672024225317,10,False,31.32,0,0,0.32,2025-11-16 22:41:40.365997
synthetic_student_10,-1.109389448894217,7,True,33.58,0,0,0.97,2025-12-15 22:41:40.366021
synthetic_student_10,-0.04429128041249042,7,True,34.03,0,1,0.99,2025-10-21 22:41:40.366046
synthetic_student_10,1.271948828464403,3,True,31.4,0,0,0.97,2026-01-14 22:41:40.366069
synthetic_student_10,1.5989160974387584,7,False,32.01,0,0,0.66,2025-11-14 22:41:40.366092
synthetic_student_10,-0.3552787527672643,1,True,26.32,0,1,0.85,2025-10-25 22:41:40.366115
synthetic_student_10,-0.4172367243757815,5,True,17.85,0,0,0.88,2025-12-13 22:41:40.366137
synthetic_student_10,-1.5362534414010116,6,True,20.79,0,0,0.92,2025-10-26 22:41:40.366159
synthetic_student_10,1.1907001782201703,3,True,35.58,1,1,0.83,2025-12-07 22:41:40.366181
synthetic_student_10,1.4339349064818099,9,False,39.72,2,0,0.54,2025-12-24 22:41:40.366204
synthetic_student_10,-0.958242777112948,4,True,21.1,0,0,0.79,2025-12-29 22:41:40.366227
synthetic_student_10,-0.36409802623431275,7,False,22.81,0,1,0.57,2025-12-01 22:41:40.366249
synthetic_student_10,0.7344187573688528,8,True,28.5,0,1,0.85,2025-12-11 22:41:40.366271
synthetic_student_10,1.9868873764847077,9,False,33.04,0,0,0.54,2025-12-27 22:41:40.366294
synthetic_student_10,-1.2691407714611946,5,True,25.35,0,0,0.93,2025-12-11 22:41:40.366318
synthetic_student_10,1.968064591432412,8,False,35.08,1,0,0.6,2025-11-27 22:41:40.366341
synthetic_student_10,-1.6096299324325503,1,False,25.22,0,0,0.6,2025-10-28 22:41:40.366364
synthetic_student_10,1.114935010163352,6,True,30.6,1,0,0.92,2025-10-28 22:41:40.366393
synthetic_student_10,0.288325540078993,5,True,26.68,0,0,0.95,2025-11-05 22:41:40.366415
synthetic_student_10,-1.5800080561456746,6,True,10.13,0,0,0.8,2025-12-26 22:41:40.366439
synthetic_student_10,-1.9980629358608555,9,True,14.4,0,0,0.83,2025-10-29 22:41:40.366463
synthetic_student_10,0.5399508223095033,8,False,24.59,0,0,0.51,2026-01-06 22:41:40.366487
synthetic_student_10,-0.20189135481452247,7,True,17.2,1,0,0.89,2026-01-01 22:41:40.366511
synthetic_student_10,0.3828398292596815,2,True,26.04,0,0,0.95,2025-11-27 22:41:40.366533
synthetic_student_10,-0.32186855344451715,5,False,32.68,1,0,0.34,2025-11-21 22:41:40.366557
synthetic_student_10,-0.35589687920594404,6,False,26.66,1,0,0.64,2025-10-27 22:41:40.366581
synthetic_student_10,-0.5808143507846806,7,True,31.48,0,0,0.91,2026-01-10 22:41:40.366604
synthetic_student_10,-1.3634580018486835,1,False,15.07,0,0,0.54,2026-01-07 22:41:40.366640
synthetic_student_10,0.7872855422270186,3,False,45.55,0,0,0.38,2025-11-19 22:41:40.366664
synthetic_student_10,-0.8923035512965587,6,True,31.67,0,0,0.73,2025-10-25 22:41:40.366687
synthetic_student_10,0.5726586259553814,1,False,30.41,0,0,0.53,2025-12-20 22:41:40.366710
synthetic_student_10,0.7368397964661297,6,False,28.55,1,0,0.51,2025-12-08 22:41:40.366737
synthetic_student_10,0.2041669429844486,4,False,32.46,0,0,0.65,2025-12-29 22:41:40.366760
synthetic_student_10,-1.5454667607834391,9,True,20.89,0,0,0.72,2025-11-14 22:41:40.366783
synthetic_student_10,0.8024140788679373,6,True,26.17,0,0,0.93,2025-12-08 22:41:40.366805
synthetic_student_10,1.8088075355342044,6,False,31.95,1,0,0.3,2026-01-12 22:41:40.366828
synthetic_student_10,-1.6946855918007429,7,True,23.57,0,0,0.93,2025-10-22 22:41:40.366858
synthetic_student_10,-0.14388724932560715,4,False,23.74,3,0,0.32,2025-11-15 22:41:40.366882
synthetic_student_10,1.5012364764812283,1,False,31.6,1,0,0.69,2025-12-15 22:41:40.366905
synthetic_student_10,-1.7950772836597788,10,True,22.36,0,0,0.82,2026-01-12 22:41:40.366928
synthetic_student_10,0.03929655977810498,9,True,29.46,1,0,1.0,2025-12-23 22:41:40.366951
synthetic_student_10,1.9318730704154232,4,False,33.47,0,0,0.3,2025-12-06 22:41:40.366973
synthetic_student_10,1.5161883485120238,7,False,22.18,1,0,0.43,2025-11-12 22:41:40.366995
synthetic_student_10,-1.2395860241591112,7,True,14.14,0,0,0.95,2026-01-04 22:41:40.367017
synthetic_student_10,1.2779081316731702,1,False,37.94,0,1,0.41,2025-12-12 22:41:40.367040
synthetic_student_10,1.2817443789193965,9,False,33.94,0,0,0.39,2025-12-16 22:41:40.367063
synthetic_student_10,1.805352194109361,2,False,39.03,2,0,0.35,2025-12-13 22:41:40.367088
synthetic_student_10,1.5202989340635744,2,True,38.74,2,0,0.92,2025-11-01 22:41:40.367119
synthetic_student_10,1.947353801772325,3,False,32.26,0,0,0.56,2025-12-18 22:41:40.367142
synthetic_student_10,-0.1698287747705418,5,True,25.76,0,0,0.8,2026-01-15 22:41:40.367179
synthetic_student_10,1.542622384723404,6,False,45.7,2,0,0.49,2025-11-18 22:41:40.367207
synthetic_student_10,1.964440219090525,10,True,39.45,2,1,0.77,2025-10-27 22:41:40.367231
synthetic_student_10,1.2843071182273604,10,False,32.71,0,0,0.37,2026-01-10 22:41:40.367254
synthetic_student_10,-1.7178170841654636,3,False,11.41,0,0,0.44,2025-10-22 22:41:40.367276
synthetic_student_10,-0.7665697661049773,6,False,16.64,0,0,0.64,2025-12-05 22:41:40.367299
synthetic_student_10,1.878208309383166,10,False,33.42,2,0,0.63,2025-12-08 22:41:40.367322
synthetic_student_10,0.9950179734846869,5,False,34.66,0,0,0.51,2025-11-27 22:41:40.367349
synthetic_student_10,-0.2055373104683147,5,False,26.57,1,0,0.35,2025-11-18 22:41:40.367372
synthetic_student_10,1.1003982765228462,3,False,27.61,0,0,0.37,2026-01-05 22:41:40.367396
synthetic_student_10,1.5373002509981513,2,False,32.49,1,1,0.57,2026-01-15 22:41:40.367419
synthetic_student_10,1.0131040029162972,6,False,32.13,1,0,0.69,2026-01-10 22:41:40.367442
synthetic_student_10,0.7096075866815834,10,True,36.22,2,0,0.85,2025-12-02 22:41:40.367465
synthetic_student_10,0.6827094076647713,1,False,30.2,1,0,0.47,2025-11-28 22:41:40.367489
synthetic_student_10,-1.3979759121443647,1,False,17.49,0,0,0.33,2025-12-16 22:41:40.367512
synthetic_student_10,1.370215564037403,3,False,40.14,0,0,0.51,2026-01-18 22:41:40.367538
synthetic_student_10,1.4453294949392053,7,False,36.65,1,0,0.68,2025-11-01 22:41:40.367559
synthetic_student_10,0.6992286358574433,3,False,34.4,0,0,0.41,2025-11-03 22:41:40.367581
synthetic_student_10,-1.0775661614535093,8,True,20.3,0,0,0.91,2025-12-19 22:41:40.367604
synthetic_student_10,-0.581060139676207,9,False,21.36,0,0,0.51,2025-12-15 22:41:40.367627
synthetic_student_10,0.3347098979326937,3,False,40.89,0,0,0.45,2026-01-05 22:41:40.367648
synthetic_student_10,1.2968168714403125,6,False,27.95,0,0,0.48,2025-11-05 22:41:40.367669
synthetic_student_10,1.9265310481896392,7,False,34.6,1,0,0.35,2026-01-06 22:41:40.367690
synthetic_student_10,-1.2515827045939774,2,True,21.82,0,0,0.76,2025-10-23 22:41:40.367712
synthetic_student_10,1.0883835910026725,7,False,36.16,2,0,0.63,2025-11-21 22:41:40.367742
synthetic_student_10,1.5240334425951252,7,False,32.27,1,0,0.48,2026-01-08 22:41:40.367764
synthetic_student_10,1.4931061693849994,7,False,33.89,0,0,0.6,2025-11-03 22:41:40.367789
synthetic_student_10,-0.7797560092786231,7,True,22.65,0,0,0.8,2025-12-12 22:41:40.367810
synthetic_student_10,-0.6540748705752639,4,True,30.19,1,0,0.96,2026-01-02 22:41:40.367831
synthetic_student_10,-0.14746692975417508,7,True,26.79,0,0,0.97,2025-11-24 22:41:40.367853
synthetic_student_10,-1.2880240698818488,9,True,23.01,0,0,0.84,2025-12-27 22:41:40.367874
synthetic_student_11,1.480432768971462,10,False,42.97,3,0,0.69,2026-01-06 22:41:40.367899
synthetic_student_11,0.20768077003406793,10,False,31.62,0,0,0.6,2025-11-03 22:41:40.367925
synthetic_student_11,-1.0010630159150509,9,False,29.14,1,0,0.32,2025-12-24 22:41:40.367946
synthetic_student_11,0.21626618037438128,4,False,32.25,0,0,0.57,2026-01-18 22:41:40.367968
synthetic_student_11,1.3265867642331788,1,False,41.51,0,0,0.62,2026-01-14 22:41:40.367989
synthetic_student_11,-0.02742679900423939,10,False,24.75,1,0,0.53,2026-01-05 22:41:40.368010
synthetic_student_11,-0.07528951865600408,7,False,37.22,0,0,0.64,2025-12-03 22:41:40.368031
synthetic_student_11,0.10135449495854942,9,False,29.05,1,0,0.48,2025-11-13 22:41:40.368052
synthetic_student_11,1.589099220762428,2,False,30.18,0,0,0.35,2025-12-31 22:41:40.368075
synthetic_student_11,-1.8586066674932447,7,True,35.07,0,1,0.96,2025-12-25 22:41:40.368096
synthetic_student_11,-0.04754297889003034,1,False,27.78,0,0,0.54,2025-11-05 22:41:40.368117
synthetic_student_11,-0.07266918119734456,6,False,39.0,0,0,0.6,2026-01-04 22:41:40.368142
synthetic_student_11,1.6301148132857013,3,False,49.93,0,0,0.54,2025-11-03 22:41:40.368164
synthetic_student_11,-1.3064459737478655,9,True,30.9,0,0,0.97,2026-01-04 22:41:40.368203
synthetic_student_11,-0.5722215047556829,8,True,32.33,0,0,0.72,2025-10-26 22:41:40.368225
synthetic_student_11,-1.7892571984259416,3,True,24.27,0,0,0.82,2025-12-19 22:41:40.368251
synthetic_student_11,1.8457623326568293,8,True,38.4,1,0,0.94,2025-11-27 22:41:40.368273
synthetic_student_11,-0.40598598480649883,4,True,21.69,0,1,0.7,2025-11-08 22:41:40.368294
synthetic_student_11,-1.1195787866332298,10,False,20.34,0,0,0.44,2025-11-17 22:41:40.368316
synthetic_student_11,-1.9863367138084485,8,True,27.34,0,1,0.9,2025-10-30 22:41:40.368336
synthetic_student_11,-1.4809347205481522,10,False,24.28,0,0,0.52,2026-01-09 22:41:40.368357
synthetic_student_11,0.14946620001134336,6,False,38.97,0,0,0.68,2025-12-04 22:41:40.368381
synthetic_student_11,-0.04016372490863107,5,False,30.19,0,0,0.43,2025-12-12 22:41:40.368404
synthetic_student_11,-0.7652208119649568,5,False,19.56,0,0,0.36,2025-12-17 22:41:40.368425
synthetic_student_11,1.1306620611205789,1,False,32.75,0,0,0.32,2025-11-14 22:41:40.368446
synthetic_student_11,-0.7305244405128288,2,False,33.22,0,0,0.45,2025-11-30 22:41:40.368467
synthetic_student_11,-1.8925812164594888,1,True,22.72,0,0,0.75,2025-11-03 22:41:40.368489
synthetic_student_11,0.9180865164387675,1,True,37.11,0,0,0.73,2025-11-30 22:41:40.368509
synthetic_student_11,0.13507205977542025,8,False,29.53,1,0,0.58,2025-12-06 22:41:40.368530
synthetic_student_11,0.25396828862565757,1,False,27.77,2,0,0.51,2025-11-06 22:41:40.368551
synthetic_student_11,-0.5013956053607136,9,False,27.03,0,0,0.54,2025-12-27 22:41:40.368573
synthetic_student_11,0.5811157173582635,3,False,36.74,0,0,0.48,2025-10-26 22:41:40.368594
synthetic_student_11,-0.6281259179970955,5,True,39.27,0,0,0.92,2025-12-29 22:41:40.368615
synthetic_student_11,0.7749577938905747,3,True,31.6,1,0,0.76,2025-11-19 22:41:40.368636
synthetic_student_11,1.7932354244119328,4,False,32.82,2,0,0.47,2026-01-15 22:41:40.368660
synthetic_student_11,-0.9500028160102012,5,False,21.48,1,0,0.3,2026-01-14 22:41:40.368686
synthetic_student_11,-1.1667955846335425,10,False,31.34,0,0,0.34,2025-12-02 22:41:40.368707
synthetic_student_11,-1.8032621654565948,10,False,30.33,0,1,0.7,2025-11-02 22:41:40.368728
synthetic_student_11,-1.3933635550308803,5,True,21.91,0,1,0.93,2026-01-02 22:41:40.368749
synthetic_student_11,1.6535828423492105,8,False,42.17,1,1,0.55,2025-12-24 22:41:40.368770
synthetic_student_11,-0.815242955464933,7,True,24.63,0,1,0.86,2025-12-10 22:41:40.368790
synthetic_student_11,1.6930167260349283,7,False,36.99,2,0,0.44,2025-11-10 22:41:40.368811
synthetic_student_11,-1.2449642469117252,9,True,28.73,0,0,0.94,2025-11-29 22:41:40.368832
synthetic_student_11,-0.292416805121817,3,False,28.55,0,0,0.52,2026-01-05 22:41:40.368853
synthetic_student_11,0.020363710940830337,6,False,41.77,1,0,0.43,2026-01-11 22:41:40.368875
synthetic_student_11,-0.9345136960350895,9,False,18.48,1,0,0.31,2025-12-28 22:41:40.368896
synthetic_student_11,-0.05314979734089054,8,True,30.33,1,0,0.87,2025-11-04 22:41:40.368917
synthetic_student_11,-1.6728311973163539,10,True,29.89,0,0,0.79,2025-11-16 22:41:40.368938
synthetic_student_11,1.8818864397828179,10,False,43.71,1,1,0.69,2025-11-06 22:41:40.368959
synthetic_student_11,1.474114182272436,1,False,30.79,2,0,0.69,2025-11-23 22:41:40.368980
synthetic_student_11,-1.8560949723697378,8,True,27.5,0,0,0.91,2025-11-22 22:41:40.369001
synthetic_student_11,-1.816828783446807,8,True,21.72,0,0,0.9,2025-11-15 22:41:40.369022
synthetic_student_11,0.7399814078475169,2,False,35.45,0,0,0.58,2025-12-22 22:41:40.369043
synthetic_student_11,-1.3256816723817586,7,False,26.66,0,0,0.42,2025-11-07 22:41:40.369064
synthetic_student_11,1.0368382256722581,5,False,34.05,1,0,0.37,2025-12-20 22:41:40.369088
synthetic_student_11,0.6247767817258207,6,True,30.66,0,0,0.97,2026-01-17 22:41:40.369109
synthetic_student_11,-0.4456917033686638,6,True,24.28,0,0,0.88,2025-11-23 22:41:40.369130
synthetic_student_11,-0.31465395933077156,10,False,35.38,1,0,0.67,2025-11-04 22:41:40.369151
synthetic_student_11,-0.5724229330333772,10,False,21.46,1,0,0.68,2025-12-11 22:41:40.369184
synthetic_student_11,0.7056605201141322,8,False,35.53,1,0,0.41,2025-12-20 22:41:40.369208
synthetic_student_11,-1.9119086801722038,1,True,23.09,0,0,0.96,2025-11-16 22:41:40.369229
synthetic_student_11,-1.1040432489339302,6,False,28.72,0,0,0.34,2026-01-05 22:41:40.369251
synthetic_student_11,1.7503721199328042,8,False,42.52,1,0,0.68,2025-12-29 22:41:40.369271
synthetic_student_11,0.9764041895270665,9,True,30.71,1,0,0.8,2025-11-05 22:41:40.369292
synthetic_student_11,-1.436480928226143,8,False,34.46,0,0,0.47,2025-11-04 22:41:40.369312
synthetic_student_11,1.2420043143652868,7,False,32.6,0,0,0.37,2025-10-23 22:41:40.369333
synthetic_student_11,0.8722091043348499,5,False,19.52,1,0,0.64,2026-01-10 22:41:40.369354
synthetic_student_11,-0.27323920455951667,10,False,30.79,0,0,0.57,2025-11-08 22:41:40.369373
synthetic_student_11,-0.11630385650901198,8,False,29.9,1,0,0.41,2025-11-17 22:41:40.369393
synthetic_student_11,-1.4767874567034363,5,True,24.32,0,0,0.74,2025-11-22 22:41:40.369412
synthetic_student_11,-1.6725749602737343,3,True,33.2,0,1,0.78,2025-11-19 22:41:40.369433
synthetic_student_11,-1.1074212033697712,2,False,25.79,0,0,0.32,2026-01-09 22:41:40.369452
synthetic_student_11,-1.475247624742519,6,False,28.33,0,0,0.5,2026-01-06 22:41:40.369472
synthetic_student_11,-0.5007693904041561,7,True,32.53,0,0,0.91,2025-11-06 22:41:40.369494
synthetic_student_11,1.8489970390239585,9,False,35.18,0,0,0.38,2025-10-23 22:41:40.369514
synthetic_student_11,0.16914700253688508,10,False,26.01,1,0,0.51,2026-01-16 22:41:40.369536
synthetic_student_11,0.03744748462684466,9,False,28.7,0,0,0.63,2025-12-13 22:41:40.369556
synthetic_student_11,0.567448315467947,1,False,35.12,0,0,0.63,2026-01-15 22:41:40.369576
synthetic_student_11,0.6901190068902143,6,False,28.08,1,0,0.51,2025-12-14 22:41:40.369598
synthetic_student_11,0.47584206322149125,10,False,34.09,1,0,0.32,2025-11-06 22:41:40.369618
synthetic_student_11,-1.444316496474853,8,False,21.9,0,0,0.35,2026-01-05 22:41:40.369638
synthetic_student_11,1.2908229392666417,5,False,34.45,0,0,0.38,2025-11-12 22:41:40.369659
synthetic_student_11,-1.2037883851298172,10,False,29.99,0,0,0.48,2025-11-26 22:41:40.369678
synthetic_student_11,-1.568766847275905,3,True,28.1,0,0,0.76,2025-12-20 22:41:40.369698
synthetic_student_11,0.9314827569791673,7,False,38.83,1,0,0.68,2025-12-11 22:41:40.369717
synthetic_student_11,-0.4575789651818458,4,False,26.25,0,1,0.39,2025-12-29 22:41:40.369737
synthetic_student_11,0.2537376057301981,4,False,38.14,1,0,0.63,2025-11-19 22:41:40.369757
synthetic_student_11,0.4990639125645786,3,False,38.14,1,0,0.54,2025-12-08 22:41:40.369775
synthetic_student_11,0.7088804886589237,2,False,28.17,0,0,0.57,2025-11-05 22:41:40.369795
synthetic_student_11,-1.84323947423053,10,False,28.96,0,0,0.64,2025-12-08 22:41:40.369815
synthetic_student_11,-0.4593124491025322,1,True,29.99,0,0,0.84,2025-12-10 22:41:40.369835
synthetic_student_11,-1.5881640229943401,4,True,33.19,0,0,0.76,2025-11-03 22:41:40.369855
synthetic_student_11,1.362542058829792,5,True,41.56,0,0,0.83,2025-12-23 22:41:40.369875
synthetic_student_11,-0.6283922197610758,3,True,27.03,0,0,0.87,2025-12-31 22:41:40.369897
synthetic_student_11,1.5625659948536095,10,False,47.48,1,0,0.45,2026-01-15 22:41:40.369917
synthetic_student_11,0.15213022032406043,3,False,26.73,1,0,0.54,2025-12-19 22:41:40.369936
synthetic_student_11,-0.8738838440394145,6,False,31.46,0,0,0.37,2026-01-03 22:41:40.369957
synthetic_student_11,0.9014306823266875,3,False,39.02,1,0,0.39,2025-10-23 22:41:40.369976
synthetic_student_11,-1.6506187132359518,2,True,14.28,0,0,0.74,2025-11-11 22:41:40.369996
synthetic_student_11,-0.793139511391149,5,True,26.32,0,0,0.9,2025-12-25 22:41:40.370016
synthetic_student_12,1.779898691336311,4,False,48.81,1,0,0.34,2025-12-02 22:41:40.370037
synthetic_student_12,1.1154328499264512,4,False,35.85,1,0,0.67,2026-01-03 22:41:40.370057
synthetic_student_12,0.6885057807025405,8,False,42.14,1,0,0.57,2025-12-13 22:41:40.370077
synthetic_student_12,1.7669716202230816,6,False,44.4,1,0,0.43,2025-12-13 22:41:40.370096
synthetic_student_12,-1.1075183756486453,8,True,34.98,0,0,0.86,2025-12-16 22:41:40.370117
synthetic_student_12,-0.025050699294717926,7,True,38.17,1,0,0.97,2025-11-28 22:41:40.370137
synthetic_student_12,0.12704561881490095,8,False,37.87,0,0,0.68,2025-10-22 22:41:40.370157
synthetic_student_12,-1.7806783294848336,6,False,26.03,0,0,0.41,2026-01-12 22:41:40.370177
synthetic_student_12,-1.2120521971986338,1,False,19.16,0,0,0.62,2025-11-13 22:41:40.370201
synthetic_student_12,-0.21768536476150846,5,False,34.26,2,0,0.44,2026-01-19 22:41:40.370223
synthetic_student_12,-0.6538864094339627,7,True,28.62,0,0,0.93,2025-12-08 22:41:40.370244
synthetic_student_12,0.5195613818797873,9,False,37.59,2,0,0.36,2025-10-23 22:41:40.370264
synthetic_student_12,-0.6314288239050465,9,False,34.92,0,0,0.45,2025-12-24 22:41:40.370286
synthetic_student_12,-0.048359190079620085,10,True,31.43,2,0,0.74,2025-12-15 22:41:40.370306
synthetic_student_12,1.2302564496657404,2,False,40.81,1,0,0.44,2025-11-10 22:41:40.370326
synthetic_student_12,-1.7980456630121973,6,False,21.5,0,0,0.41,2026-01-14 22:41:40.370347
synthetic_student_12,1.6633807207248732,2,False,40.26,1,0,0.31,2025-11-08 22:41:40.370367
synthetic_student_12,0.9235898014010178,2,False,43.03,1,0,0.42,2025-10-26 22:41:40.370386
synthetic_student_12,-1.8127352636849383,2,True,28.91,0,0,0.87,2025-12-10 22:41:40.370405
synthetic_student_12,1.0205069939536737,2,False,45.52,0,0,0.55,2026-01-01 22:41:40.370425
synthetic_student_12,-1.4388435576129064,2,False,29.64,0,0,0.6,2026-01-02 22:41:40.370444
synthetic_student_12,0.03204973757542895,3,False,39.12,0,0,0.57,2025-12-27 22:41:40.370465
synthetic_student_12,0.9344154559847655,7,False,38.24,2,0,0.33,2025-10-27 22:41:40.370485
synthetic_student_12,0.21643138726022748,6,False,46.33,0,0,0.57,2025-12-01 22:41:40.370505
synthetic_student_12,0.18086730472255752,5,False,39.45,1,0,0.39,2025-11-07 22:41:40.370524
synthetic_student_12,0.719316786808422,4,True,35.89,1,0,0.89,2025-11-08 22:41:40.370544
synthetic_student_12,-1.1378724388517152,9,True,32.46,0,0,0.8,2025-12-28 22:41:40.370563
synthetic_student_12,0.5277431053356207,7,False,40.84,1,0,0.6,2025-11-05 22:41:40.370583
synthetic_student_12,1.466507240146461,2,False,50.03,0,0,0.59,2025-12-29 22:41:40.370603
synthetic_student_12,1.955168495293342,5,False,35.76,2,0,0.52,2025-11-22 22:41:40.370622
synthetic_student_12,0.045206937410249726,7,False,42.05,0,0,0.37,2025-11-10 22:41:40.370642
synthetic_student_12,-1.18409066431148,8,False,33.13,0,0,0.37,2025-10-29 22:41:40.370661
synthetic_student_12,0.7850484742602224,10,False,38.68,0,0,0.69,2025-11-07 22:41:40.370682
synthetic_student_12,1.5956509439298054,9,False,30.17,3,0,0.59,2025-12-22 22:41:40.370702
synthetic_student_12,1.4347206939571002,7,False,35.38,1,0,0.6,2026-01-01 22:41:40.370722
synthetic_student_12,-0.3111687750733183,8,False,36.46,0,0,0.48,2025-11-04 22:41:40.370741
synthetic_student_12,0.8779047571184773,6,False,49.41,2,0,0.59,2025-12-25 22:41:40.370761
synthetic_student_12,0.9549575279656284,1,True,39.02,1,0,0.9,2025-12-23 22:41:40.370781
synthetic_student_12,1.507717165794614,1,False,52.11,0,0,0.64,2026-01-12 22:41:40.370802
synthetic_student_12,-0.22999260343716488,1,False,37.75,0,0,0.59,2025-11-14 22:41:40.370821
synthetic_student_12,-0.35717953798748203,4,False,39.3,0,0,0.53,2025-11-23 22:41:40.370839
synthetic_student_12,1.8094568110510827,8,False,45.12,0,0,0.34,2025-11-06 22:41:40.370858
synthetic_student_12,0.4374650413847392,3,False,36.69,1,0,0.31,2025-12-27 22:41:40.370877
synthetic_student_12,-0.4589213862352528,8,False,30.33,2,0,0.58,2025-10-29 22:41:40.370895
synthetic_student_12,0.5847529906228295,2,False,41.86,0,0,0.62,2025-11-06 22:41:40.370914
synthetic_student_12,-1.152440870863514,5,False,37.34,0,0,0.46,2026-01-06 22:41:40.370936
synthetic_student_12,1.9792570771754878,5,False,38.5,0,0,0.39,2025-10-22 22:41:40.370954
synthetic_student_12,-0.5861886278167234,8,False,44.18,0,0,0.45,2026-01-04 22:41:40.370973
synthetic_student_12,-0.39470763823612387,6,False,39.0,0,0,0.48,2025-11-16 22:41:40.370992
synthetic_student_12,0.7616477113529507,10,False,34.34,1,0,0.34,2025-12-09 22:41:40.371010
synthetic_student_12,1.5393281231832274,2,False,46.2,0,0,0.55,2025-11-15 22:41:40.371029
synthetic_student_12,0.5687903522443363,9,False,30.82,0,0,0.61,2025-11-17 22:41:40.371050
synthetic_student_12,1.2625526137997567,10,False,40.81,0,0,0.59,2025-11-13 22:41:40.371068
synthetic_student_12,-1.3811844447746653,4,False,31.1,0,0,0.7,2026-01-19 22:41:40.371087
synthetic_student_12,-0.7283326304833428,9,False,31.74,0,1,0.56,2025-12-21 22:41:40.371106
synthetic_student_12,0.9591168809661061,6,False,49.95,0,0,0.34,2025-11-12 22:41:40.371126
synthetic_student_12,-0.4237263772394604,1,False,26.22,0,0,0.42,2025-12-05 22:41:40.371144
synthetic_student_12,0.3940199847723447,1,False,37.31,0,0,0.64,2025-12-24 22:41:40.371163
synthetic_student_12,-0.38814829623627833,2,False,32.98,0,0,0.67,2025-11-20 22:41:40.371195
synthetic_student_12,1.1487982346307928,3,False,42.61,2,1,0.49,2025-12-18 22:41:40.371215
synthetic_student_12,-0.6521865940096427,9,False,34.86,0,0,0.34,2025-12-06 22:41:40.371233
synthetic_student_12,0.677224928990031,2,False,30.81,1,0,0.55,2026-01-10 22:41:40.371251
synthetic_student_12,0.4352677765642454,6,False,37.17,0,0,0.63,2025-12-09 22:41:40.371270
synthetic_student_12,0.6957256840983015,3,False,31.44,1,0,0.41,2025-12-25 22:41:40.371292
synthetic_student_12,-0.8906898403029406,8,True,31.18,0,0,0.73,2025-11-21 22:41:40.371311
synthetic_student_12,0.3042350394566635,7,False,43.1,0,0,0.59,2025-11-15 22:41:40.371330
synthetic_student_12,-1.907198496764003,1,False,17.75,0,0,0.49,2025-12-22 22:41:40.371349
synthetic_student_12,0.6432257219577857,4,False,38.32,0,0,0.33,2025-12-04 22:41:40.371367
synthetic_student_12,1.155256819221751,2,False,32.03,1,0,0.68,2026-01-13 22:41:40.371388
synthetic_student_12,1.9605477364679915,7,False,38.59,1,0,0.38,2026-01-01 22:41:40.371411
synthetic_student_12,0.7810609932340946,7,False,35.56,1,0,0.57,2026-01-19 22:41:40.371429
synthetic_student_12,-0.12226784460172668,6,False,32.62,2,0,0.5,2026-01-13 22:41:40.371450
synthetic_student_12,-0.7069085579977141,3,False,27.55,2,0,0.45,2025-10-29 22:41:40.371469
synthetic_student_12,-1.3367915135971393,4,True,30.21,0,0,0.8,2025-12-30 22:41:40.371499
synthetic_student_12,1.2624331535446807,2,False,35.67,0,0,0.31,2025-11-30 22:41:40.371520
synthetic_student_12,1.8675656176973066,1,False,42.1,0,0,0.37,2025-11-11 22:41:40.371539
synthetic_student_12,-0.5638120443701999,6,False,42.91,1,0,0.51,2025-12-31 22:41:40.371557
synthetic_student_12,-0.9638758636886418,5,True,38.49,0,0,0.77,2025-11-06 22:41:40.371575
synthetic_student_12,-1.0738497078146385,9,False,35.79,1,0,0.32,2025-10-31 22:41:40.371593
synthetic_student_12,0.1142312843227522,6,False,34.6,0,0,0.48,2026-01-10 22:41:40.371611
synthetic_student_12,-1.2775906958540104,7,True,28.93,0,0,0.98,2026-01-05 22:41:40.371630
synthetic_student_12,-1.0790182256312737,10,False,30.07,1,0,0.35,2025-12-18 22:41:40.371648
synthetic_student_12,-0.4252885471952377,10,True,31.68,1,0,0.87,2025-12-23 22:41:40.371666
synthetic_student_12,1.5266888884965297,1,False,48.15,1,0,0.62,2025-12-23 22:41:40.371796
synthetic_student_12,0.11256696674836508,8,False,42.91,0,0,0.49,2026-01-12 22:41:40.371836
synthetic_student_12,1.1234191517403054,8,False,43.58,2,0,0.58,2025-12-18 22:41:40.371938
synthetic_student_12,-0.25291270640946273,5,False,42.17,0,0,0.34,2025-12-15 22:41:40.371992
synthetic_student_12,0.6413431006347423,4,True,38.14,0,0,0.94,2025-12-09 22:41:40.372015
synthetic_student_12,-1.0733451159971525,4,True,27.0,0,0,0.95,2026-01-05 22:41:40.372036
synthetic_student_12,1.0308783500983374,5,False,39.61,0,0,0.66,2025-11-06 22:41:40.372055
synthetic_student_12,1.8008476856363123,2,False,43.25,1,0,0.64,2025-12-15 22:41:40.372081
synthetic_student_12,-0.8585098552749977,5,False,31.63,0,0,0.31,2025-12-18 22:41:40.372099
synthetic_student_12,-1.6595147228450187,9,True,28.62,0,0,0.92,2025-12-19 22:41:40.372121
synthetic_student_12,-1.967339690624939,4,False,34.48,0,0,0.64,2026-01-16 22:41:40.372140
synthetic_student_12,-1.7073984621328826,10,True,33.53,0,0,0.7,2025-11-18 22:41:40.372159
synthetic_student_12,0.5303068443695298,10,False,35.83,0,0,0.68,2026-01-16 22:41:40.372177
synthetic_student_12,-1.3263924382699215,1,True,31.36,0,0,0.92,2025-11-18 22:41:40.372196
synthetic_student_12,-1.7572802187498162,3,False,23.45,0,0,0.67,2025-11-21 22:41:40.372215
synthetic_student_12,-0.1027826946287469,1,False,32.0,0,0,0.52,2025-11-29 22:41:40.372233
synthetic_student_12,-0.788617345612157,4,True,36.75,0,0,0.84,2025-12-22 22:41:40.372251
synthetic_student_13,0.3336894143793172,5,False,39.59,1,0,0.63,2025-12-10 22:41:40.372275
synthetic_student_13,-0.695209276885965,3,False,32.36,0,0,0.35,2026-01-15 22:41:40.372293
synthetic_student_13,-0.47477430194837655,5,True,32.73,1,1,0.91,2025-12-11 22:41:40.372313
synthetic_student_13,0.2264452641706427,8,False,46.16,0,0,0.56,2026-01-16 22:41:40.372330
synthetic_student_13,0.7120397631481596,3,False,33.76,1,0,0.69,2026-01-05 22:41:40.372348
synthetic_student_13,-1.3430800058677588,6,False,29.75,0,0,0.48,2025-11-26 22:41:40.372367
synthetic_student_13,1.4601379766384528,3,False,34.42,1,0,0.35,2025-11-12 22:41:40.372384
synthetic_student_13,1.8766015344722908,10,False,36.55,2,0,0.53,2025-11-03 22:41:40.372402
synthetic_student_13,0.30257541152050216,5,False,35.61,0,0,0.35,2026-01-19 22:41:40.372419
synthetic_student_13,1.3257354548344273,8,False,41.67,1,0,0.58,2026-01-02 22:41:40.372437
synthetic_student_13,-0.7414794047311877,4,False,29.64,1,0,0.38,2025-11-26 22:41:40.372461
synthetic_student_13,0.7134311142803687,8,False,37.1,1,0,0.36,2025-12-25 22:41:40.372491
synthetic_student_13,-1.0306189501232432,1,False,32.81,0,0,0.41,2025-11-10 22:41:40.372508
synthetic_student_13,1.5993601317954411,4,False,34.29,0,0,0.5,2026-01-04 22:41:40.372525
synthetic_student_13,0.3741056447552191,5,False,34.36,2,0,0.66,2025-11-04 22:41:40.372577
synthetic_student_13,-1.2011818075484273,1,True,31.67,0,0,0.88,2025-10-31 22:41:40.372597
synthetic_student_13,-1.627166107762204,9,False,30.64,0,0,0.57,2025-11-27 22:41:40.372615
synthetic_student_13,0.08481893024653031,5,True,25.2,0,0,0.77,2025-12-02 22:41:40.372634
synthetic_student_13,0.8178939235674592,6,False,45.25,1,0,0.6,2025-12-24 22:41:40.372652
synthetic_student_13,-1.8866562799389741,10,False,23.58,0,0,0.41,2025-11-08 22:41:40.372672
synthetic_student_13,1.7596379555952284,9,False,46.51,0,0,0.35,2026-01-07 22:41:40.372691
synthetic_student_13,1.936705040258866,10,False,51.35,0,0,0.42,2025-12-13 22:41:40.372709
synthetic_student_13,1.5835142992614175,10,False,39.58,2,0,0.5,2025-12-02 22:41:40.372728
synthetic_student_13,1.4124561687388146,3,False,37.92,1,1,0.5,2025-11-01 22:41:40.372748
synthetic_student_13,-0.9983162343967638,3,False,24.93,1,0,0.39,2025-11-25 22:41:40.372772
synthetic_student_13,-0.11334307278314659,6,False,37.96,1,0,0.65,2026-01-14 22:41:40.372790
synthetic_student_13,-1.0363981844286885,3,True,33.92,1,0,0.81,2025-11-08 22:41:40.372809
synthetic_student_13,-1.8789829288680577,5,False,19.18,0,0,0.47,2025-12-19 22:41:40.372827
synthetic_student_13,-1.543347855809667,8,True,36.61,0,0,0.73,2025-12-04 22:41:40.372845
synthetic_student_13,-1.998122664722937,3,False,27.43,0,0,0.69,2025-11-01 22:41:40.372866
synthetic_student_13,0.338585006915209,9,False,38.71,0,0,0.42,2025-12-06 22:41:40.372884
synthetic_student_13,0.6135526806634868,5,False,26.05,2,0,0.47,2025-11-27 22:41:40.372903
synthetic_student_13,1.0982927817893122,2,False,45.19,0,0,0.59,2025-11-22 22:41:40.372922
synthetic_student_13,1.9267663428715132,9,False,42.7,0,0,0.34,2025-12-04 22:41:40.372943
synthetic_student_13,-0.6817486775568788,4,False,35.5,0,1,0.48,2025-12-29 22:41:40.372961
synthetic_student_13,0.758623441471209,6,False,43.36,3,0,0.6,2025-10-29 22:41:40.372980
synthetic_student_13,-1.4827860952147303,8,True,26.34,0,0,0.83,2026-01-08 22:41:40.372999
synthetic_student_13,-0.20966064855701072,1,False,32.53,1,0,0.7,2025-10-22 22:41:40.373084
synthetic_student_13,-0.1298734805774755,10,False,30.03,1,0,0.31,2025-11-11 22:41:40.373143
synthetic_student_13,-1.6635643035042387,10,True,39.69,0,1,0.93,2025-11-17 22:41:40.373167
synthetic_student_13,-0.03856468478083164,8,True,30.1,1,1,0.77,2025-12-12 22:41:40.373187
synthetic_student_13,1.715291815979977,5,False,39.84,0,0,0.38,2025-11-07 22:41:40.373205
synthetic_student_13,0.44466962955529654,9,True,36.9,1,0,0.84,2025-11-10 22:41:40.373225
synthetic_student_13,1.2581460789336565,9,False,40.04,1,0,0.44,2025-11-22 22:41:40.373451
synthetic_student_13,1.9929873435419778,5,True,47.83,1,0,0.95,2026-01-04 22:41:40.373481
synthetic_student_13,-0.7965054857166654,2,False,25.0,0,0,0.63,2025-11-05 22:41:40.373502
synthetic_student_13,-0.4083518272419506,5,False,35.96,0,1,0.43,2025-12-21 22:41:40.373522
synthetic_student_13,1.693245040119911,8,False,41.56,1,0,0.59,2025-10-25 22:41:40.373540
synthetic_student_13,1.3681537708956895,6,False,54.33,1,0,0.69,2025-12-20 22:41:40.373565
synthetic_student_13,1.691721377166072,3,False,44.92,1,0,0.48,2025-12-09 22:41:40.373585
synthetic_student_13,1.5633208156826464,4,False,42.84,0,0,0.63,2025-11-24 22:41:40.373603
synthetic_student_13,1.977789796199973,10,False,32.44,0,0,0.43,2026-01-04 22:41:40.373620
synthetic_student_13,-1.019904113237772,7,False,26.78,3,0,0.48,2025-12-21 22:41:40.373638
synthetic_student_13,0.3150237185108544,9,True,27.5,0,0,0.71,2025-10-22 22:41:40.373656
synthetic_student_13,-1.8863003130490736,1,True,30.4,0,0,0.8,2026-01-05 22:41:40.373674
synthetic_student_13,0.42904601752440996,7,False,31.56,0,0,0.67,2026-01-18 22:41:40.373692
synthetic_student_13,0.849479806220006,5,False,33.95,0,0,0.55,2025-12-19 22:41:40.373710
synthetic_student_13,1.5454992696582508,8,False,40.58,0,0,0.39,2025-10-28 22:41:40.373728
synthetic_student_13,-1.4271692930121413,3,True,25.98,0,0,0.98,2026-01-01 22:41:40.373746
synthetic_student_13,0.7141628397779916,1,False,47.85,1,0,0.49,2025-10-24 22:41:40.373764
synthetic_student_13,1.00159050579028,2,False,42.89,1,0,0.62,2025-11-01 22:41:40.373781
synthetic_student_13,0.2742520826873758,6,False,40.02,0,1,0.53,2026-01-19 22:41:40.373902
synthetic_student_13,0.7390869983510804,1,False,38.23,0,0,0.6,2026-01-19 22:41:40.373944
synthetic_student_13,1.9642731206167716,9,False,43.49,0,0,0.55,2025-12-05 22:41:40.373966
synthetic_student_13,1.015008167718395,5,False,57.44,0,0,0.37,2026-01-14 22:41:40.373987
synthetic_student_13,-0.5623843194356355,7,True,27.81,0,0,0.81,2025-12-06 22:41:40.374006
synthetic_student_13,0.24579321585621683,9,False,30.42,1,0,0.53,2026-01-14 22:41:40.374026
synthetic_student_13,-1.6532593971512894,5,True,29.32,0,0,0.78,2025-12-24 22:41:40.374045
synthetic_student_13,-1.1772404189104577,9,False,35.34,0,0,0.51,2025-11-03 22:41:40.374066
synthetic_student_13,-1.2323919820554248,9,False,31.93,2,0,0.38,2025-12-08 22:41:40.374085
synthetic_student_13,1.6495528506475408,1,False,49.52,1,0,0.64,2025-11-14 22:41:40.374103
synthetic_student_13,-1.9238558179474645,6,True,34.88,0,0,0.79,2025-11-06 22:41:40.374120
synthetic_student_13,-0.6185236599645085,6,False,27.32,0,1,0.46,2025-12-24 22:41:40.374139
synthetic_student_13,1.7927347675492222,8,False,37.91,2,0,0.33,2025-12-01 22:41:40.374283
synthetic_student_13,1.6826631691702838,5,False,47.38,0,0,0.37,2026-01-19 22:41:40.374306
synthetic_student_13,-0.3909418323575373,8,True,38.03,0,0,0.78,2025-11-12 22:41:40.374324
synthetic_student_13,-0.7291562356648735,5,True,27.67,2,0,0.75,2025-11-09 22:41:40.374342
synthetic_student_13,-1.077390283964681,8,False,39.18,0,0,0.47,2025-11-15 22:41:40.374362
synthetic_student_13,-0.23572288578712364,5,False,23.97,1,0,0.5,2025-11-06 22:41:40.374380
synthetic_student_13,0.2581524863625342,7,False,40.43,1,0,0.69,2025-12-25 22:41:40.374398
synthetic_student_13,1.9742895988596993,4,False,39.46,1,0,0.59,2025-11-22 22:41:40.374416
synthetic_student_13,-0.44672061317292844,9,False,28.8,0,0,0.61,2025-10-27 22:41:40.374575
synthetic_student_13,0.759440946806579,8,False,43.7,0,1,0.33,2025-11-29 22:41:40.374600
synthetic_student_13,-1.5287890054376776,9,False,29.74,0,0,0.45,2025-11-10 22:41:40.374619
synthetic_student_13,-0.04830295379950744,4,False,41.26,1,0,0.68,2025-11-20 22:41:40.374637
synthetic_student_13,0.7089873430539471,8,False,35.05,3,0,0.36,2026-01-15 22:41:40.374654
synthetic_student_13,-1.516024077089336,10,True,30.86,0,0,0.81,2025-11-24 22:41:40.374671
synthetic_student_13,1.868583312886753,8,False,45.18,0,0,0.61,2025-10-31 22:41:40.374688
synthetic_student_13,-1.6342812527218116,6,False,35.01,1,1,0.34,2025-12-26 22:41:40.374708
synthetic_student_13,0.5486924351977422,3,False,43.28,1,1,0.32,2025-11-08 22:41:40.374725
synthetic_student_13,-0.8236298735864382,5,False,33.28,1,0,0.56,2025-11-23 22:41:40.374743
synthetic_student_13,-1.7981829860561263,4,True,31.5,0,0,0.82,2025-11-08 22:41:40.374763
synthetic_student_13,-0.05812305244645666,1,False,31.2,1,1,0.69,2025-11-29 22:41:40.374781
synthetic_student_13,-1.38126058409564,5,True,31.34,0,0,0.96,2025-12-27 22:41:40.374798
synthetic_student_13,1.6619898574386807,5,False,44.23,0,0,0.42,2025-11-02 22:41:40.374816
synthetic_student_13,-1.5197405663157135,4,True,27.63,0,0,0.84,2026-01-11 22:41:40.374834
synthetic_student_13,1.7093393530579464,5,False,41.16,0,1,0.62,2025-11-16 22:41:40.374851
synthetic_student_13,0.8437461584653101,5,False,33.04,1,1,0.52,2025-11-14 22:41:40.374869
synthetic_student_13,1.8266359506048873,1,False,43.39,0,0,0.59,2025-12-30 22:41:40.374887
synthetic_student_13,1.9252596580246086,9,False,37.24,1,0,0.64,2025-10-21 22:41:40.374905
synthetic_student_14,-0.9259184987189548,8,True,31.1,0,0,0.77,2025-10-30 22:41:40.374927
synthetic_student_14,1.708251110293074,5,False,27.02,0,0,0.64,2026-01-05 22:41:40.374945
synthetic_student_14,-1.4474886785492531,6,True,19.95,1,0,0.96,2025-10-21 22:41:40.374963
synthetic_student_14,-1.6945311715919815,3,True,21.16,0,0,0.98,2025-11-29 22:41:40.374980
synthetic_student_14,0.1519708395146835,5,False,20.28,1,0,0.68,2025-12-27 22:41:40.374998
synthetic_student_14,1.3237398828377245,10,False,26.18,0,0,0.36,2025-12-11 22:41:40.375071
synthetic_student_14,1.2341996462255271,6,False,33.46,2,0,0.34,2025-11-11 22:41:40.375089
synthetic_student_14,-0.9885608449216279,5,False,22.69,1,0,0.4,2025-10-26 22:41:40.375110
synthetic_student_14,-0.5579040426042883,1,False,19.5,0,0,0.4,2025-12-11 22:41:40.375128
synthetic_student_14,-0.3082275162489929,2,True,24.2,0,0,0.77,2025-11-05 22:41:40.375145
synthetic_student_14,1.8220291183356259,9,False,29.34,0,0,0.35,2026-01-11 22:41:40.375163
synthetic_student_14,0.6596205115688503,2,False,25.22,0,0,0.4,2025-11-02 22:41:40.375181
synthetic_student_14,-0.4524643352194655,1,True,21.62,0,0,0.75,2026-01-19 22:41:40.375198
synthetic_student_14,0.4281024083083915,7,True,23.0,0,0,0.83,2025-11-08 22:41:40.375216
synthetic_student_14,-1.0987048362596292,2,True,13.08,0,0,0.72,2025-11-05 22:41:40.375234
synthetic_student_14,1.583642532419669,5,False,34.54,0,0,0.39,2025-10-30 22:41:40.375252
synthetic_student_14,-0.39532562213070177,8,True,23.66,0,0,0.7,2025-12-16 22:41:40.375269
synthetic_student_14,-1.174607954300786,5,False,17.72,0,0,0.57,2025-12-23 22:41:40.375287
synthetic_student_14,1.7294980795365746,5,True,35.38,0,0,0.77,2025-12-28 22:41:40.375304
synthetic_student_14,1.913451662234412,6,True,36.6,1,0,0.76,2025-10-21 22:41:40.375321
synthetic_student_14,1.2314143970359979,8,True,16.72,1,0,0.74,2025-12-26 22:41:40.375339
synthetic_student_14,1.537604864736624,8,False,34.03,1,0,0.54,2026-01-17 22:41:40.375357
synthetic_student_14,-1.532447462829304,1,True,20.17,0,0,0.84,2025-10-24 22:41:40.375373
synthetic_student_14,0.43436389627625216,4,True,25.09,2,0,0.75,2025-12-29 22:41:40.375389
synthetic_student_14,-1.4965257771599285,8,True,12.67,0,0,0.88,2026-01-15 22:41:40.375406
synthetic_student_14,1.3623903337278969,5,False,27.78,1,0,0.52,2025-12-25 22:41:40.375422
synthetic_student_14,-0.9287455169222265,6,True,14.93,0,0,0.76,2025-11-14 22:41:40.375438
synthetic_student_14,-1.4485227512329746,10,True,19.48,0,0,0.8,2026-01-16 22:41:40.375457
synthetic_student_14,1.4782874550978877,6,True,21.63,0,0,0.83,2025-12-28 22:41:40.375473
synthetic_student_14,-1.0252698023644564,8,True,18.2,0,0,0.94,2025-10-24 22:41:40.375513
synthetic_student_14,0.8584018778374141,5,False,27.33,0,0,0.38,2026-01-15 22:41:40.375535
synthetic_student_14,1.9242351788370722,8,False,33.64,0,0,0.42,2025-11-14 22:41:40.375552
synthetic_student_14,-1.5775300793736413,2,False,27.57,0,0,0.6,2026-01-18 22:41:40.375568
synthetic_student_14,0.8153285913698696,9,True,30.7,0,1,0.75,2025-10-29 22:41:40.375587
synthetic_student_14,-0.7092312494887838,1,True,26.26,0,0,0.73,2025-12-19 22:41:40.375604
synthetic_student_14,1.9566329528908284,1,True,27.16,1,0,0.73,2025-11-05 22:41:40.375621
synthetic_student_14,1.3493819794024287,8,True,26.39,0,0,0.71,2025-11-03 22:41:40.375639
synthetic_student_14,0.28288345692574346,9,True,19.32,2,0,0.88,2025-11-01 22:41:40.375656
synthetic_student_14,-0.5114228075953076,3,True,23.19,0,0,0.94,2025-10-28 22:41:40.375672
synthetic_student_14,-0.2897177839848477,10,True,14.59,0,0,0.94,2025-11-17 22:41:40.375688
synthetic_student_14,0.720002368637652,5,True,24.19,1,0,0.78,2025-11-16 22:41:40.375706
synthetic_student_14,0.1436147606245166,8,True,15.6,2,0,0.76,2026-01-19 22:41:40.375723
synthetic_student_14,-0.30721164057918937,9,False,16.83,0,0,0.53,2025-11-20 22:41:40.375739
synthetic_student_14,0.3058247185867593,1,False,29.85,2,0,0.65,2025-12-09 22:41:40.375756
synthetic_student_14,0.9016100759039598,1,True,30.93,0,0,0.74,2025-12-02 22:41:40.375773
synthetic_student_14,0.4224976896604953,5,False,21.58,0,0,0.52,2025-10-23 22:41:40.375790
synthetic_student_14,1.3217228219720987,9,False,23.95,0,0,0.56,2025-12-03 22:41:40.375809
synthetic_student_14,0.42959586327100086,8,True,34.14,1,0,0.96,2025-12-20 22:41:40.375825
synthetic_student_14,0.08520572065438614,3,False,26.55,1,0,0.59,2025-11-18 22:41:40.375842
synthetic_student_14,1.9902691823222352,8,False,33.25,0,0,0.65,2025-12-18 22:41:40.375859
synthetic_student_14,0.6259087933368881,5,True,22.83,0,0,0.83,2025-10-22 22:41:40.375875
synthetic_student_14,0.41803771809593604,4,True,19.66,0,0,0.86,2025-12-14 22:41:40.375892
synthetic_student_14,1.3105278048599063,8,True,21.99,1,0,0.7,2025-12-09 22:41:40.375909
synthetic_student_14,-1.6733174881875552,10,True,30.35,0,0,0.76,2026-01-08 22:41:40.375926
synthetic_student_14,-1.745085689176868,9,True,18.01,0,0,0.9,2026-01-08 22:41:40.375943
synthetic_student_14,-0.8953273214400679,10,True,19.04,3,0,0.76,2026-01-04 22:41:40.375960
synthetic_student_14,0.1641069528669119,8,True,17.95,0,1,0.73,2025-12-17 22:41:40.375978
synthetic_student_14,0.9098669639679065,4,True,21.93,0,0,0.84,2025-11-28 22:41:40.375995
synthetic_student_14,0.6007340448420884,1,False,29.65,2,0,0.62,2026-01-09 22:41:40.376013
synthetic_student_14,-1.3384031514690014,9,True,17.68,0,0,0.96,2026-01-13 22:41:40.376030
synthetic_student_14,0.86405750892671,10,False,34.99,2,0,0.57,2025-11-10 22:41:40.376047
synthetic_student_14,-0.2498897212862814,2,False,16.75,0,0,0.37,2025-10-24 22:41:40.376064
synthetic_student_14,-0.8740944767791312,9,True,15.66,0,0,0.89,2025-12-18 22:41:40.376083
synthetic_student_14,0.7125567536062518,2,True,29.15,1,0,0.89,2025-11-21 22:41:40.376100
synthetic_student_14,-0.4595028883820298,5,False,21.99,0,0,0.58,2025-12-26 22:41:40.376118
synthetic_student_14,-0.9031703153725053,4,True,24.47,0,0,0.78,2025-10-22 22:41:40.376135
synthetic_student_14,-0.5072124259576585,7,False,18.74,0,0,0.35,2025-12-31 22:41:40.376155
synthetic_student_14,-1.2606197903535175,2,True,20.36,0,0,0.9,2025-12-22 22:41:40.376174
synthetic_student_14,-0.20382672350551578,1,True,26.33,1,0,0.95,2026-01-19 22:41:40.376195
synthetic_student_14,1.8594677241555075,1,True,23.67,0,0,0.89,2026-01-02 22:41:40.376219
synthetic_student_14,-1.0937625844115675,8,True,23.21,0,0,0.93,2025-11-21 22:41:40.376253
synthetic_student_14,-0.8104631713689772,6,True,12.56,0,0,0.72,2025-12-25 22:41:40.376270
synthetic_student_14,1.2079024750669078,2,False,35.5,0,0,0.66,2025-10-24 22:41:40.376286
synthetic_student_14,1.7399659894318402,6,True,25.59,0,0,0.78,2026-01-11 22:41:40.376302
synthetic_student_14,-1.5449399451262056,4,True,12.42,0,0,0.9,2025-11-15 22:41:40.376328
synthetic_student_14,-0.21322619799533715,6,False,26.21,0,0,0.39,2025-12-16 22:41:40.376346
synthetic_student_14,0.5319011712299204,10,False,22.49,0,0,0.3,2026-01-12 22:41:40.376364
synthetic_student_14,-0.49003594030886655,1,True,22.77,0,0,0.77,2025-12-25 22:41:40.376380
synthetic_student_14,0.09120687649686232,7,False,27.19,1,0,0.5,2025-11-29 22:41:40.376396
synthetic_student_14,1.1693042066507884,9,False,25.65,0,0,0.4,2025-12-05 22:41:40.376412
synthetic_student_14,-1.816241198125394,10,False,15.29,0,0,0.3,2026-01-18 22:41:40.376428
synthetic_student_14,-0.576348347671797,7,False,23.04,0,0,0.61,2025-11-07 22:41:40.376445
synthetic_student_14,-0.6219446849531827,9,True,20.41,0,0,0.8,2025-10-27 22:41:40.376461
synthetic_student_14,1.3879756712258846,7,False,22.68,1,0,0.54,2025-12-30 22:41:40.376477
synthetic_student_14,-0.658912745080197,8,True,7.84,0,0,0.86,2025-10-28 22:41:40.376494
synthetic_student_14,-0.5638301928763942,3,True,18.0,0,0,0.7,2025-11-08 22:41:40.376513
synthetic_student_14,-1.1429981618157221,7,True,15.6,0,0,0.72,2025-12-25 22:41:40.376530
synthetic_student_14,-0.5391872155051547,4,False,22.62,0,0,0.48,2026-01-09 22:41:40.376546
synthetic_student_14,-1.7052981941246919,5,True,17.37,0,0,0.86,2026-01-08 22:41:40.376564
synthetic_student_14,-0.3660090071097719,6,True,27.11,0,0,0.89,2025-12-14 22:41:40.376580
synthetic_student_14,1.3070136817148832,6,False,27.62,3,0,0.39,2025-11-03 22:41:40.376596
synthetic_student_14,-0.9656006606277661,6,True,18.92,1,0,0.98,2025-10-22 22:41:40.376612
synthetic_student_14,-1.9525159761382636,8,True,20.01,0,0,0.86,2026-01-04 22:41:40.376628
synthetic_student_14,1.141996338887941,2,False,24.82,0,0,0.33,2025-10-30 22:41:40.376645
synthetic_student_14,-1.302395413858401,6,True,15.62,0,0,0.79,2025-12-30 22:41:40.376661
synthetic_student_14,-0.40118738029152423,9,False,18.6,0,0,0.5,2025-11-29 22:41:40.376678
synthetic_student_14,0.009573126098973095,7,False,23.66,1,0,0.69,2025-12-11 22:41:40.376693
synthetic_student_14,-0.07221716794012734,3,True,28.95,2,0,1.0,2025-12-02 22:41:40.376709
synthetic_student_14,-1.3891957306371983,6,True,17.62,0,0,0.75,2025-12-03 22:41:40.376725
synthetic_student_14,0.7582899431946619,10,False,20.48,3,0,0.53,2025-12-28 22:41:40.376742
synthetic_student_15,-0.9690263782721873,2,True,23.09,0,0,0.72,2025-10-29 22:41:40.376759
synthetic_student_15,-1.1446117670537093,2,True,28.57,0,0,0.8,2025-10-27 22:41:40.376775
synthetic_student_15,1.1259524168094703,4,False,38.14,0,0,0.66,2025-11-30 22:41:40.376791
synthetic_student_15,1.571607664135385,2,True,31.56,0,0,0.78,2026-01-16 22:41:40.376807
synthetic_student_15,-1.8694116913487742,4,False,29.34,0,0,0.51,2025-10-26 22:41:40.376823
synthetic_student_15,-1.1764184095333374,3,True,21.99,0,0,0.99,2025-12-19 22:41:40.376840
synthetic_student_15,0.3856180438782628,6,False,31.7,0,0,0.41,2025-12-07 22:41:40.376857
synthetic_student_15,-1.8290446736861967,3,True,24.34,0,0,0.78,2026-01-10 22:41:40.376872
synthetic_student_15,-1.5324226605073075,8,True,26.56,0,0,0.99,2025-10-28 22:41:40.376888
synthetic_student_15,-1.3213496000229576,8,True,33.55,1,0,0.71,2026-01-15 22:41:40.376904
synthetic_student_15,-0.16226973058747163,8,False,29.42,0,1,0.5,2026-01-06 22:41:40.376922
synthetic_student_15,-0.5107388575085503,7,True,30.77,0,1,0.94,2025-12-29 22:41:40.376937
synthetic_student_15,-0.12386707544760167,5,True,25.11,0,0,0.86,2025-12-23 22:41:40.376953
synthetic_student_15,0.03159004316775649,8,False,39.0,2,1,0.54,2025-12-30 22:41:40.376969
synthetic_student_15,0.5523934799130656,6,False,38.72,0,0,0.33,2026-01-04 22:41:40.376985
synthetic_student_15,1.8666810891374497,5,False,26.67,3,1,0.62,2025-11-16 22:41:40.377002
synthetic_student_15,0.5215813012814596,9,False,35.92,1,0,0.58,2025-12-10 22:41:40.377019
synthetic_student_15,-1.8456783274889808,9,True,22.85,0,0,0.76,2026-01-17 22:41:40.377035
synthetic_student_15,-0.2977070274059872,6,False,43.64,0,0,0.59,2025-12-18 22:41:40.377054
synthetic_student_15,-1.711060056228395,4,True,30.86,0,0,0.87,2026-01-13 22:41:40.377070
synthetic_student_15,1.8688072873164496,6,False,37.9,2,0,0.44,2025-10-23 22:41:40.377086
synthetic_student_15,-0.12324981612435515,3,False,30.03,0,0,0.42,2026-01-12 22:41:40.377102
synthetic_student_15,1.2376983391164003,8,False,34.75,3,0,0.47,2026-01-04 22:41:40.377119
synthetic_student_15,-0.5106785130153946,9,True,28.16,0,0,0.75,2025-10-27 22:41:40.377136
synthetic_student_15,0.9822480229423967,10,False,32.88,0,0,0.62,2025-11-25 22:41:40.377154
synthetic_student_15,1.5208243755591702,1,False,30.18,0,0,0.52,2026-01-05 22:41:40.377170
synthetic_student_15,0.716679797339355,8,True,29.14,1,0,0.91,2025-11-20 22:41:40.377186
synthetic_student_15,-0.24261675618165768,9,True,30.09,0,0,0.81,2025-11-04 22:41:40.377202
synthetic_student_15,-0.8728914832620047,5,True,28.1,1,0,0.95,2025-10-25 22:41:40.377219
synthetic_student_15,-0.8632055913992107,9,True,35.78,0,0,0.87,2025-12-15 22:41:40.377234
synthetic_student_15,1.1420302097830635,7,False,37.57,0,1,0.58,2025-11-27 22:41:40.377251
synthetic_student_15,-0.12080789903971079,7,True,31.27,0,0,0.93,2025-10-27 22:41:40.377266
synthetic_student_15,-1.5469007364095626,10,False,26.09,0,0,0.47,2025-10-28 22:41:40.377282
synthetic_student_15,1.7936301037287015,10,False,28.37,2,0,0.53,2025-11-15 22:41:40.377298
synthetic_student_15,1.119759756317202,5,False,42.29,0,0,0.65,2025-11-08 22:41:40.377315
synthetic_student_15,1.2527014269055146,3,False,33.34,0,0,0.34,2025-11-17 22:41:40.377331
synthetic_student_15,0.008592632002690781,10,False,42.18,0,0,0.36,2025-12-06 22:41:40.377347
synthetic_student_15,-1.544882705047557,10,False,33.73,0,0,0.67,2025-11-07 22:41:40.377363
synthetic_student_15,0.7662183545471737,4,False,39.6,1,0,0.47,2025-11-02 22:41:40.377379
synthetic_student_15,0.005348734175625758,9,True,32.92,2,0,0.92,2025-11-10 22:41:40.377395
synthetic_student_15,-1.8115876274943314,7,True,28.39,0,0,0.93,2025-11-19 22:41:40.377411
synthetic_student_15,1.2817463069484432,9,False,25.95,2,0,0.38,2025-12-27 22:41:40.377428
synthetic_student_15,1.7524856957379051,10,False,41.56,0,0,0.36,2026-01-01 22:41:40.377443
synthetic_student_15,1.1204293685172142,7,False,30.54,1,0,0.52,2025-11-03 22:41:40.377459
synthetic_student_15,1.3705165355354039,6,False,35.3,4,0,0.53,2025-12-07 22:41:40.377484
synthetic_student_15,0.44616391547000944,2,False,31.99,1,0,0.46,2025-11-10 22:41:40.377500
synthetic_student_15,-0.8944111865722473,6,False,24.96,0,0,0.56,2025-11-21 22:41:40.377515
synthetic_student_15,-0.3526853342662202,10,True,25.56,0,0,0.92,2025-12-03 22:41:40.377531
synthetic_student_15,-0.2946680817484202,1,False,31.56,0,0,0.39,2026-01-13 22:41:40.377554
synthetic_student_15,-0.34234039130071814,5,True,31.06,1,0,0.72,2026-01-04 22:41:40.377569
synthetic_student_15,1.5442606307601432,2,False,41.06,1,0,0.4,2025-12-15 22:41:40.377585
synthetic_student_15,-1.0291773150063421,1,False,32.87,0,0,0.53,2025-11-07 22:41:40.377601
synthetic_student_15,0.8620302823798416,1,False,34.49,0,0,0.63,2026-01-07 22:41:40.377618
synthetic_student_15,1.0792649187568597,8,True,35.18,0,0,0.87,2025-11-08 22:41:40.377634
synthetic_student_15,0.8770711408297576,7,False,32.19,0,0,0.61,2026-01-08 22:41:40.377650
synthetic_student_15,1.863231563101433,7,False,35.56,0,0,0.57,2025-12-09 22:41:40.377665
synthetic_student_15,1.5583052147451442,3,False,45.13,0,0,0.51,2025-11-16 22:41:40.377681
synthetic_student_15,-1.6938825182473618,8,True,35.27,0,1,0.79,2025-11-14 22:41:40.377702
synthetic_student_15,-1.6435613272808056,8,False,22.62,0,0,0.66,2025-10-26 22:41:40.377718
synthetic_student_15,0.4687915278602608,7,False,28.18,0,0,0.48,2025-12-12 22:41:40.377734
synthetic_student_15,-1.9834829433497436,3,True,26.26,0,0,0.99,2026-01-07 22:41:40.377754
synthetic_student_15,-1.4927334609903,2,True,28.42,0,1,0.93,2025-11-12 22:41:40.377776
synthetic_student_15,-0.04881708235281401,9,True,30.44,0,0,0.72,2025-12-14 22:41:40.377791
synthetic_student_15,1.2628522981802952,7,False,34.72,1,0,0.42,2026-01-06 22:41:40.377810
synthetic_student_15,-0.27648111064804715,1,True,17.34,0,0,0.87,2025-11-18 22:41:40.377825
synthetic_student_15,-0.27383825417268204,6,False,36.47,0,0,0.43,2025-12-04 22:41:40.377841
synthetic_student_15,1.5658747744558776,1,True,33.24,2,0,0.93,2025-12-22 22:41:40.377857
synthetic_student_15,-1.636642345593677,4,True,27.27,0,1,0.92,2026-01-16 22:41:40.377871
synthetic_student_15,1.692374151617266,6,False,39.74,1,0,0.41,2025-11-29 22:41:40.377888
synthetic_student_15,1.974845980226069,6,False,44.75,0,0,0.3,2026-01-17 22:41:40.377903
synthetic_student_15,-0.21760437086234852,7,True,25.91,1,0,0.86,2025-12-19 22:41:40.377919
synthetic_student_15,-0.9658684532992323,5,False,28.84,0,0,0.65,2025-10-21 22:41:40.377933
synthetic_student_15,-1.5559415760180944,1,True,21.4,0,0,0.73,2025-10-30 22:41:40.377948
synthetic_student_15,-1.9711724486177702,1,False,27.04,0,0,0.34,2025-10-21 22:41:40.377963
synthetic_student_15,0.4559382784104189,3,True,40.13,0,0,0.74,2025-12-28 22:41:40.377978
synthetic_student_15,-0.8171706526053288,4,False,31.55,0,0,0.51,2026-01-11 22:41:40.377992
synthetic_student_15,-1.8612962561180124,7,False,22.15,0,1,0.68,2026-01-07 22:41:40.378007
synthetic_student_15,0.9016348918025736,5,False,28.35,0,0,0.44,2025-10-28 22:41:40.378023
synthetic_student_15,1.9415983323214134,1,False,40.36,1,0,0.52,2026-01-04 22:41:40.378038
synthetic_student_15,0.179039802935816,7,False,26.27,1,0,0.46,2025-11-14 22:41:40.378053
synthetic_student_15,0.8694947007094389,7,False,32.14,1,1,0.68,2025-11-06 22:41:40.378070
synthetic_student_15,-1.9810162745020827,4,True,24.67,0,0,0.96,2025-12-18 22:41:40.378100
synthetic_student_15,1.9822069607710406,10,False,38.64,0,1,0.67,2025-11-29 22:41:40.378115
synthetic_student_15,1.1370081542388797,3,False,29.32,1,0,0.38,2026-01-16 22:41:40.378136
synthetic_student_15,-0.6757769642644336,2,False,26.84,0,1,0.56,2025-10-30 22:41:40.378152
synthetic_student_15,1.4086278519727866,7,False,34.91,2,1,0.69,2025-11-22 22:41:40.378171
synthetic_student_15,1.119432436655539,10,False,37.71,0,0,0.68,2025-12-08 22:41:40.378186
synthetic_student_15,1.0133934991627078,4,False,36.86,0,1,0.57,2025-11-16 22:41:40.378201
synthetic_student_15,0.04553545128435932,9,False,24.31,1,0,0.52,2025-11-30 22:41:40.378216
synthetic_student_15,-0.3304266947881067,1,False,33.98,1,0,0.56,2025-11-11 22:41:40.378241
synthetic_student_15,-1.0551327488395783,4,False,29.05,0,0,0.46,2026-01-16 22:41:40.378261
synthetic_student_15,-0.9531097020995891,10,False,25.12,0,0,0.64,2026-01-04 22:41:40.378277
synthetic_student_15,-0.6752950421087158,3,False,28.49,0,0,0.57,2025-12-16 22:41:40.378295
synthetic_student_15,1.7298372304868996,4,False,38.79,1,0,0.55,2025-11-24 22:41:40.378309
synthetic_student_15,1.2433562252521102,5,False,29.94,0,0,0.47,2025-12-12 22:41:40.378323
synthetic_student_15,0.40928445025868454,4,True,31.72,0,0,0.97,2025-12-06 22:41:40.378338
synthetic_student_15,-1.135235522940714,3,False,19.98,0,0,0.48,2025-12-07 22:41:40.378353
synthetic_student_15,1.8446531072331882,9,False,42.81,0,0,0.61,2025-11-10 22:41:40.378367
synthetic_student_15,-1.704704981483748,8,False,25.42,0,1,0.48,2025-12-22 22:41:40.378381
synthetic_student_15,1.2975527690209954,7,False,38.33,2,0,0.34,2025-11-26 22:41:40.378396
synthetic_student_16,0.8114993499508394,10,True,26.84,2,0,0.86,2025-11-03 22:41:40.378413
synthetic_student_16,-1.6295243096443626,3,True,24.32,0,0,0.95,2025-12-02 22:41:40.378427
synthetic_student_16,-1.7493242336785855,6,True,22.83,0,0,0.77,2025-12-06 22:41:40.378444
synthetic_student_16,1.9860930069185563,8,False,37.13,0,0,0.67,2026-01-13 22:41:40.378463
synthetic_student_16,-1.4631642938526253,10,True,21.26,0,0,0.77,2026-01-07 22:41:40.378478
synthetic_student_16,0.7157451831168196,8,True,34.73,0,0,0.74,2025-12-31 22:41:40.378492
synthetic_student_16,0.4465018763791462,1,False,28.21,0,0,0.54,2025-12-15 22:41:40.378508
synthetic_student_16,0.7167304201751175,9,True,30.92,1,0,0.96,2025-11-04 22:41:40.378522
synthetic_student_16,1.7410031410479014,6,False,29.9,0,0,0.65,2026-01-04 22:41:40.378536
synthetic_student_16,0.5960939286806379,5,True,29.97,1,0,0.85,2025-10-31 22:41:40.378550
synthetic_student_16,-1.2125641780499197,8,True,25.18,0,1,0.89,2026-01-01 22:41:40.378564
synthetic_student_16,1.8860844935907948,6,False,27.28,4,0,0.63,2025-11-30 22:41:40.378579
synthetic_student_16,-0.7481297919359489,6,False,10.55,0,0,0.38,2025-12-15 22:41:40.378593
synthetic_student_16,0.9038265674026191,5,True,23.95,2,0,0.72,2025-10-30 22:41:40.378607
synthetic_student_16,-1.2233507288524135,10,True,15.9,0,0,0.82,2026-01-15 22:41:40.378622
synthetic_student_16,-0.7741312887901115,4,True,28.36,0,0,0.77,2025-11-16 22:41:40.378636
synthetic_student_16,0.5834369808663711,2,False,27.88,0,0,0.64,2026-01-08 22:41:40.378651
synthetic_student_16,0.7820904050841064,3,False,37.34,1,0,0.34,2026-01-10 22:41:40.378665
synthetic_student_16,1.1298949169949064,3,False,32.04,0,0,0.39,2025-11-22 22:41:40.378679
synthetic_student_16,-0.06868700251621362,9,True,22.14,1,0,0.87,2025-10-25 22:41:40.378694
synthetic_student_16,-1.5462960017329452,3,True,19.66,0,0,0.98,2026-01-10 22:41:40.378708
synthetic_student_16,-0.926239688959515,4,False,18.52,0,1,0.59,2025-12-27 22:41:40.378724
synthetic_student_16,0.4063459344445022,10,False,25.7,0,0,0.49,2026-01-08 22:41:40.378740
synthetic_student_16,1.6381437991427386,8,False,32.99,2,0,0.43,2025-12-23 22:41:40.378754
synthetic_student_16,-0.7784576536164978,8,False,27.94,0,1,0.58,2025-12-28 22:41:40.378768
synthetic_student_16,1.8991235765577796,7,False,34.88,1,0,0.69,2025-12-11 22:41:40.378782
synthetic_student_16,-0.17940453289695846,8,True,30.74,0,0,0.83,2025-11-23 22:41:40.378797
synthetic_student_16,-1.1787338806790775,10,False,34.61,1,0,0.32,2025-12-23 22:41:40.378811
synthetic_student_16,-0.6220906005623914,9,False,23.91,0,0,0.43,2025-11-22 22:41:40.378825
synthetic_student_16,-1.3419732767075474,10,False,24.05,0,0,0.4,2025-12-01 22:41:40.378840
synthetic_student_16,0.40251181908427913,4,False,31.19,1,0,0.64,2025-11-21 22:41:40.378854
synthetic_student_16,-1.8993663168637696,9,True,21.94,0,0,0.97,2025-12-20 22:41:40.378869
synthetic_student_16,1.5902089150237293,9,True,29.98,0,0,0.96,2025-12-03 22:41:40.378884
synthetic_student_16,1.8967209608689681,3,True,36.33,1,0,0.94,2025-11-09 22:41:40.378899
synthetic_student_16,1.491631399161971,6,False,28.99,0,0,0.34,2025-12-05 22:41:40.378913
synthetic_student_16,0.1215131211959739,3,False,12.37,1,0,0.37,2025-11-02 22:41:40.378927
synthetic_student_16,-1.0233681063111346,9,True,23.0,0,0,0.9,2026-01-12 22:41:40.378941
synthetic_student_16,1.405266753687921,5,False,32.13,0,0,0.7,2025-11-27 22:41:40.378955
synthetic_student_16,0.7877307945844607,5,False,33.05,0,0,0.4,2025-11-17 22:41:40.378970
synthetic_student_16,1.989505447283661,3,False,29.22,0,0,0.67,2025-11-12 22:41:40.378984
synthetic_student_16,1.6733352660542296,4,False,28.66,0,0,0.39,2025-10-26 22:41:40.378999
synthetic_student_16,-0.9871753137360102,5,False,21.78,0,0,0.43,2025-12-15 22:41:40.379014
synthetic_student_16,-1.9171161493254112,10,True,15.17,0,0,1.0,2025-12-28 22:41:40.379029
synthetic_student_16,-0.27997068456140806,2,True,16.62,0,0,0.75,2025-11-06 22:41:40.379043
synthetic_student_16,0.8705072026059844,1,False,28.2,0,0,0.56,2025-12-25 22:41:40.379058
synthetic_student_16,1.7128056044637447,4,False,31.99,0,0,0.5,2025-11-26 22:41:40.379074
synthetic_student_16,-0.7256870961494806,7,True,28.33,0,0,0.88,2026-01-14 22:41:40.379088
synthetic_student_16,0.5119840358994767,5,True,29.69,1,0,0.94,2025-11-04 22:41:40.379103
synthetic_student_16,-1.6090896885724324,10,True,24.79,1,0,0.96,2026-01-10 22:41:40.379117
synthetic_student_16,0.28974066442484014,1,False,25.53,0,0,0.32,2025-11-02 22:41:40.379132
synthetic_student_16,-1.534750884619689,3,True,23.64,0,0,0.85,2025-11-13 22:41:40.379147
synthetic_student_16,0.7158053446089103,10,False,19.41,0,0,0.33,2026-01-16 22:41:40.379161
synthetic_student_16,0.6084122285012961,6,True,28.14,1,0,0.97,2025-11-22 22:41:40.379174
synthetic_student_16,1.2155919650114524,10,False,33.69,1,0,0.41,2026-01-06 22:41:40.379188
synthetic_student_16,-1.8274991095117983,7,True,22.84,0,0,0.72,2025-11-17 22:41:40.379202
synthetic_student_16,-0.11998778490619566,3,True,28.92,1,0,0.76,2026-01-16 22:41:40.379216
synthetic_student_16,0.2704358506131741,4,False,27.23,0,0,0.61,2025-12-14 22:41:40.379229
synthetic_student_16,0.05530362234955799,7,True,30.46,0,0,0.89,2026-01-04 22:41:40.379243
synthetic_student_16,0.7110900349228628,10,False,24.27,0,0,0.34,2025-11-03 22:41:40.379257
synthetic_student_16,-1.6161559613265117,7,True,28.54,0,0,0.89,2025-12-06 22:41:40.379270
synthetic_student_16,1.8259957198575014,6,False,24.18,2,0,0.32,2026-01-05 22:41:40.379284
synthetic_student_16,1.377958535078375,1,False,32.62,1,0,0.52,2025-11-16 22:41:40.379299
synthetic_student_16,-0.7018124352494106,6,False,22.53,0,0,0.47,2025-11-24 22:41:40.379312
synthetic_student_16,0.2529088484133166,9,True,24.34,0,0,0.98,2025-11-17 22:41:40.379326
synthetic_student_16,1.1064305810299886,10,False,32.75,0,0,0.41,2025-10-21 22:41:40.379340
synthetic_student_16,1.0584141237247593,7,True,25.73,1,0,0.82,2025-11-19 22:41:40.379353
synthetic_student_16,0.31512049685161125,1,False,31.69,0,0,0.68,2026-01-02 22:41:40.379367
synthetic_student_16,-1.862485505889346,7,True,14.12,0,0,0.72,2025-11-30 22:41:40.379380
synthetic_student_16,-0.5636489969163994,6,True,37.04,0,0,0.97,2025-12-17 22:41:40.379393
synthetic_student_16,0.9689613222955327,6,True,28.35,1,0,0.99,2025-12-27 22:41:40.379407
synthetic_student_16,-0.4105514724405879,10,True,19.88,0,0,0.96,2026-01-13 22:41:40.379421
synthetic_student_16,-0.9853252898472573,9,True,25.22,1,0,0.99,2025-10-22 22:41:40.379435
synthetic_student_16,-0.32064225262381063,10,False,29.66,0,0,0.47,2025-12-02 22:41:40.379448
synthetic_student_16,1.3594239152930445,8,True,30.51,0,0,0.73,2025-12-11 22:41:40.379462
synthetic_student_16,0.026573588423947303,1,False,33.86,1,0,0.39,2026-01-10 22:41:40.379475
synthetic_student_16,1.8502420431076074,3,False,33.49,0,0,0.5,2025-11-12 22:41:40.379489
synthetic_student_16,-1.5864990690901326,6,True,15.03,0,0,0.97,2025-12-27 22:41:40.379502
synthetic_student_16,-1.3754093661567692,6,True,13.58,1,0,0.77,2025-12-01 22:41:40.379516
synthetic_student_16,-1.6523204130147802,10,True,25.01,0,1,0.75,2026-01-18 22:41:40.379530
synthetic_student_16,-1.3578608026432248,1,True,19.54,0,0,0.73,2025-11-10 22:41:40.379544
synthetic_student_16,-1.316490334994271,6,True,28.3,0,0,0.99,2026-01-11 22:41:40.379559
synthetic_student_16,-0.7937159896042925,3,True,21.37,0,0,0.7,2025-11-09 22:41:40.379572
synthetic_student_16,-0.42853004997531663,4,True,25.34,0,0,0.9,2026-01-19 22:41:40.379586
synthetic_student_16,1.2257858607675844,10,False,30.76,0,0,0.68,2026-01-08 22:41:40.379600
synthetic_student_16,-1.996566002404089,3,True,13.57,0,0,0.87,2025-11-18 22:41:40.379614
synthetic_student_16,1.448250424944773,7,False,34.37,1,0,0.46,2025-11-20 22:41:40.379630
synthetic_student_16,1.4796823810053938,10,False,37.55,3,0,0.41,2025-10-25 22:41:40.379644
synthetic_student_16,-0.2875786478291751,9,True,22.96,0,0,0.89,2025-11-27 22:41:40.379658
synthetic_student_16,-1.86668836832767,2,True,12.29,0,0,0.99,2025-12-06 22:41:40.379674
synthetic_student_16,1.7239817964357012,4,False,30.09,0,0,0.38,2025-12-21 22:41:40.379688
synthetic_student_16,-0.18109778431956824,3,True,28.64,0,0,0.82,2025-11-03 22:41:40.379701
synthetic_student_16,1.958839447013108,3,False,29.94,2,0,0.38,2026-01-09 22:41:40.379715
synthetic_student_16,1.0667297211260838,1,False,32.9,0,0,0.39,2025-12-22 22:41:40.379729
synthetic_student_16,-1.6427041954253627,3,True,19.55,0,0,0.96,2025-12-25 22:41:40.379742
synthetic_student_16,-1.8971157202022089,5,True,23.56,0,0,0.77,2025-12-27 22:41:40.379756
synthetic_student_16,1.649343867534823,7,False,33.59,2,0,0.58,2025-10-25 22:41:40.379770
synthetic_student_16,-0.6641189593412573,1,True,28.94,0,0,0.75,2025-12-08 22:41:40.379783
synthetic_student_16,0.4273880390685858,7,False,29.62,0,0,0.7,2025-12-11 22:41:40.379797
synthetic_student_16,1.331018497568734,8,False,33.97,2,0,0.66,2025-12-15 22:41:40.379811
synthetic_student_16,0.29383352140198093,3,True,33.01,0,0,0.76,2025-12-10 22:41:40.379824
synthetic_student_17,-1.2528998737193646,5,False,30.71,1,0,0.51,2025-11-07 22:41:40.379840
synthetic_student_17,-1.054202156465725,8,False,31.6,0,0,0.46,2025-11-10 22:41:40.379854
synthetic_student_17,-0.8801268205274271,7,True,33.39,0,0,0.76,2025-11-27 22:41:40.379868
synthetic_student_17,-0.6973608900625421,8,False,31.51,0,0,0.68,2026-01-19 22:41:40.379882
synthetic_student_17,0.5346808605155684,5,False,39.15,1,0,0.44,2025-11-17 22:41:40.379896
synthetic_student_17,1.3537168628235765,4,False,30.14,0,0,0.4,2026-01-15 22:41:40.379910
synthetic_student_17,0.4738665399590327,2,False,41.77,0,0,0.68,2025-12-12 22:41:40.379924
synthetic_student_17,-0.6448519017353154,7,True,34.8,0,0,0.8,2025-11-08 22:41:40.379937
synthetic_student_17,-0.17659442233281464,2,False,31.16,0,0,0.68,2025-12-29 22:41:40.379951
synthetic_student_17,-1.7629245298293728,1,True,25.06,0,0,0.8,2026-01-02 22:41:40.379965
synthetic_student_17,0.4480802889861817,5,False,40.03,0,0,0.32,2026-01-18 22:41:40.379978
synthetic_student_17,1.9259146840028203,1,False,41.43,0,0,0.55,2025-11-04 22:41:40.379992
synthetic_student_17,-1.5279713122242913,9,True,25.67,0,0,0.94,2025-12-22 22:41:40.380006
synthetic_student_17,-1.5083416861818306,5,True,31.69,0,0,0.82,2025-10-24 22:41:40.380019
synthetic_student_17,1.1288901360076151,1,False,31.79,1,0,0.38,2025-11-18 22:41:40.380033
synthetic_student_17,-1.6395899746149705,2,True,24.21,0,0,0.76,2025-11-19 22:41:40.380047
synthetic_student_17,-0.5064596445495613,8,False,35.94,2,0,0.49,2025-12-01 22:41:40.380062
synthetic_student_17,-1.2141031165830736,2,False,25.89,2,0,0.46,2026-01-13 22:41:40.380077
synthetic_student_17,0.3657404399577935,7,False,38.9,0,1,0.7,2025-11-08 22:41:40.380090
synthetic_student_17,-0.8085429417053334,10,False,31.72,0,0,0.35,2026-01-04 22:41:40.380105
synthetic_student_17,1.1600461409639609,7,False,40.25,0,0,0.57,2025-10-25 22:41:40.380119
synthetic_student_17,-0.566278759304887,6,True,28.72,0,1,0.98,2025-10-21 22:41:40.380132
synthetic_student_17,-0.9294627748502804,5,False,37.4,1,0,0.44,2025-12-04 22:41:40.380146
synthetic_student_17,1.6538407142123805,6,False,46.12,3,0,0.6,2025-12-10 22:41:40.380160
synthetic_student_17,1.2355476192337669,1,False,46.57,1,0,0.66,2025-12-15 22:41:40.380173
synthetic_student_17,0.7220636146526296,5,False,52.64,1,0,0.46,2025-12-10 22:41:40.380187
synthetic_student_17,0.5340606898849236,2,False,41.09,2,0,0.49,2026-01-17 22:41:40.380201
synthetic_student_17,0.35641684165278376,8,True,37.13,2,0,0.79,2025-10-31 22:41:40.380215
synthetic_student_17,-0.6539406781736199,5,True,24.58,0,0,0.96,2026-01-18 22:41:40.380228
synthetic_student_17,1.3821996310093847,5,False,40.45,0,0,0.6,2026-01-15 22:41:40.380254
synthetic_student_17,1.6435075413578835,6,False,39.27,1,0,0.46,2026-01-16 22:41:40.380268
synthetic_student_17,0.07150277352561929,1,False,40.35,0,0,0.6,2025-12-23 22:41:40.380283
synthetic_student_17,-0.2933861180060573,6,False,40.65,1,0,0.32,2025-11-14 22:41:40.380296
synthetic_student_17,-1.32545740953872,7,False,20.46,0,1,0.34,2025-11-20 22:41:40.380310
synthetic_student_17,1.7801473329357576,9,False,42.99,1,0,0.58,2025-10-30 22:41:40.380323
synthetic_student_17,1.3396774218169702,5,False,44.74,0,0,0.51,2025-12-06 22:41:40.380337
synthetic_student_17,-1.3345942643934632,10,True,33.15,0,0,0.95,2025-12-31 22:41:40.380350
synthetic_student_17,-0.03211412837053906,5,True,31.91,0,0,0.96,2025-12-01 22:41:40.380363
synthetic_student_17,-0.22830597775900197,7,False,42.0,0,0,0.69,2025-11-23 22:41:40.380564
synthetic_student_17,0.49039779154786833,6,False,45.92,0,0,0.46,2025-12-03 22:41:40.380654
synthetic_student_17,-0.08574492574066017,2,False,35.62,0,0,0.4,2026-01-09 22:41:40.380674
synthetic_student_17,-0.3203198442877375,10,False,36.18,0,0,0.42,2025-11-10 22:41:40.380689
synthetic_student_17,-1.7738598675272739,6,False,32.51,0,0,0.55,2025-12-05 22:41:40.380704
synthetic_student_17,1.3315579660381114,7,False,40.23,1,0,0.39,2025-10-28 22:41:40.380718
synthetic_student_17,-1.9410408806538726,2,False,25.6,0,0,0.32,2025-12-23 22:41:40.380732
synthetic_student_17,-1.2040834281792439,8,False,21.55,0,1,0.42,2026-01-07 22:41:40.380746
synthetic_student_17,1.5458072712010575,2,False,49.01,2,0,0.47,2025-11-08 22:41:40.380760
synthetic_student_17,1.8816247602412575,3,False,37.96,0,0,0.47,2025-11-09 22:41:40.380773
synthetic_student_17,-1.529124832050857,5,False,33.14,0,0,0.38,2026-01-07 22:41:40.380788
synthetic_student_17,0.04139528174126017,6,False,34.08,0,0,0.57,2025-12-18 22:41:40.380802
synthetic_student_17,0.25985138035613353,6,False,31.22,0,0,0.53,2025-11-02 22:41:40.380817
synthetic_student_17,-1.7715331381813972,1,True,30.62,0,0,0.87,2026-01-05 22:41:40.380830
synthetic_student_17,1.2572339399727839,5,False,37.06,0,0,0.55,2025-12-17 22:41:40.380843
synthetic_student_17,-1.1151179609287216,9,True,27.08,1,0,0.8,2025-12-18 22:41:40.380857
synthetic_student_17,-1.7162266931759826,8,False,36.41,1,0,0.7,2025-12-05 22:41:40.380870
synthetic_student_17,-0.8215517283941112,5,False,29.92,1,0,0.55,2025-11-05 22:41:40.380884
synthetic_student_17,-1.781724698831916,6,False,25.34,0,0,0.52,2025-12-30 22:41:40.380897
synthetic_student_17,0.9705578544156621,10,False,37.58,0,0,0.46,2025-11-16 22:41:40.380910
synthetic_student_17,0.24631173352829316,2,False,36.76,1,0,0.55,2026-01-15 22:41:40.380925
synthetic_student_17,0.4009774125214789,5,False,37.4,0,0,0.42,2025-10-25 22:41:40.381007
synthetic_student_17,-1.6213130935932938,4,True,18.04,0,0,0.91,2025-12-02 22:41:40.381042
synthetic_student_17,1.5994930563228054,10,False,34.16,1,0,0.69,2026-01-02 22:41:40.381058
synthetic_student_17,1.0292421878888591,5,False,35.87,0,0,0.55,2026-01-06 22:41:40.381072
synthetic_student_17,1.7972318127658102,9,False,30.71,0,0,0.35,2025-12-13 22:41:40.381086
synthetic_student_17,1.7092932668369687,8,False,39.82,0,0,0.63,2026-01-09 22:41:40.381100
synthetic_student_17,-0.3661120763031134,1,False,35.16,1,0,0.59,2025-12-19 22:41:40.381113
synthetic_student_17,0.6742665599303805,9,False,38.05,0,0,0.42,2025-11-22 22:41:40.381127
synthetic_student_17,1.6798285688487495,5,False,43.03,1,0,0.61,2025-12-13 22:41:40.381140
synthetic_student_17,0.5142937864987882,1,True,38.49,1,0,0.99,2025-11-15 22:41:40.381153
synthetic_student_17,-0.6554082260969043,5,False,30.42,0,0,0.46,2025-12-16 22:41:40.381167
synthetic_student_17,-0.4182450668100919,2,False,37.58,0,0,0.34,2025-11-24 22:41:40.381181
synthetic_student_17,0.013335856053168449,8,False,33.77,0,0,0.53,2025-10-31 22:41:40.381194
synthetic_student_17,-0.17324586232558525,2,False,31.46,1,0,0.51,2025-11-13 22:41:40.381207
synthetic_student_17,0.3691464561752418,4,False,29.58,1,0,0.51,2025-12-28 22:41:40.381225
synthetic_student_17,1.278600137595121,4,False,44.14,0,0,0.32,2025-12-24 22:41:40.381240
synthetic_student_17,-1.6955693770227969,10,True,27.17,0,0,1.0,2025-11-06 22:41:40.381254
synthetic_student_17,0.9892632741574805,6,False,41.11,2,0,0.38,2025-10-31 22:41:40.381267
synthetic_student_17,-0.9118985168727765,3,False,35.91,0,0,0.3,2025-11-28 22:41:40.381280
synthetic_student_17,0.4489689162807826,7,False,35.17,0,0,0.47,2025-11-16 22:41:40.381295
synthetic_student_17,0.3664755931010246,9,False,37.21,1,0,0.58,2026-01-18 22:41:40.381308
synthetic_student_17,0.28397853193251654,3,False,36.11,0,0,0.57,2025-10-30 22:41:40.381323
synthetic_student_17,0.2771492906037394,1,False,29.15,0,0,0.49,2025-12-03 22:41:40.381336
synthetic_student_17,1.187153298442901,6,False,44.19,0,0,0.55,2025-12-14 22:41:40.381350
synthetic_student_17,0.7659349280856849,3,False,36.09,0,0,0.6,2025-12-07 22:41:40.381363
synthetic_student_17,-0.7249782567001906,9,True,30.59,1,0,0.8,2025-12-26 22:41:40.381377
synthetic_student_17,-1.7899588589623598,6,True,25.61,0,0,0.77,2026-01-17 22:41:40.381477
synthetic_student_17,-0.12172839325997309,6,True,39.5,0,0,0.82,2025-12-19 22:41:40.381516
synthetic_student_17,-0.06183322616354969,2,False,38.74,0,0,0.32,2025-11-26 22:41:40.381558
synthetic_student_17,-1.2256566885929874,7,False,22.06,1,0,0.62,2025-12-23 22:41:40.381574
synthetic_student_17,-1.248985481237456,4,False,30.97,0,0,0.66,2025-11-18 22:41:40.381596
synthetic_student_17,-1.5434285692753975,5,True,27.94,0,0,0.96,2025-12-30 22:41:40.381610
synthetic_student_17,-0.9377128118652243,10,False,32.65,0,0,0.58,2025-12-09 22:41:40.381623
synthetic_student_17,0.8766974163250869,2,False,37.3,0,0,0.53,2025-12-14 22:41:40.381636
synthetic_student_17,0.1940470441776263,2,False,31.14,0,0,0.6,2026-01-02 22:41:40.381649
synthetic_student_17,0.22410969224978805,3,False,37.75,1,0,0.5,2025-11-11 22:41:40.381662
synthetic_student_17,-0.7891587358838916,7,False,30.41,0,0,0.58,2025-12-03 22:41:40.381675
synthetic_student_17,0.7126523288193405,10,False,29.02,0,0,0.44,2026-01-08 22:41:40.381688
synthetic_student_17,-1.941354893076702,8,False,27.42,0,0,0.56,2026-01-16 22:41:40.381705
synthetic_student_17,-1.1995156639442226,1,False,27.69,0,0,0.55,2026-01-02 22:41:40.381719
synthetic_student_17,0.6616006940103731,1,False,44.35,0,0,0.4,2025-10-27 22:41:40.381732
synthetic_student_18,-1.0473367344375064,1,False,29.52,1,0,0.53,2025-12-23 22:41:40.381750
synthetic_student_18,0.1936707876640118,7,False,32.34,2,0,0.54,2025-11-18 22:41:40.381764
synthetic_student_18,-1.6389621584873724,3,False,27.98,0,0,0.63,2025-12-15 22:41:40.381782
synthetic_student_18,1.9529378025454203,6,False,43.23,0,0,0.64,2025-11-26 22:41:40.381795
synthetic_student_18,0.5536341580176791,5,False,36.38,1,0,0.61,2025-11-05 22:41:40.381809
synthetic_student_18,1.819423319435975,10,False,47.21,1,0,0.31,2025-12-26 22:41:40.381822
synthetic_student_18,1.136736509267989,3,False,35.29,0,0,0.46,2025-12-19 22:41:40.381836
synthetic_student_18,-1.0745104426122998,4,True,26.55,2,0,0.87,2025-12-31 22:41:40.381849
synthetic_student_18,0.5949793182930838,2,True,33.71,2,0,0.71,2025-11-16 22:41:40.381862
synthetic_student_18,0.7726832574963676,2,True,32.9,2,0,0.81,2026-01-12 22:41:40.381877
synthetic_student_18,-0.21299413671087608,3,False,29.7,0,0,0.68,2025-11-22 22:41:40.381890
synthetic_student_18,-0.30221899256643114,4,False,34.26,0,0,0.32,2025-12-31 22:41:40.381904
synthetic_student_18,1.1197728000113472,8,False,32.54,0,1,0.49,2026-01-08 22:41:40.381919
synthetic_student_18,-0.06971259258404183,4,False,31.56,0,0,0.33,2025-11-19 22:41:40.381932
synthetic_student_18,-1.5089624552355003,8,True,24.09,0,0,0.78,2025-12-09 22:41:40.381946
synthetic_student_18,0.6019167862513721,9,False,37.74,1,0,0.56,2025-12-17 22:41:40.381968
synthetic_student_18,-1.7567666960275865,10,True,26.86,0,0,0.86,2025-10-31 22:41:40.381982
synthetic_student_18,-1.448382939767459,3,False,27.91,0,0,0.44,2025-10-28 22:41:40.381997
synthetic_student_18,-1.0288681501363874,1,True,32.09,0,0,0.79,2025-11-03 22:41:40.382010
synthetic_student_18,0.307616164428385,8,False,36.57,0,0,0.57,2025-12-17 22:41:40.382022
synthetic_student_18,-1.8331137531864194,10,True,31.74,0,0,0.75,2026-01-18 22:41:40.382036
synthetic_student_18,0.31675039277782213,8,False,28.29,0,0,0.46,2025-12-31 22:41:40.382050
synthetic_student_18,-1.648819330020046,2,False,27.03,0,0,0.43,2025-11-24 22:41:40.382063
synthetic_student_18,-1.5820397838956244,2,True,22.2,0,1,0.9,2025-12-30 22:41:40.382076
synthetic_student_18,-1.5431890605313057,5,True,23.65,0,0,0.77,2025-12-18 22:41:40.382090
synthetic_student_18,1.4258036550291573,7,False,43.98,2,0,0.36,2025-11-27 22:41:40.382103
synthetic_student_18,1.8024795069072144,2,False,45.39,0,0,0.43,2025-10-28 22:41:40.382117
synthetic_student_18,0.5700254618955602,9,False,36.84,0,0,0.38,2026-01-11 22:41:40.382130
synthetic_student_18,-1.157084611492773,10,False,21.52,0,0,0.54,2025-12-09 22:41:40.382144
synthetic_student_18,1.9418671572284105,4,True,44.18,0,0,0.94,2025-12-16 22:41:40.382157
synthetic_student_18,-1.5309608493116698,9,True,20.05,0,0,0.81,2026-01-01 22:41:40.382170
synthetic_student_18,0.5542291607343603,1,False,41.66,0,1,0.58,2025-11-04 22:41:40.382183
synthetic_student_18,-0.10427334134672872,1,False,40.9,0,0,0.52,2026-01-01 22:41:40.382197
synthetic_student_18,-1.0788428920295607,8,True,43.14,0,1,0.81,2025-11-17 22:41:40.382209
synthetic_student_18,-1.737432832496049,3,False,22.33,0,0,0.4,2025-12-27 22:41:40.382223
synthetic_student_18,1.189717197915439,9,False,32.91,1,0,0.6,2025-11-01 22:41:40.382236
synthetic_student_18,1.5002008103630957,2,True,37.99,0,0,0.89,2026-01-08 22:41:40.382250
synthetic_student_18,1.1864682107528126,2,False,35.91,0,0,0.31,2025-11-18 22:41:40.382264
synthetic_student_18,-1.4402069095375802,1,False,22.37,0,0,0.56,2025-12-02 22:41:40.382277
synthetic_student_18,0.9638186350690638,9,False,34.4,0,0,0.5,2026-01-13 22:41:40.382290
synthetic_student_18,0.5342603398534833,6,False,33.35,0,0,0.32,2025-12-10 22:41:40.382304
synthetic_student_18,-1.2826913945870526,9,False,27.97,1,0,0.58,2025-12-02 22:41:40.382316
synthetic_student_18,0.995263528994403,9,False,35.67,0,0,0.36,2025-12-29 22:41:40.382329
synthetic_student_18,1.6350382807615471,3,False,38.24,1,0,0.44,2025-10-21 22:41:40.382343
synthetic_student_18,0.7887631766696734,2,True,28.65,1,0,0.71,2025-11-28 22:41:40.382356
synthetic_student_18,0.5847279091555686,5,True,35.37,0,0,0.7,2025-12-08 22:41:40.382369
synthetic_student_18,-0.5178516613048472,7,False,33.34,0,0,0.61,2025-12-09 22:41:40.382383
synthetic_student_18,-0.018291670896595225,5,True,40.85,0,0,0.88,2025-11-10 22:41:40.382396
synthetic_student_18,-1.8681002384034904,6,False,25.86,0,0,0.4,2026-01-02 22:41:40.382409
synthetic_student_18,-0.1356346366655239,6,False,28.79,0,0,0.31,2026-01-11 22:41:40.382422
synthetic_student_18,-0.6821513885906181,9,False,31.57,0,1,0.64,2025-11-18 22:41:40.382435
synthetic_student_18,0.8054087530440817,7,False,33.49,2,0,0.57,2025-12-10 22:41:40.382448
synthetic_student_18,1.8828559640864069,1,True,38.95,1,0,0.72,2025-12-07 22:41:40.382461
synthetic_student_18,-1.9289325571648268,10,True,27.26,0,0,0.8,2025-12-17 22:41:40.382474
synthetic_student_18,-1.608164606828451,6,True,25.85,0,1,0.91,2025-11-23 22:41:40.382487
synthetic_student_18,-1.8097323563771677,2,False,23.81,0,1,0.64,2025-11-03 22:41:40.382500
synthetic_student_18,1.7127347497186771,7,False,36.91,0,0,0.31,2025-12-18 22:41:40.382514
synthetic_student_18,-1.31638513629776,6,False,29.03,0,0,0.69,2026-01-05 22:41:40.382528
synthetic_student_18,0.7388159715980338,3,False,37.03,0,0,0.35,2025-12-16 22:41:40.382545
synthetic_student_18,0.9672041980697808,2,True,32.61,0,0,0.87,2025-10-31 22:41:40.382559
synthetic_student_18,-0.6021198894079136,3,False,32.88,1,1,0.63,2025-11-06 22:41:40.382573
synthetic_student_18,-1.560565208763916,10,True,26.78,0,0,0.94,2026-01-03 22:41:40.382586
synthetic_student_18,1.3862839778483775,4,False,30.4,0,0,0.33,2026-01-04 22:41:40.382599
synthetic_student_18,-0.2534104034324631,1,False,38.8,0,0,0.57,2026-01-10 22:41:40.382613
synthetic_student_18,0.39014604077159687,5,True,33.71,0,0,0.96,2025-12-02 22:41:40.382626
synthetic_student_18,0.5315756194368264,2,False,36.92,0,0,0.55,2025-11-11 22:41:40.382639
synthetic_student_18,1.9117008087086322,8,False,39.54,0,0,0.45,2025-12-15 22:41:40.382652
synthetic_student_18,-0.1911131591796833,4,True,32.58,0,1,0.91,2025-12-21 22:41:40.382665
synthetic_student_18,0.2336706225142322,6,False,36.04,1,0,0.51,2026-01-14 22:41:40.382678
synthetic_student_18,0.5800889523605313,6,False,42.2,1,0,0.65,2025-10-28 22:41:40.382691
synthetic_student_18,0.20698808479057895,5,False,37.45,1,0,0.67,2025-12-22 22:41:40.382704
synthetic_student_18,0.4460885175336817,10,False,32.26,0,0,0.63,2026-01-11 22:41:40.382718
synthetic_student_18,-0.9095063985912035,6,False,37.02,0,0,0.48,2026-01-07 22:41:40.382731
synthetic_student_18,-0.5517804062602694,3,True,29.46,0,0,0.96,2025-12-27 22:41:40.382744
synthetic_student_18,0.27105715042711953,7,False,27.04,1,0,0.48,2025-12-27 22:41:40.382757
synthetic_student_18,-0.278745462038815,1,True,37.18,0,0,0.99,2025-11-21 22:41:40.382773
synthetic_student_18,-0.7496355674847943,7,False,26.99,1,0,0.61,2026-01-08 22:41:40.382789
synthetic_student_18,-1.4359877142188164,10,True,20.47,0,0,0.81,2026-01-05 22:41:40.382802
synthetic_student_18,1.147442290346155,10,False,35.6,0,0,0.39,2025-12-19 22:41:40.382815
synthetic_student_18,0.8491926402292349,5,False,37.73,1,1,0.51,2025-11-01 22:41:40.382830
synthetic_student_18,-1.9251302666534356,4,True,24.84,0,0,0.93,2025-11-06 22:41:40.382843
synthetic_student_18,1.351947316993801,5,False,42.89,4,0,0.7,2026-01-18 22:41:40.382860
synthetic_student_18,-1.79125972347512,7,True,30.32,0,0,0.91,2025-10-21 22:41:40.382876
synthetic_student_18,0.6107022820316979,6,False,29.75,0,0,0.66,2025-10-30 22:41:40.382889
synthetic_student_18,0.29629174459582464,8,True,29.21,0,1,0.84,2025-11-13 22:41:40.382902
synthetic_student_18,1.9381307766942588,8,False,49.72,1,0,0.69,2025-12-14 22:41:40.382915
synthetic_student_18,-0.4007844088946504,10,True,28.56,0,1,0.77,2025-12-14 22:41:40.382929
synthetic_student_18,1.7380164489821932,8,False,41.5,0,0,0.49,2026-01-04 22:41:40.382943
synthetic_student_18,1.7715932164522856,8,False,47.38,0,0,0.6,2025-12-31 22:41:40.382959
synthetic_student_18,1.1355140006554851,5,False,38.73,0,0,0.4,2025-10-26 22:41:40.382972
synthetic_student_18,-1.9898882294247269,7,False,27.01,0,0,0.59,2025-12-24 22:41:40.382986
synthetic_student_18,-1.5616635357008475,1,False,23.47,0,0,0.42,2026-01-06 22:41:40.382999
synthetic_student_18,1.2213819424068388,9,False,24.74,0,1,0.61,2025-10-27 22:41:40.383013
synthetic_student_18,1.907021017964058,1,True,33.45,1,0,0.78,2026-01-06 22:41:40.383027
synthetic_student_18,-0.06782061503171466,1,False,31.76,2,0,0.5,2025-12-17 22:41:40.383040
synthetic_student_18,-1.5374847870984971,6,True,33.04,1,0,0.86,2025-11-23 22:41:40.383055
synthetic_student_18,-1.0157928317794829,6,False,26.23,0,0,0.36,2025-12-08 22:41:40.383069
synthetic_student_18,1.9502695746843992,9,False,43.22,0,0,0.42,2025-11-23 22:41:40.383082
synthetic_student_18,0.6004930901702101,8,False,31.95,0,1,0.47,2025-12-19 22:41:40.383095
synthetic_student_18,-0.9745201251676341,10,True,36.56,0,0,0.77,2025-11-10 22:41:40.383108
synthetic_student_19,1.6058132527302011,6,False,33.78,1,0,0.66,2025-12-25 22:41:40.383122
synthetic_student_19,-1.0930914038540753,5,True,21.93,0,0,0.96,2025-12-22 22:41:40.383138
synthetic_student_19,0.38375027040423637,9,True,22.79,1,0,0.79,2025-11-21 22:41:40.383151
synthetic_student_19,1.6466776878496239,7,False,19.33,0,0,0.6,2026-01-02 22:41:40.383165
synthetic_student_19,-0.1565329874387542,3,True,24.49,0,0,0.74,2025-12-11 22:41:40.383178
synthetic_student_19,-0.9162398226053416,7,True,30.2,0,0,0.75,2025-12-07 22:41:40.383192
synthetic_student_19,-0.5746195087171184,6,True,20.1,0,0,0.91,2025-11-30 22:41:40.383225
synthetic_student_19,1.8338897522592634,8,False,27.16,1,0,0.55,2025-11-13 22:41:40.383241
synthetic_student_19,0.07345917069581143,1,True,26.11,1,0,0.86,2025-11-27 22:41:40.383255
synthetic_student_19,0.31363852723833396,3,True,29.73,0,0,0.94,2025-10-28 22:41:40.383269
synthetic_student_19,-0.8812933552533293,6,True,13.19,1,0,0.79,2025-12-30 22:41:40.383284
synthetic_student_19,-0.3081192025398569,3,True,24.49,0,0,0.9,2025-10-31 22:41:40.383298
synthetic_student_19,0.5222070195496835,1,True,24.42,0,0,0.97,2025-11-23 22:41:40.383312
synthetic_student_19,-1.217992762633457,6,True,21.53,0,0,0.79,2025-12-30 22:41:40.383326
synthetic_student_19,-1.0261627570413907,4,True,14.0,0,0,0.93,2025-12-20 22:41:40.383342
synthetic_student_19,-1.3395710161631524,9,True,26.8,0,0,0.92,2025-12-27 22:41:40.383356
synthetic_student_19,1.4305478553357966,2,True,30.05,2,0,0.76,2025-12-14 22:41:40.383370
synthetic_student_19,-0.3623865568758471,2,True,22.17,0,0,0.82,2025-12-01 22:41:40.383384
synthetic_student_19,-1.6199136562250618,1,True,11.07,0,1,0.93,2025-11-24 22:41:40.383399
synthetic_student_19,1.9050666461271946,1,False,25.71,0,0,0.39,2026-01-16 22:41:40.383412
synthetic_student_19,-1.1953106999085907,1,True,25.79,0,0,0.9,2026-01-07 22:41:40.383427
synthetic_student_19,1.4369895687973915,7,True,28.05,0,1,0.72,2026-01-03 22:41:40.383441
synthetic_student_19,-1.3682053949145394,3,True,11.05,0,0,0.97,2025-12-15 22:41:40.383455
synthetic_student_19,-0.4636574838419598,5,False,22.24,1,0,0.56,2025-10-27 22:41:40.383469
synthetic_student_19,1.0630540806302688,2,False,28.9,0,1,0.54,2025-12-08 22:41:40.383483
synthetic_student_19,1.478273263198723,4,True,27.58,0,0,0.73,2025-11-05 22:41:40.383497
synthetic_student_19,-0.9007180294369954,2,True,21.3,0,0,0.97,2025-12-24 22:41:40.383511
synthetic_student_19,0.7781138496300595,8,True,27.94,2,0,0.76,2025-11-12 22:41:40.383524
synthetic_student_19,-1.7462512768925347,4,True,15.66,0,0,0.93,2025-12-29 22:41:40.383539
synthetic_student_19,1.9120258936856938,10,False,26.29,2,0,0.61,2026-01-06 22:41:40.383552
synthetic_student_19,-0.2309179847990328,9,True,21.98,0,0,0.93,2025-11-19 22:41:40.383566
synthetic_student_19,0.11365431777514523,2,False,21.69,1,0,0.52,2025-12-07 22:41:40.383580
synthetic_student_19,-1.4349238748103952,1,True,11.71,0,0,0.89,2026-01-01 22:41:40.383594
synthetic_student_19,0.7998955410319324,2,True,27.06,1,0,0.74,2025-12-24 22:41:40.383608
synthetic_student_19,1.6721168222841327,9,False,30.37,1,0,0.53,2026-01-12 22:41:40.383624
synthetic_student_19,0.5760881946700014,6,True,24.95,0,0,0.9,2026-01-08 22:41:40.383639
synthetic_student_19,-0.9399917259211077,6,True,25.3,0,0,0.85,2026-01-01 22:41:40.383653
synthetic_student_19,-0.47887121285998546,7,True,21.09,0,0,0.88,2025-12-21 22:41:40.383667
synthetic_student_19,1.6967240663615506,7,True,32.61,3,0,0.74,2025-12-20 22:41:40.383681
synthetic_student_19,-1.2511671363642827,4,True,18.54,0,0,0.76,2025-10-27 22:41:40.383694
synthetic_student_19,-1.4242424426240219,2,False,16.61,0,0,0.49,2025-11-15 22:41:40.383710
synthetic_student_19,1.6779053499061596,3,False,30.05,0,1,0.37,2025-11-15 22:41:40.383725
synthetic_student_19,-0.5125375744008855,9,True,14.28,0,0,0.76,2026-01-11 22:41:40.383739
synthetic_student_19,0.49738804220631483,8,True,27.24,0,0,0.79,2026-01-11 22:41:40.383755
synthetic_student_19,1.937417842210258,8,True,24.41,2,0,0.91,2025-10-22 22:41:40.383770
synthetic_student_19,1.858892761480218,7,True,25.95,2,1,1.0,2025-12-28 22:41:40.383784
synthetic_student_19,-0.8444226606301162,4,True,25.58,0,0,0.77,2025-11-16 22:41:40.383798
synthetic_student_19,-0.11925609913880475,5,True,19.26,0,0,0.75,2026-01-15 22:41:40.383812
synthetic_student_19,-1.1765361461306094,7,True,16.84,0,0,0.78,2025-11-11 22:41:40.383828
synthetic_student_19,-1.0505953032740472,5,True,11.95,1,0,0.79,2025-11-30 22:41:40.383842
synthetic_student_19,-0.9745546734823902,10,True,15.63,0,1,0.97,2025-12-08 22:41:40.383856
synthetic_student_19,0.3820883115421494,5,False,28.74,0,0,0.49,2025-10-25 22:41:40.383870
synthetic_student_19,-1.2882976160311177,2,True,12.2,0,0,0.94,2025-11-11 22:41:40.383885
synthetic_student_19,0.15357989901167324,1,False,22.16,0,0,0.6,2026-01-19 22:41:40.383905
synthetic_student_19,0.016302729411746597,9,True,26.49,1,0,0.82,2026-01-12 22:41:40.383938
synthetic_student_19,-0.9232732042517515,2,True,20.91,0,0,0.78,2025-11-18 22:41:40.383953
synthetic_student_19,-1.010864394606101,6,True,18.5,1,0,0.87,2025-12-04 22:41:40.383968
synthetic_student_19,1.9653182163129967,6,True,28.19,0,0,0.85,2026-01-03 22:41:40.383981
synthetic_student_19,-0.40977552705830567,6,True,27.17,2,0,0.83,2026-01-15 22:41:40.383996
synthetic_student_19,-0.18497457936499995,3,True,26.89,1,0,0.98,2025-11-10 22:41:40.384010
synthetic_student_19,-1.0929493060467834,3,True,24.31,0,0,0.86,2025-11-27 22:41:40.384024
synthetic_student_19,0.39602413373037315,3,True,27.71,0,0,0.91,2025-10-30 22:41:40.384038
synthetic_student_19,1.94510279995295,1,True,19.73,0,0,0.96,2026-01-04 22:41:40.384052
synthetic_student_19,-1.4759892925418283,9,False,24.86,0,0,0.68,2025-12-08 22:41:40.384066
synthetic_student_19,-0.49450558205695927,1,True,15.46,0,0,0.92,2026-01-01 22:41:40.384080
synthetic_student_19,-1.5692661447382692,1,True,17.33,0,0,0.95,2026-01-05 22:41:40.384095
synthetic_student_19,-0.328456518772164,7,True,24.52,0,0,0.96,2025-11-18 22:41:40.384109
synthetic_student_19,1.8332331719816728,3,False,33.67,2,0,0.67,2025-11-16 22:41:40.384129
synthetic_student_19,0.5939252959942221,7,True,24.66,1,0,0.74,2025-10-22 22:41:40.384145
synthetic_student_19,1.3239709978006,2,False,23.45,2,0,0.5,2025-11-12 22:41:40.384160
synthetic_student_19,-1.2236317937825976,6,True,15.33,1,0,0.83,2025-11-21 22:41:40.384176
synthetic_student_19,0.2731931283027005,7,True,28.66,1,0,0.79,2026-01-02 22:41:40.384190
synthetic_student_19,1.8095349296644687,6,True,33.28,1,0,0.89,2026-01-10 22:41:40.384206
synthetic_student_19,-0.27219165755366914,8,True,19.46,0,0,0.8,2025-11-07 22:41:40.384222
synthetic_student_19,-1.9128345366380866,9,True,21.26,0,0,0.9,2026-01-12 22:41:40.384237
synthetic_student_19,-1.5037906385871547,7,True,12.61,0,0,0.86,2025-12-08 22:41:40.384253
synthetic_student_19,0.3981006288014215,8,True,23.93,0,0,0.78,2025-11-13 22:41:40.384267
synthetic_student_19,0.7750826213445281,7,True,24.09,1,0,0.99,2025-12-26 22:41:40.384282
synthetic_student_19,1.5639737199023904,9,True,26.47,1,0,0.76,2025-12-22 22:41:40.384297
synthetic_student_19,0.7529914808080735,8,True,14.13,0,0,0.74,2025-11-22 22:41:40.384312
synthetic_student_19,-0.48773043364195434,4,True,16.38,0,0,0.77,2025-12-31 22:41:40.384327
synthetic_student_19,-0.7354518859307317,5,True,18.57,0,0,0.96,2025-12-22 22:41:40.384343
synthetic_student_19,-1.1818853695015288,8,True,15.27,0,0,0.83,2026-01-02 22:41:40.384361
synthetic_student_19,-0.36861673873801504,1,True,25.96,0,0,0.99,2025-12-31 22:41:40.384378
synthetic_student_19,-1.465406471638107,2,True,22.27,0,0,0.99,2025-11-22 22:41:40.384393
synthetic_student_19,0.2061329239389318,8,True,20.66,0,0,0.85,2025-12-21 22:41:40.384410
synthetic_student_19,1.4672517651832728,3,False,32.38,0,0,0.38,2025-12-09 22:41:40.384426
synthetic_student_19,1.6677230813177868,9,False,31.52,2,0,0.41,2025-12-25 22:41:40.384441
synthetic_student_19,-0.658186476451796,7,True,16.95,0,0,0.87,2025-11-19 22:41:40.384456
synthetic_student_19,1.1192830474388042,3,True,27.22,0,0,0.83,2025-10-29 22:41:40.384470
synthetic_student_19,1.8657913126985175,5,False,21.25,1,0,0.52,2025-11-29 22:41:40.384487
synthetic_student_19,-1.527001765433285,2,True,14.61,0,0,0.87,2025-10-29 22:41:40.384502
synthetic_student_19,1.4084134154602976,3,True,30.27,1,0,0.87,2025-11-05 22:41:40.384518
synthetic_student_19,-1.4947409831950198,7,True,25.31,0,0,0.98,2025-10-25 22:41:40.384532
synthetic_student_19,-1.233381305151676,1,True,25.69,0,0,0.8,2026-01-12 22:41:40.384546
synthetic_student_19,-0.2253517748006444,6,True,17.54,0,0,0.7,2025-10-22 22:41:40.384560
synthetic_student_19,-0.22131131787789782,3,True,24.37,0,0,0.85,2025-10-21 22:41:40.384574
synthetic_student_19,0.16811990241022867,4,False,20.04,0,0,0.63,2025-11-02 22:41:40.384589
synthetic_student_19,-1.2808321854438023,7,True,16.08,0,0,0.9,2026-01-04 22:41:40.384603
synthetic_student_19,1.984241798020558,10,True,28.48,0,0,0.79,2025-11-01 22:41:40.384618
synthetic_student_20,-1.5082664373749712,4,True,24.09,0,0,0.85,2025-11-26 22:41:40.384634
synthetic_student_20,0.8428516119074252,2,True,23.03,1,0,0.8,2025-11-24 22:41:40.384648
synthetic_student_20,0.6835327874079398,8,True,33.55,1,0,0.76,2025-11-23 22:41:40.384662
synthetic_student_20,-1.3856939154712928,1,True,22.09,0,0,0.89,2026-01-02 22:41:40.384678
synthetic_student_20,0.7862941753072898,5,True,27.21,0,0,0.75,2025-10-27 22:41:40.384694
synthetic_student_20,-1.879313232898312,10,True,19.92,0,0,0.75,2025-12-03 22:41:40.384715
synthetic_student_20,-1.9772386844368008,8,True,20.39,0,0,0.97,2025-11-08 22:41:40.384733
synthetic_student_20,0.568319032964832,10,False,31.2,0,0,0.38,2025-11-17 22:41:40.384748
synthetic_student_20,-0.4933991919211005,1,True,32.74,1,0,0.77,2025-11-25 22:41:40.384763
synthetic_student_20,-1.6982180066749497,4,True,10.69,0,0,0.74,2026-01-17 22:41:40.384778
synthetic_student_20,-1.636008936963743,6,False,25.83,0,0,0.65,2025-12-19 22:41:40.384793
synthetic_student_20,-0.7161945270740766,8,True,31.21,1,0,0.72,2025-12-24 22:41:40.384808
synthetic_student_20,1.866069633524793,9,False,27.29,1,0,0.44,2026-01-16 22:41:40.384825
synthetic_student_20,0.5750329255670761,10,True,32.54,0,0,0.98,2026-01-03 22:41:40.384851
synthetic_student_20,-1.4096887866106114,5,True,27.3,1,0,0.82,2025-11-12 22:41:40.384870
synthetic_student_20,-1.9780406925559064,5,True,16.75,0,0,0.73,2026-01-08 22:41:40.384885
synthetic_student_20,-0.9521621005024121,1,True,23.38,0,0,0.72,2025-11-06 22:41:40.384899
synthetic_student_20,1.2007676525559798,4,False,39.93,1,0,0.56,2025-11-04 22:41:40.384917
synthetic_student_20,-1.1503958286877096,3,True,20.33,0,0,0.91,2025-12-22 22:41:40.384931
synthetic_student_20,-1.395575317877595,8,True,22.17,0,0,0.82,2025-10-21 22:41:40.384945
synthetic_student_20,1.1377050900493666,9,True,26.71,1,0,0.93,2025-11-30 22:41:40.384959
synthetic_student_20,1.280852769512412,4,False,28.36,0,0,0.4,2025-11-29 22:41:40.384972
synthetic_student_20,0.012292159234471356,8,True,33.22,0,0,0.87,2025-11-22 22:41:40.384986
synthetic_student_20,-0.08722372546379287,9,True,20.4,0,0,0.78,2025-11-14 22:41:40.385000
synthetic_student_20,1.069948260378177,4,True,28.55,0,0,0.73,2025-10-22 22:41:40.385014
synthetic_student_20,0.8205938493964688,8,True,35.26,1,0,0.76,2025-10-22 22:41:40.385028
synthetic_student_20,0.11045926360148783,1,True,25.58,0,0,0.72,2026-01-06 22:41:40.385043
synthetic_student_20,-0.11882319309297307,9,False,26.72,1,0,0.44,2025-11-08 22:41:40.385057
synthetic_student_20,-1.0039606149811249,5,True,21.08,0,0,0.77,2026-01-11 22:41:40.385075
synthetic_student_20,0.3299397571570397,1,True,27.48,2,0,0.94,2025-12-17 22:41:40.385090
synthetic_student_20,-0.6240866555392408,8,True,24.52,2,0,1.0,2025-10-29 22:41:40.385104
synthetic_student_20,-1.3957199783528105,6,True,27.71,0,0,0.92,2025-11-20 22:41:40.385119
synthetic_student_20,-0.8142388522438475,9,True,29.18,0,0,0.75,2026-01-03 22:41:40.385134
synthetic_student_20,0.2278657641974382,4,True,28.24,1,0,0.98,2025-11-01 22:41:40.385147
synthetic_student_20,-1.2154821158959184,4,True,22.27,1,0,0.77,2025-11-13 22:41:40.385161
synthetic_student_20,-1.0575656108964488,3,True,19.31,1,0,0.84,2025-10-29 22:41:40.385175
synthetic_student_20,1.6403692223022706,4,True,30.3,1,0,0.73,2025-10-27 22:41:40.385193
synthetic_student_20,-0.9371147521417278,3,True,8.88,0,0,0.76,2025-12-19 22:41:40.385217
synthetic_student_20,-1.5401127715654992,5,False,23.13,0,0,0.41,2026-01-14 22:41:40.385234
synthetic_student_20,-0.6703681034634719,2,True,25.9,1,0,0.74,2025-11-21 22:41:40.385249
synthetic_student_20,1.094619996230021,3,True,26.44,0,0,0.95,2026-01-16 22:41:40.385264
synthetic_student_20,-0.6775601607990245,2,True,25.54,0,0,0.8,2025-11-28 22:41:40.385278
synthetic_student_20,0.49258665536539903,4,False,24.81,1,0,0.6,2025-12-03 22:41:40.385291
synthetic_student_20,1.9264761631182026,10,False,26.55,1,0,0.56,2025-11-27 22:41:40.385305
synthetic_student_20,1.745069548627682,5,False,34.58,0,0,0.56,2025-12-03 22:41:40.385320
synthetic_student_20,0.6254021734780784,7,False,25.26,0,0,0.41,2025-12-03 22:41:40.385335
synthetic_student_20,1.4399038076645145,2,False,35.67,1,0,0.36,2025-11-24 22:41:40.385348
synthetic_student_20,1.2275187827978793,8,False,30.78,0,0,0.64,2026-01-03 22:41:40.385365
synthetic_student_20,0.2359850392622631,3,True,28.98,2,0,0.86,2026-01-17 22:41:40.385380
synthetic_student_20,-0.5344138414288677,5,True,19.88,1,0,0.72,2025-12-01 22:41:40.385394
synthetic_student_20,-0.9783057423891162,3,True,22.79,0,0,1.0,2026-01-07 22:41:40.385408
synthetic_student_20,-1.0491040967623961,8,True,25.5,1,0,0.88,2025-11-06 22:41:40.385425
synthetic_student_20,-1.055852629921067,6,False,28.62,1,0,0.32,2025-12-03 22:41:40.385439
synthetic_student_20,0.23955529079998206,10,False,20.25,0,0,0.5,2025-12-13 22:41:40.385454
synthetic_student_20,-1.6681324180086072,4,True,13.53,1,0,0.85,2025-10-22 22:41:40.385468
synthetic_student_20,0.8108348012068136,7,True,30.23,1,0,0.95,2025-12-27 22:41:40.385481
synthetic_student_20,-0.3249987618413339,5,False,28.78,0,1,0.58,2025-12-21 22:41:40.385495
synthetic_student_20,-1.7312256287951304,1,True,18.84,0,0,0.88,2025-11-19 22:41:40.385511
synthetic_student_20,1.0506294839959889,5,False,27.2,0,0,0.61,2025-11-05 22:41:40.385525
synthetic_student_20,-0.7724100825574212,2,False,19.26,0,0,0.66,2026-01-04 22:41:40.385539
synthetic_student_20,1.6107521460444207,1,False,17.19,1,0,0.6,2025-12-30 22:41:40.385553
synthetic_student_20,-0.7829822541936129,2,False,19.4,0,0,0.36,2025-11-13 22:41:40.385567
synthetic_student_20,-1.566894876290803,4,True,16.81,0,0,0.76,2026-01-12 22:41:40.385581
synthetic_student_20,-0.06286447372220838,5,False,20.29,1,0,0.45,2026-01-01 22:41:40.385595
synthetic_student_20,-1.343530992240992,3,True,21.9,0,0,0.98,2025-12-25 22:41:40.385610
synthetic_student_20,-0.5993235724111141,4,True,17.83,2,0,0.91,2025-12-26 22:41:40.385624
synthetic_student_20,1.9944307871796423,1,True,20.22,1,0,0.99,2025-10-23 22:41:40.385638
synthetic_student_20,-1.0617761215172297,2,True,22.88,0,0,0.96,2025-12-20 22:41:40.385653
synthetic_student_20,-0.9941354893056351,4,True,28.23,0,0,0.75,2025-12-07 22:41:40.385668
synthetic_student_20,0.6839190174223941,1,False,24.3,2,0,0.58,2025-12-10 22:41:40.385682
synthetic_student_20,-0.4643394719598648,9,True,30.66,0,0,0.75,2025-12-28 22:41:40.385697
synthetic_student_20,0.761405015046634,5,True,27.33,3,0,0.96,2026-01-17 22:41:40.385713
synthetic_student_20,0.4459679446472329,1,False,27.44,0,0,0.35,2026-01-15 22:41:40.385726
synthetic_student_20,-0.36257775776478773,2,True,25.47,0,0,0.81,2025-11-30 22:41:40.385740
synthetic_student_20,0.8454079699911992,6,False,29.17,0,0,0.56,2026-01-17 22:41:40.385755
synthetic_student_20,0.3656976813453019,8,True,16.87,0,0,0.76,2025-11-25 22:41:40.385768
synthetic_student_20,0.7677366875997729,6,False,30.44,1,0,0.59,2025-11-09 22:41:40.385782
synthetic_student_20,1.6593916533339406,3,True,27.37,0,0,0.82,2025-11-02 22:41:40.385796
synthetic_student_20,0.42642658464585814,2,False,32.11,1,1,0.5,2025-10-31 22:41:40.385811
synthetic_student_20,0.5721606480088246,3,True,26.2,0,0,0.97,2025-10-22 22:41:40.385826
synthetic_student_20,-1.2669792666625574,3,True,17.51,0,0,0.84,2025-10-24 22:41:40.385840
synthetic_student_20,-0.8669987016476455,3,True,14.04,0,1,0.73,2025-12-14 22:41:40.385855
synthetic_student_20,-0.7473544114519073,9,True,19.31,0,0,0.82,2026-01-15 22:41:40.386076
synthetic_student_20,-1.461999004824417,2,True,30.0,0,0,0.78,2025-11-01 22:41:40.386115
synthetic_student_20,-0.2994501844269646,5,True,25.59,1,0,0.88,2025-11-09 22:41:40.386133
synthetic_student_20,1.7543709173625732,8,False,30.81,3,0,0.56,2026-01-16 22:41:40.386148
synthetic_student_20,0.9560734402739026,3,True,21.57,0,0,0.81,2025-10-26 22:41:40.386162
synthetic_student_20,-0.2940183939128542,5,False,18.2,1,0,0.52,2025-12-11 22:41:40.386177
synthetic_student_20,1.351039492147014,7,False,28.09,2,0,0.5,2025-12-24 22:41:40.386191
synthetic_student_20,1.3178086752496747,4,False,37.22,1,0,0.52,2025-12-17 22:41:40.386205
synthetic_student_20,-0.48682002940453106,9,True,25.44,0,0,0.9,2026-01-06 22:41:40.386287
synthetic_student_20,1.1121743923673275,6,False,30.41,1,0,0.32,2026-01-12 22:41:40.386368
synthetic_student_20,-0.17918508576947323,2,True,23.61,0,0,0.73,2025-10-30 22:41:40.386391
synthetic_student_20,-0.32295891805673493,4,False,26.03,1,0,0.66,2025-12-27 22:41:40.386409
synthetic_student_20,-1.1983007152605154,2,True,17.36,1,0,0.79,2025-12-29 22:41:40.386425
synthetic_student_20,-0.9407193560732252,3,True,21.53,0,0,0.87,2025-12-22 22:41:40.386439
synthetic_student_20,1.8241259863092698,7,True,31.35,1,0,0.74,2025-12-11 22:41:40.386453
synthetic_student_20,1.6917893958151593,8,False,32.76,1,0,0.42,2025-11-27 22:41:40.386467
synthetic_student_20,-0.3714176019367219,4,True,27.59,0,0,0.76,2025-11-24 22:41:40.386481
synthetic_student_20,0.3185108362319684,2,True,17.08,0,0,0.87,2026-01-19 22:41:40.386495
synthetic_student_21,-0.5927029567805522,4,False,32.38,0,0,0.54,2025-12-20 22:41:40.386514
synthetic_student_21,-1.502645661518951,1,True,28.65,0,0,0.94,2025-11-16 22:41:40.386529
synthetic_student_21,0.43749278894097676,7,False,33.65,0,0,0.7,2025-10-23 22:41:40.386542
synthetic_student_21,0.7723333518899169,2,False,40.52,1,1,0.65,2025-12-04 22:41:40.386557
synthetic_student_21,1.624283375702463,1,False,32.84,0,0,0.46,2025-12-05 22:41:40.386574
synthetic_student_21,-0.28341521632929423,7,False,42.0,2,0,0.39,2025-11-05 22:41:40.386588
synthetic_student_21,1.0449041187820147,6,False,25.14,1,1,0.45,2025-10-24 22:41:40.386603
synthetic_student_21,-1.038408641661586,1,True,16.87,1,0,0.78,2026-01-13 22:41:40.386617
synthetic_student_21,-1.4724984923558733,4,True,33.21,0,0,0.94,2025-11-06 22:41:40.386631
synthetic_student_21,0.7861901334259351,3,False,36.68,0,0,0.69,2025-10-21 22:41:40.386744
synthetic_student_21,-0.6699180341335076,9,False,32.92,0,0,0.43,2026-01-06 22:41:40.386764
synthetic_student_21,-1.5352496148966717,9,False,25.93,0,0,0.62,2025-12-28 22:41:40.386779
synthetic_student_21,-0.3734468976746368,3,True,42.02,2,0,0.89,2025-12-31 22:41:40.386795
synthetic_student_21,0.40406455911574657,7,False,37.34,1,0,0.36,2025-12-03 22:41:40.386813
synthetic_student_21,-1.6437538390307633,3,True,27.62,0,0,0.7,2025-11-20 22:41:40.386829
synthetic_student_21,-0.379644838987951,5,False,24.38,0,0,0.56,2026-01-10 22:41:40.386845
synthetic_student_21,0.16122530839949878,5,False,35.17,1,1,0.6,2025-10-24 22:41:40.386862
synthetic_student_21,0.39451492824737056,6,False,34.23,0,0,0.6,2025-12-21 22:41:40.386877
synthetic_student_21,-0.9280965156864576,1,False,27.94,0,0,0.38,2025-10-23 22:41:40.386893
synthetic_student_21,0.45575070359429715,7,False,39.44,2,0,0.65,2025-12-07 22:41:40.386909
synthetic_student_21,-1.5000250344909816,10,True,25.87,0,0,0.84,2025-10-31 22:41:40.386926
synthetic_student_21,1.103488547575337,3,False,35.55,1,0,0.61,2025-12-01 22:41:40.386941
synthetic_student_21,1.0609127257320883,2,False,33.33,1,0,0.59,2025-11-02 22:41:40.387863
synthetic_student_21,0.176716842466504,7,False,36.21,0,0,0.48,2025-11-19 22:41:40.389289
synthetic_student_21,-1.779991029182237,7,False,25.48,0,0,0.53,2025-12-16 22:41:40.389546
synthetic_student_21,1.6701480729656728,9,False,39.45,2,0,0.68,2025-10-24 22:41:40.390059
synthetic_student_21,-0.1571292616389477,10,False,35.67,0,0,0.43,2026-01-16 22:41:40.390326
synthetic_student_21,0.5197984534652571,2,False,36.56,1,1,0.51,2025-10-31 22:41:40.390354
synthetic_student_21,-0.5091979163467033,7,True,35.13,0,0,0.85,2025-12-22 22:41:40.390370
synthetic_student_21,1.8072020980315875,6,False,42.39,1,1,0.41,2026-01-05 22:41:40.390392
synthetic_student_21,1.0778627808622931,9,False,43.25,0,0,0.6,2026-01-18 22:41:40.390406
synthetic_student_21,1.23327354062453,1,False,39.39,0,0,0.63,2025-12-26 22:41:40.390421
synthetic_student_21,0.3923037095179924,5,False,32.97,1,0,0.61,2025-11-11 22:41:40.390435
synthetic_student_21,-1.173723151081977,6,False,30.5,1,0,0.64,2026-01-15 22:41:40.390449
synthetic_student_21,0.6497321911804139,10,True,37.04,1,0,0.73,2025-12-21 22:41:40.390462
synthetic_student_21,1.910274878573056,3,False,44.95,0,0,0.64,2026-01-17 22:41:40.390476
synthetic_student_21,0.44475389934749643,10,False,28.53,0,0,0.53,2025-11-19 22:41:40.390489
synthetic_student_21,1.5987721362896057,1,False,37.59,0,0,0.41,2025-12-27 22:41:40.390503
synthetic_student_21,-0.77395507835499,5,False,25.93,0,0,0.66,2025-12-01 22:41:40.390516
synthetic_student_21,-1.0796224466684534,1,True,35.03,0,0,0.75,2025-12-07 22:41:40.390529
synthetic_student_21,0.031465882150557345,9,False,34.39,1,1,0.63,2025-10-21 22:41:40.390543
synthetic_student_21,0.8440304022553748,9,False,38.69,0,0,0.42,2025-11-12 22:41:40.390556
synthetic_student_21,1.7294844056086105,3,False,43.49,1,0,0.52,2026-01-13 22:41:40.390571
synthetic_student_21,-0.7488942755008314,3,False,36.44,1,0,0.44,2025-12-28 22:41:40.390584
synthetic_student_21,-1.5999809304857404,10,False,31.19,0,0,0.68,2025-11-20 22:41:40.390597
synthetic_student_21,-1.7968398059445603,8,False,26.42,0,1,0.33,2025-12-02 22:41:40.390611
synthetic_student_21,-1.4282149032313312,4,False,27.83,0,0,0.45,2025-11-19 22:41:40.390623
synthetic_student_21,1.1820328316158717,2,True,33.58,0,0,0.77,2025-10-27 22:41:40.390637
synthetic_student_21,-1.229502852044436,6,False,29.6,0,0,0.69,2025-11-25 22:41:40.390651
synthetic_student_21,-0.9661140557578736,7,False,31.66,0,0,0.61,2025-12-30 22:41:40.390664
synthetic_student_21,0.939759268812272,1,True,42.2,0,1,0.87,2025-10-23 22:41:40.390677
synthetic_student_21,0.0638304844917168,3,False,40.3,0,0,0.64,2026-01-13 22:41:40.390690
synthetic_student_21,-1.9686373141117288,4,True,30.22,0,0,0.85,2025-12-01 22:41:40.390705
synthetic_student_21,1.7064659538809628,10,False,47.2,0,1,0.69,2025-11-20 22:41:40.390719
synthetic_student_21,0.07884067423112562,9,False,31.32,1,0,0.5,2026-01-05 22:41:40.390733
synthetic_student_21,-0.06766337862207239,4,False,43.4,0,0,0.41,2025-12-11 22:41:40.390747
synthetic_student_21,-0.019326867521261448,2,False,37.44,1,0,0.62,2026-01-11 22:41:40.390760
synthetic_student_21,0.1756544269208713,10,False,30.33,0,0,0.43,2025-12-21 22:41:40.390774
synthetic_student_21,-0.17125395111316166,9,False,38.84,0,0,0.57,2026-01-01 22:41:40.390787
synthetic_student_21,-1.4044608378229997,3,True,22.87,0,0,0.95,2025-12-19 22:41:40.390801
synthetic_student_21,-1.5689215322131496,3,True,26.97,0,0,0.95,2025-11-20 22:41:40.390814
synthetic_student_21,1.9488975569943867,10,False,36.41,1,0,0.69,2025-11-11 22:41:40.390826
synthetic_student_21,-1.96311451546635,3,True,21.11,0,0,0.9,2025-12-19 22:41:40.390840
synthetic_student_21,1.8037060867087025,9,False,55.44,0,1,0.52,2025-11-06 22:41:40.390853
synthetic_student_21,1.8416096052497815,5,False,42.9,2,0,0.67,2025-11-19 22:41:40.390866
synthetic_student_21,1.7313371525071668,10,False,35.01,2,0,0.58,2025-12-30 22:41:40.390879
synthetic_student_21,1.9583266775148753,7,False,37.14,1,0,0.4,2025-10-31 22:41:40.390893
synthetic_student_21,1.2849968708748718,5,False,48.79,0,0,0.47,2026-01-02 22:41:40.390907
synthetic_student_21,-0.14724530444968797,1,False,35.39,1,1,0.45,2025-11-28 22:41:40.390921
synthetic_student_21,0.3127593857204425,7,False,40.7,0,0,0.37,2025-11-18 22:41:40.390934
synthetic_student_21,-1.1571216196265381,1,False,24.54,0,0,0.58,2026-01-10 22:41:40.390948
synthetic_student_21,-0.5017428433359625,1,False,26.27,0,0,0.68,2025-11-14 22:41:40.390961
synthetic_student_21,0.8591787496294336,10,True,35.68,4,1,0.89,2025-12-25 22:41:40.390974
synthetic_student_21,-1.083787923175084,5,False,26.83,0,0,0.33,2025-12-07 22:41:40.390988
synthetic_student_21,-0.0876501651751651,5,False,37.22,1,0,0.45,2025-11-17 22:41:40.391001
synthetic_student_21,-0.397636098982594,1,False,36.36,0,0,0.4,2025-10-26 22:41:40.391014
synthetic_student_21,-0.3606743781844304,2,False,31.82,0,1,0.47,2025-12-29 22:41:40.391027
synthetic_student_21,1.364894295946089,6,False,32.4,0,0,0.35,2025-11-28 22:41:40.391040
synthetic_student_21,0.6006751495902405,7,False,43.99,1,0,0.4,2025-12-30 22:41:40.391053
synthetic_student_21,-0.3714311076385033,8,False,37.76,0,0,0.5,2025-10-21 22:41:40.391066
synthetic_student_21,1.516415115879278,7,False,37.86,1,0,0.36,2025-12-06 22:41:40.391079
synthetic_student_21,1.3244059642156647,10,False,46.96,1,0,0.69,2025-12-13 22:41:40.391092
synthetic_student_21,-0.9256783713751622,10,False,35.67,0,0,0.37,2025-12-26 22:41:40.391106
synthetic_student_21,-1.2444913211496007,1,False,27.66,0,0,0.56,2025-11-02 22:41:40.391119
synthetic_student_21,0.10793036093574004,3,False,37.02,0,0,0.52,2025-10-28 22:41:40.391132
synthetic_student_21,-1.0727877499363467,5,False,29.42,0,0,0.69,2026-01-13 22:41:40.391146
synthetic_student_21,0.21017870969073194,5,False,23.94,0,0,0.47,2025-12-31 22:41:40.391159
synthetic_student_21,-1.6969997590153634,3,False,27.29,0,0,0.57,2026-01-14 22:41:40.391174
synthetic_student_21,0.1271611388076379,9,False,31.46,0,0,0.41,2025-10-21 22:41:40.391187
synthetic_student_21,1.1592794293948137,10,False,40.08,1,0,0.7,2025-12-01 22:41:40.391200
synthetic_student_21,-0.34662977233898573,2,False,33.6,0,0,0.33,2025-11-09 22:41:40.391214
synthetic_student_21,-0.2850288761330324,6,False,32.18,0,0,0.4,2026-01-03 22:41:40.391227
synthetic_student_21,-1.9091035686049724,1,True,25.45,0,0,0.89,2026-01-04 22:41:40.391240
synthetic_student_21,0.20327823592710947,2,False,25.45,2,0,0.49,2025-12-09 22:41:40.391253
synthetic_student_21,-0.7902930182177217,6,False,35.16,0,0,0.41,2025-11-19 22:41:40.391266
synthetic_student_21,1.5341446153974423,9,False,38.73,0,0,0.44,2025-12-19 22:41:40.391281
synthetic_student_21,-0.8226353598810308,9,False,38.32,0,0,0.33,2026-01-15 22:41:40.391294
synthetic_student_21,-0.4223703960875307,5,False,26.16,1,0,0.58,2025-12-17 22:41:40.391307
synthetic_student_21,-1.4647824944076846,6,False,35.5,0,0,0.55,2025-10-31 22:41:40.391322
synthetic_student_21,0.08440184822448815,8,False,38.83,0,1,0.55,2025-12-01 22:41:40.391335
synthetic_student_22,0.8280584538771043,8,False,44.55,0,0,0.67,2026-01-05 22:41:40.391351
synthetic_student_22,0.4237695725997175,6,False,28.61,0,0,0.54,2026-01-13 22:41:40.391364
synthetic_student_22,0.4513820902337051,4,True,33.06,0,0,0.91,2025-11-03 22:41:40.391377
synthetic_student_22,1.3305188868846263,4,False,33.61,1,0,0.6,2025-12-14 22:41:40.391391
synthetic_student_22,-1.4539853389996082,9,True,23.78,0,0,0.91,2026-01-12 22:41:40.391404
synthetic_student_22,1.630446111656426,7,True,39.42,2,0,0.95,2025-11-09 22:41:40.391417
synthetic_student_22,1.9107666081913761,8,False,42.5,1,0,0.49,2026-01-04 22:41:40.391431
synthetic_student_22,0.9495047323910866,2,False,39.86,0,0,0.39,2025-10-25 22:41:40.391446
synthetic_student_22,-1.8147143276974225,5,False,23.04,0,0,0.46,2025-12-26 22:41:40.391460
synthetic_student_22,0.30987443408398807,1,False,35.35,0,0,0.54,2025-11-30 22:41:40.391473
synthetic_student_22,-1.7082197773501475,10,True,16.74,0,0,0.78,2025-11-03 22:41:40.391486
synthetic_student_22,-0.3636258512943775,3,False,28.26,2,1,0.5,2025-12-15 22:41:40.391499
synthetic_student_22,-1.2278646233398702,9,False,23.77,0,0,0.59,2025-12-04 22:41:40.391512
synthetic_student_22,-1.6375455131996626,8,False,28.31,0,0,0.33,2025-12-19 22:41:40.391525
synthetic_student_22,-0.6779082606351903,1,True,24.56,0,0,0.73,2025-12-16 22:41:40.391539
synthetic_student_22,-1.9731727029398796,5,False,23.99,0,0,0.65,2025-11-08 22:41:40.391552
synthetic_student_22,-1.4362007786085504,4,True,29.18,0,0,0.83,2026-01-18 22:41:40.391565
synthetic_student_22,0.173015580234813,9,False,38.84,0,0,0.64,2025-11-08 22:41:40.391578
synthetic_student_22,-1.403265911409917,6,True,28.09,0,0,0.71,2025-11-25 22:41:40.391591
synthetic_student_22,1.366648693936515,1,False,33.67,2,0,0.54,2025-11-09 22:41:40.391604
synthetic_student_22,1.7585884067219628,1,False,35.77,1,0,0.68,2025-11-15 22:41:40.391618
synthetic_student_22,0.8106315439025824,1,False,35.54,0,0,0.6,2026-01-17 22:41:40.391631
synthetic_student_22,-1.7888701052181037,9,True,24.84,0,0,0.98,2025-12-19 22:41:40.391644
synthetic_student_22,-0.5008578657935145,7,False,30.69,0,0,0.33,2025-11-18 22:41:40.391659
synthetic_student_22,1.160159030369595,7,False,35.03,2,0,0.4,2025-11-01 22:41:40.391672
synthetic_student_22,1.8936094725489507,8,False,49.58,0,0,0.34,2025-12-29 22:41:40.391686
synthetic_student_22,-1.5013408259897827,5,True,27.88,1,0,0.96,2025-12-30 22:41:40.391700
synthetic_student_22,0.13134053736477824,8,False,31.61,0,0,0.64,2025-12-27 22:41:40.391714
synthetic_student_22,0.6390453911486271,1,True,25.33,1,1,0.71,2025-12-29 22:41:40.391730
synthetic_student_22,0.6453807001582921,7,False,36.45,2,0,0.61,2025-12-12 22:41:40.391744
synthetic_student_22,1.0378873520611127,7,False,39.98,0,0,0.51,2026-01-06 22:41:40.391757
synthetic_student_22,0.3004105898593066,9,False,29.64,0,0,0.52,2025-10-30 22:41:40.391770
synthetic_student_22,1.683691187444977,8,False,49.29,2,0,0.45,2025-12-06 22:41:40.391784
synthetic_student_22,0.7278460679266376,1,True,26.35,0,0,0.79,2025-12-28 22:41:40.391797
synthetic_student_22,-1.192949531914567,10,False,22.49,1,0,0.48,2025-10-30 22:41:40.391810
synthetic_student_22,-0.34313777211484275,5,False,35.78,1,0,0.42,2026-01-15 22:41:40.391824
synthetic_student_22,-1.9249674686635063,1,True,23.37,0,0,0.7,2025-10-28 22:41:40.391839
synthetic_student_22,1.5213308182888827,1,False,33.78,0,0,0.62,2025-12-28 22:41:40.391852
synthetic_student_22,0.7965420829263872,9,False,37.26,0,0,0.55,2026-01-03 22:41:40.391866
synthetic_student_22,0.4052107369871156,8,True,29.96,1,0,0.95,2025-12-25 22:41:40.391879
synthetic_student_22,1.7593096198363645,5,True,34.74,1,0,0.93,2025-12-16 22:41:40.391892
synthetic_student_22,0.18686448327309035,2,False,23.33,0,0,0.44,2025-11-14 22:41:40.391907
synthetic_student_22,1.3007071496106248,2,False,41.0,0,0,0.5,2025-10-28 22:41:40.391920
synthetic_student_22,1.9378465024404874,4,False,42.19,0,0,0.37,2025-11-21 22:41:40.391934
synthetic_student_22,1.4698025168827318,8,False,30.65,0,0,0.65,2025-10-23 22:41:40.391947
synthetic_student_22,1.4116848305616774,10,False,39.87,1,0,0.62,2025-12-21 22:41:40.391961
synthetic_student_22,-0.2698509861123841,4,False,30.65,1,0,0.35,2025-11-23 22:41:40.391976
synthetic_student_22,-1.9726496209787299,9,True,25.96,0,0,0.94,2025-12-05 22:41:40.391989
synthetic_student_22,1.6060737383674768,3,False,46.08,2,0,0.54,2025-10-30 22:41:40.392002
synthetic_student_22,1.7590736023918927,7,False,54.94,0,0,0.46,2025-12-11 22:41:40.392016
synthetic_student_22,0.7021040847480431,4,True,39.78,0,0,0.7,2025-12-16 22:41:40.392029
synthetic_student_22,1.7368565927058466,7,False,43.03,0,0,0.49,2025-10-29 22:41:40.392055
synthetic_student_22,-1.6775258762146144,5,True,25.89,1,0,1.0,2025-11-06 22:41:40.392070
synthetic_student_22,0.9472453352790846,5,False,38.14,1,0,0.63,2026-01-13 22:41:40.392083
synthetic_student_22,1.9863162140799235,10,False,34.62,0,0,0.65,2025-12-27 22:41:40.392096
synthetic_student_22,1.760707221576348,9,False,38.71,1,0,0.56,2025-10-31 22:41:40.392109
synthetic_student_22,-0.584570109073006,8,True,33.6,0,0,0.84,2026-01-15 22:41:40.392123
synthetic_student_22,-1.0420742817429787,4,True,36.4,0,0,0.96,2025-12-15 22:41:40.392136
synthetic_student_22,0.3407145166945824,7,False,34.32,0,0,0.38,2025-12-19 22:41:40.392151
synthetic_student_22,-0.646255288823097,3,False,24.47,1,0,0.47,2025-12-12 22:41:40.392165
synthetic_student_22,-1.6114066350177736,7,True,38.78,0,0,0.82,2026-01-12 22:41:40.392178
synthetic_student_22,-1.580991805666205,8,True,18.83,0,0,0.81,2025-11-09 22:41:40.392191
synthetic_student_22,0.0830294905240585,3,False,33.27,0,0,0.34,2025-12-17 22:41:40.392205
synthetic_student_22,0.8454407954066312,6,False,36.91,1,0,0.63,2025-11-09 22:41:40.392218
synthetic_student_22,-1.208087535551353,1,True,21.52,0,0,0.81,2025-12-14 22:41:40.392232
synthetic_student_22,-0.5724864189636198,2,True,27.18,0,0,0.79,2025-12-16 22:41:40.392246
synthetic_student_22,0.041628510413448616,2,False,36.94,0,0,0.45,2025-11-09 22:41:40.392259
synthetic_student_22,-0.6962902184962001,2,False,25.87,0,0,0.5,2025-12-26 22:41:40.392273
synthetic_student_22,1.6686677215224086,10,False,34.42,3,0,0.68,2025-12-03 22:41:40.392286
synthetic_student_22,-1.4503384380042954,5,True,21.96,0,0,0.81,2025-12-31 22:41:40.392299
synthetic_student_22,0.2863852139406653,2,False,25.41,0,0,0.34,2025-12-24 22:41:40.392312
synthetic_student_22,1.596365177550179,7,False,37.64,0,0,0.55,2025-12-12 22:41:40.392326
synthetic_student_22,1.3529960358141215,1,True,36.12,0,0,0.89,2025-12-19 22:41:40.392339
synthetic_student_22,0.7249852915776409,7,False,41.55,1,0,0.57,2025-12-23 22:41:40.392362
synthetic_student_22,1.3596899186916667,6,False,33.54,0,0,0.48,2025-12-01 22:41:40.392376
synthetic_student_22,-0.4134825364829422,6,True,32.65,2,0,0.82,2025-11-10 22:41:40.392389
synthetic_student_22,1.5132957451137816,2,False,46.58,1,0,0.61,2025-12-28 22:41:40.392402
synthetic_student_22,-1.3460432844370027,9,True,18.15,1,0,0.75,2025-11-09 22:41:40.392415
synthetic_student_22,1.0625769080767533,4,False,33.87,1,0,0.65,2025-11-25 22:41:40.392428
synthetic_student_22,-0.2751805437393524,10,False,28.52,1,0,0.37,2025-11-22 22:41:40.392442
synthetic_student_22,-1.0368339252143381,7,False,19.86,0,0,0.47,2025-11-26 22:41:40.392456
synthetic_student_22,-1.1106387980677734,4,False,27.14,0,0,0.53,2025-12-11 22:41:40.392469
synthetic_student_22,1.864649161362904,7,False,39.06,1,0,0.67,2026-01-16 22:41:40.392483
synthetic_student_22,0.8735428410558925,1,False,27.11,1,0,0.6,2025-11-13 22:41:40.392497
synthetic_student_22,0.6208019131605576,9,False,29.96,0,0,0.31,2025-12-26 22:41:40.392511
synthetic_student_22,-0.5736539434646715,6,True,33.49,0,0,0.83,2026-01-15 22:41:40.392527
synthetic_student_22,-1.6480493514613985,10,True,36.55,0,0,0.97,2025-11-26 22:41:40.392542
synthetic_student_22,0.3479387606036819,9,True,27.69,1,0,0.9,2025-11-30 22:41:40.392555
synthetic_student_22,-0.2747201833119117,5,True,26.07,0,1,0.84,2025-10-27 22:41:40.392569
synthetic_student_22,1.4035397766831883,9,False,32.99,1,0,0.41,2026-01-12 22:41:40.392582
synthetic_student_22,-1.792000900903902,1,True,29.97,0,1,0.85,2025-10-21 22:41:40.392597
synthetic_student_22,-0.3454349753525747,2,False,26.87,1,0,0.64,2025-12-08 22:41:40.392615
synthetic_student_22,-1.248553063510775,9,True,31.24,0,0,0.71,2025-11-24 22:41:40.392629
synthetic_student_22,1.466125792055363,4,False,32.1,1,0,0.37,2026-01-06 22:41:40.392643
synthetic_student_22,1.360096874055969,7,False,33.76,0,0,0.64,2025-12-28 22:41:40.392656
synthetic_student_22,1.560042113272604,5,False,40.68,0,0,0.46,2025-12-10 22:41:40.392669
synthetic_student_22,-1.4189843130953292,1,True,27.47,0,0,0.78,2025-12-01 22:41:40.392682
synthetic_student_22,-0.743719612076108,9,False,30.0,0,0,0.56,2025-11-24 22:41:40.392695
synthetic_student_22,1.2560273247173366,7,True,45.82,0,0,0.89,2025-12-05 22:41:40.392709
synthetic_student_22,0.798502557963261,4,False,39.51,0,0,0.64,2026-01-09 22:41:40.392722
synthetic_student_23,-1.0858741382711048,6,False,24.6,0,0,0.3,2025-11-24 22:41:40.392738
synthetic_student_23,-0.908902963659012,6,True,31.36,0,0,0.79,2025-12-29 22:41:40.392753
synthetic_student_23,0.6235689571765706,6,False,37.37,0,0,0.52,2025-11-12 22:41:40.392767
synthetic_student_23,-0.01684527335992092,9,False,38.05,1,0,0.62,2025-12-28 22:41:40.392780
synthetic_student_23,-0.6100003427026746,6,True,31.74,0,0,0.88,2025-12-16 22:41:40.392796
synthetic_student_23,-1.8777982944829854,7,True,27.45,0,0,0.92,2025-11-20 22:41:40.392812
synthetic_student_23,0.7583960068016782,8,False,34.49,1,0,0.41,2026-01-16 22:41:40.392827
synthetic_student_23,-0.8110715043954211,4,True,27.72,0,1,0.75,2025-11-30 22:41:40.392842
synthetic_student_23,-1.8251684077878512,9,True,21.83,0,0,0.92,2025-12-28 22:41:40.392863
synthetic_student_23,-0.8706086085710893,5,True,29.98,0,0,0.97,2025-11-15 22:41:40.392877
synthetic_student_23,1.1763560060138487,3,False,31.53,1,0,0.55,2025-12-25 22:41:40.392891
synthetic_student_23,-1.337523227939819,3,True,24.83,0,0,0.89,2025-11-16 22:41:40.392905
synthetic_student_23,1.4837913098653757,4,True,42.4,2,0,0.97,2025-11-21 22:41:40.392920
synthetic_student_23,1.4375545183849847,9,True,33.44,2,0,0.74,2025-10-21 22:41:40.392934
synthetic_student_23,0.4465851309528186,2,False,40.14,0,0,0.62,2025-11-15 22:41:40.392949
synthetic_student_23,-0.9371582726338663,1,True,26.27,0,0,0.88,2025-12-15 22:41:40.392962
synthetic_student_23,0.33011691898485784,9,False,26.25,0,1,0.6,2025-11-09 22:41:40.392977
synthetic_student_23,-0.8636922227997834,2,False,27.68,0,0,0.55,2026-01-15 22:41:40.392992
synthetic_student_23,0.05824520498849539,4,False,35.23,0,0,0.69,2025-11-28 22:41:40.393005
synthetic_student_23,-0.9623839497588684,5,True,28.16,1,0,0.77,2026-01-01 22:41:40.393019
synthetic_student_23,-1.8773035358546712,5,True,21.98,0,0,0.71,2025-12-15 22:41:40.393033
synthetic_student_23,0.3579842944309246,6,False,18.69,1,0,0.55,2026-01-13 22:41:40.393047
synthetic_student_23,0.6404563868731068,7,False,30.16,1,0,0.59,2025-11-30 22:41:40.393062
synthetic_student_23,-1.9882508792549687,6,True,29.17,0,0,0.94,2025-12-17 22:41:40.393077
synthetic_student_23,1.4917141326006016,8,False,29.49,1,0,0.48,2025-12-24 22:41:40.393101
synthetic_student_23,-0.4220627379668742,5,False,31.27,0,1,0.61,2025-11-01 22:41:40.393116
synthetic_student_23,0.955870153011614,3,False,34.02,0,0,0.37,2025-11-10 22:41:40.393131
synthetic_student_23,1.1989499011692333,1,False,38.99,0,0,0.54,2025-11-20 22:41:40.393145
synthetic_student_23,0.38353792283717913,8,False,33.16,1,1,0.64,2025-11-15 22:41:40.393159
synthetic_student_23,-1.1836939142475305,4,True,36.83,0,1,0.96,2025-12-17 22:41:40.393175
synthetic_student_23,0.9723163809819795,7,True,47.36,1,0,0.94,2025-11-07 22:41:40.393189
synthetic_student_23,-0.3321111518310227,2,True,31.45,1,0,0.79,2025-11-10 22:41:40.393203
synthetic_student_23,1.0226215178606992,3,True,35.31,2,1,0.81,2025-11-19 22:41:40.393217
synthetic_student_23,0.745811896205903,6,False,40.61,0,1,0.68,2025-12-24 22:41:40.393230
synthetic_student_23,-1.5104622216475252,5,True,27.33,0,0,0.99,2025-12-21 22:41:40.393244
synthetic_student_23,-1.166354862782502,8,True,24.26,0,1,0.91,2026-01-16 22:41:40.393258
synthetic_student_23,0.5976031504156132,9,False,33.19,0,1,0.57,2025-11-01 22:41:40.393271
synthetic_student_23,-1.8451489448531966,3,True,25.15,0,0,0.94,2025-11-15 22:41:40.393285
synthetic_student_23,1.2340269942131665,9,True,36.46,0,0,0.74,2026-01-11 22:41:40.393299
synthetic_student_23,-1.270024973114738,2,True,24.89,0,0,0.9,2025-11-22 22:41:40.393312
synthetic_student_23,-0.18654823755096883,2,False,32.9,0,1,0.44,2025-11-08 22:41:40.393325
synthetic_student_23,-1.060386013194759,8,True,28.48,0,1,0.93,2026-01-07 22:41:40.393338
synthetic_student_23,0.876981879261189,6,False,27.18,1,0,0.61,2025-12-18 22:41:40.393352
synthetic_student_23,-1.396677693247601,5,True,35.83,0,0,0.79,2026-01-06 22:41:40.393371
synthetic_student_23,1.4566222112698175,1,True,34.58,1,0,0.88,2025-10-23 22:41:40.393385
synthetic_student_23,-1.7494245295739632,8,True,22.23,0,0,0.98,2025-12-18 22:41:40.393399
synthetic_student_23,0.3697356511537908,5,False,34.98,0,0,0.69,2025-12-13 22:41:40.393412
synthetic_student_23,1.447879294201306,8,False,43.59,1,0,0.58,2025-12-02 22:41:40.393425
synthetic_student_23,1.5667442894578971,3,False,35.92,0,1,0.5,2025-10-29 22:41:40.393438
synthetic_student_23,-1.0251980790126143,7,False,27.52,1,1,0.54,2025-11-20 22:41:40.393451
synthetic_student_23,1.5392792725677231,8,False,37.56,3,0,0.59,2025-10-29 22:41:40.393465
synthetic_student_23,-1.4071585253870573,8,True,24.86,0,0,0.76,2025-11-05 22:41:40.393478
synthetic_student_23,1.220962641926436,3,False,38.3,0,0,0.49,2026-01-15 22:41:40.393491
synthetic_student_23,-0.9078945565617937,5,True,26.65,0,0,0.88,2025-12-22 22:41:40.393504
synthetic_student_23,-1.8654967614113587,7,False,23.01,0,0,0.6,2025-11-18 22:41:40.393517
synthetic_student_23,0.05808976147056777,4,True,39.52,0,1,0.71,2025-12-25 22:41:40.393530
synthetic_student_23,0.9295892611495757,9,False,39.95,3,0,0.68,2025-10-31 22:41:40.393544
synthetic_student_23,0.5839439214099365,4,True,30.95,0,1,0.77,2026-01-04 22:41:40.393557
synthetic_student_23,-1.8120992698597087,9,True,25.26,0,1,0.76,2026-01-11 22:41:40.393570
synthetic_student_23,-0.9228189053648306,5,True,39.03,0,0,0.78,2025-11-17 22:41:40.393583
synthetic_student_23,-1.3268932395468704,6,True,23.01,0,0,0.94,2025-10-29 22:41:40.393597
synthetic_student_23,1.9230315309618469,1,False,39.03,0,1,0.45,2026-01-02 22:41:40.393610
synthetic_student_23,0.5673073239257951,10,False,37.37,0,0,0.39,2026-01-13 22:41:40.393623
synthetic_student_23,-1.693537124403817,8,True,33.22,1,0,0.74,2025-10-26 22:41:40.393639
synthetic_student_23,1.8855448239466717,6,False,42.93,0,0,0.68,2025-11-02 22:41:40.393652
synthetic_student_23,-1.3905540993705987,6,True,35.54,0,0,0.99,2025-11-23 22:41:40.393666
synthetic_student_23,0.5248713098607078,5,False,37.89,0,0,0.36,2025-11-04 22:41:40.393679
synthetic_student_23,0.03573674402305249,9,True,29.4,0,0,0.84,2025-12-11 22:41:40.393692
synthetic_student_23,-1.3154176680329384,10,False,31.46,0,0,0.52,2025-12-30 22:41:40.393707
synthetic_student_23,-1.4700452654557887,9,True,31.64,0,0,0.82,2025-10-26 22:41:40.393721
synthetic_student_23,1.9718265380631408,7,False,31.97,0,0,0.47,2025-12-23 22:41:40.393744
synthetic_student_23,-1.25499720571054,5,True,18.93,0,1,0.86,2026-01-19 22:41:40.393759
synthetic_student_23,1.9534653827079858,6,False,39.64,0,0,0.61,2026-01-18 22:41:40.393773
synthetic_student_23,-0.30616299754974374,8,False,30.25,1,0,0.46,2025-10-30 22:41:40.393787
synthetic_student_23,-1.0343831273382253,9,False,29.22,1,1,0.58,2025-12-25 22:41:40.393801
synthetic_student_23,-1.0841246982151378,3,True,30.15,0,0,0.88,2025-11-02 22:41:40.393814
synthetic_student_23,0.6233621245339833,5,False,37.14,0,0,0.5,2025-12-07 22:41:40.393827
synthetic_student_23,1.8094590489370712,10,False,42.45,2,0,0.36,2026-01-01 22:41:40.393840
synthetic_student_23,0.932109943596735,1,False,38.16,0,0,0.48,2025-11-18 22:41:40.393854
synthetic_student_23,-0.762165837623904,2,False,21.72,0,0,0.38,2025-10-21 22:41:40.393867
synthetic_student_23,-0.5224296286452477,9,False,42.18,0,0,0.45,2026-01-14 22:41:40.393880
synthetic_student_23,1.2594100484127786,3,False,39.33,1,0,0.62,2025-11-19 22:41:40.393893
synthetic_student_23,-1.0910480694464688,2,True,35.27,1,0,0.96,2026-01-18 22:41:40.393908
synthetic_student_23,0.4273542932545422,8,True,31.73,0,0,0.97,2025-12-29 22:41:40.393921
synthetic_student_23,-1.3700962252298088,6,True,20.33,0,0,0.94,2025-12-27 22:41:40.393934
synthetic_student_23,0.7772845991862041,9,False,37.06,0,0,0.66,2025-10-22 22:41:40.393947
synthetic_student_23,0.7475616134529122,9,False,32.91,2,0,0.4,2025-12-08 22:41:40.393962
synthetic_student_23,-0.6731994099234524,3,True,30.62,1,1,0.78,2025-12-16 22:41:40.393975
synthetic_student_23,-1.0604708256918052,5,False,36.23,0,0,0.6,2025-10-24 22:41:40.393988
synthetic_student_23,1.5584371772332104,6,False,38.21,0,1,0.44,2025-12-02 22:41:40.394001
synthetic_student_23,-1.4315373222382632,4,True,32.1,0,1,0.77,2025-11-26 22:41:40.394014
synthetic_student_23,1.0889215105852919,10,False,40.66,0,0,0.48,2025-11-09 22:41:40.394028
synthetic_student_23,0.30522807345776837,1,False,38.3,1,0,0.63,2026-01-08 22:41:40.394047
synthetic_student_23,1.0248941690918496,9,False,42.68,1,1,0.31,2025-12-04 22:41:40.394065
synthetic_student_23,0.17290144759508763,3,True,40.81,0,1,0.89,2025-12-12 22:41:40.394079
synthetic_student_23,-0.31640444541266,6,False,27.84,3,0,0.59,2025-11-19 22:41:40.394092
synthetic_student_23,1.6515763396187264,7,False,30.34,0,0,0.68,2025-12-05 22:41:40.394106
synthetic_student_23,-1.0465871850257389,6,True,29.42,0,0,0.88,2025-11-02 22:41:40.394120
synthetic_student_23,0.6374243860877402,7,False,35.21,0,0,0.57,2025-11-24 22:41:40.394134
synthetic_student_23,-0.13136832866945491,7,False,29.39,0,0,0.52,2026-01-08 22:41:40.394147
synthetic_student_24,1.471659625173102,6,False,36.46,1,0,0.66,2025-11-22 22:41:40.394162
synthetic_student_24,0.31391380518246237,6,False,35.44,0,0,0.42,2025-11-10 22:41:40.394175
synthetic_student_24,1.9041847849126916,5,True,30.18,1,0,0.97,2025-12-16 22:41:40.394190
synthetic_student_24,1.9375181588580705,2,False,34.99,3,0,0.53,2025-12-23 22:41:40.394203
synthetic_student_24,0.9630501001076288,3,False,28.57,0,0,0.55,2025-11-03 22:41:40.394216
synthetic_student_24,-1.4741839437244257,7,True,27.99,0,0,0.87,2025-10-22 22:41:40.394229
synthetic_student_24,1.2239646169367644,8,False,38.79,0,0,0.55,2025-11-21 22:41:40.394243
synthetic_student_24,0.5962381041519706,3,True,28.29,0,0,0.88,2025-12-16 22:41:40.394255
synthetic_student_24,0.8900143376482728,6,False,32.76,0,0,0.35,2025-12-07 22:41:40.394269
synthetic_student_24,1.2184659972808758,4,False,29.67,0,0,0.37,2025-12-25 22:41:40.394281
synthetic_student_24,-1.8254493880896385,4,True,17.46,0,0,0.8,2025-11-15 22:41:40.394295
synthetic_student_24,-0.588144379913766,8,True,30.0,0,0,0.99,2025-11-11 22:41:40.394309
synthetic_student_24,1.207944720485362,6,True,33.05,1,1,0.9,2025-10-26 22:41:40.394323
synthetic_student_24,1.343198554181837,9,False,21.31,0,0,0.51,2025-11-17 22:41:40.394336
synthetic_student_24,0.9121147297730681,9,True,26.98,2,0,0.73,2025-12-10 22:41:40.394350
synthetic_student_24,-0.753202830021602,1,True,21.38,2,0,0.76,2026-01-07 22:41:40.394362
synthetic_student_24,-1.2162787004143305,3,True,22.78,0,0,0.81,2025-11-12 22:41:40.394375
synthetic_student_24,-1.4136584038982125,1,True,24.19,0,0,0.99,2025-10-26 22:41:40.394388
synthetic_student_24,0.9524264634912476,6,True,31.44,1,0,0.97,2025-12-30 22:41:40.394403
synthetic_student_24,1.7658620079743317,1,False,35.71,1,0,0.42,2026-01-06 22:41:40.394416
synthetic_student_24,0.16376414287742413,6,False,30.76,0,0,0.7,2025-10-24 22:41:40.394429
synthetic_student_24,-1.75749042154431,6,True,15.27,0,0,0.97,2026-01-13 22:41:40.394444
synthetic_student_24,-0.16995129717042756,3,True,29.03,0,0,0.74,2025-12-20 22:41:40.394458
synthetic_student_24,-0.5276317631720708,3,True,27.66,0,0,0.86,2025-11-16 22:41:40.394471
synthetic_student_24,0.5638407807491048,2,False,26.79,1,0,0.49,2025-12-30 22:41:40.394484
synthetic_student_24,1.1985985508812633,2,False,29.59,0,0,0.54,2025-10-25 22:41:40.394497
synthetic_student_24,-0.7776670736931752,5,True,16.03,0,0,0.99,2025-12-09 22:41:40.394510
synthetic_student_24,-0.15535258109847438,7,False,30.02,0,0,0.5,2026-01-11 22:41:40.394523
synthetic_student_24,-1.268729360664922,4,True,24.93,0,0,0.84,2025-11-18 22:41:40.394536
synthetic_student_24,-1.997647378677724,1,True,15.82,0,0,0.91,2026-01-11 22:41:40.394549
synthetic_student_24,0.13443857194845998,5,True,22.35,0,0,0.84,2026-01-06 22:41:40.394562
synthetic_student_24,-1.7806670289400817,8,True,15.71,0,0,0.72,2025-11-24 22:41:40.394576
synthetic_student_24,1.7525313597084407,7,False,36.34,0,0,0.5,2025-11-27 22:41:40.394590
synthetic_student_24,-1.2932135610003903,2,False,25.31,0,0,0.37,2026-01-14 22:41:40.394603
synthetic_student_24,-0.9803234204666555,5,True,23.08,1,0,0.95,2026-01-03 22:41:40.394617
synthetic_student_24,-0.21532620281024606,8,True,32.42,0,0,0.82,2025-11-03 22:41:40.394630
synthetic_student_24,1.5546116625679067,9,True,34.39,0,0,0.84,2026-01-05 22:41:40.394643
synthetic_student_24,0.4367666227771685,5,True,19.43,1,0,0.94,2026-01-01 22:41:40.394656
synthetic_student_24,-0.9847416652916561,3,True,15.31,0,0,0.74,2025-12-26 22:41:40.394669
synthetic_student_24,-0.8773234872101701,4,True,27.44,0,1,0.92,2025-12-18 22:41:40.394682
synthetic_student_24,1.4647532661627167,3,False,36.9,0,0,0.48,2025-11-03 22:41:40.394695
synthetic_student_24,-0.13039087199204236,10,True,22.91,2,0,0.85,2025-11-13 22:41:40.394710
synthetic_student_24,-0.007837851313213573,6,False,23.28,0,0,0.39,2026-01-04 22:41:40.394723
synthetic_student_24,1.2619114746008888,4,True,31.31,2,0,0.85,2025-12-26 22:41:40.394736
synthetic_student_24,1.4934156276811876,8,False,28.26,5,0,0.34,2025-12-10 22:41:40.394749
synthetic_student_24,0.32393511064611324,7,False,23.98,0,0,0.54,2025-12-25 22:41:40.394762
synthetic_student_24,1.200443464828917,6,False,26.09,0,0,0.69,2026-01-19 22:41:40.394775
synthetic_student_24,-1.1315849455750198,3,True,25.06,1,0,0.99,2025-12-04 22:41:40.394789
synthetic_student_24,1.007831390611666,2,True,32.86,0,0,0.71,2025-12-20 22:41:40.394803
synthetic_student_24,1.982319032560007,3,True,32.07,4,0,0.93,2025-10-25 22:41:40.394816
synthetic_student_24,-0.4478511736369697,2,False,17.84,1,0,0.38,2025-12-10 22:41:40.394838
synthetic_student_24,1.8144898878545632,7,True,24.76,2,0,0.96,2026-01-10 22:41:40.394851
synthetic_student_24,-0.6306983178053391,5,True,27.39,0,0,0.93,2025-12-18 22:41:40.394865
synthetic_student_24,1.622179741550176,7,True,26.57,1,0,0.72,2025-11-21 22:41:40.394880
synthetic_student_24,1.17575363513797,3,True,34.92,0,0,0.9,2025-10-30 22:41:40.394894
synthetic_student_24,0.26680378797272786,7,True,27.33,1,0,0.97,2025-12-17 22:41:40.394908
synthetic_student_24,1.6962875524626337,1,True,32.46,0,0,0.96,2025-10-29 22:41:40.394921
synthetic_student_24,0.08297449892351061,3,True,36.37,1,0,0.81,2025-12-05 22:41:40.394934
synthetic_student_24,1.453250358099735,2,False,36.92,1,0,0.44,2025-12-18 22:41:40.394948
synthetic_student_24,-0.5645161722891672,6,True,24.37,0,0,0.74,2025-10-25 22:41:40.394961
synthetic_student_24,-0.5727724400752212,2,True,26.53,1,0,0.87,2025-11-20 22:41:40.394976
synthetic_student_24,0.5473932664664045,8,True,23.48,1,0,0.85,2025-12-20 22:41:40.394989
synthetic_student_24,0.6465033576225814,1,True,23.61,0,0,0.7,2025-12-14 22:41:40.395002
synthetic_student_24,-1.9184306139150071,4,True,20.81,0,0,0.96,2026-01-05 22:41:40.395016
synthetic_student_24,-0.9734327695944871,3,True,15.95,0,0,0.86,2025-11-28 22:41:40.395029
synthetic_student_24,0.24024345936465963,10,False,31.08,0,0,0.42,2026-01-14 22:41:40.395042
synthetic_student_24,-1.2119047110265129,9,True,18.88,0,0,0.94,2025-10-26 22:41:40.395055
synthetic_student_24,-1.4814018439402545,6,False,19.59,0,0,0.68,2025-11-17 22:41:40.395068
synthetic_student_24,1.6443116008541558,10,False,22.96,0,0,0.62,2025-11-27 22:41:40.395081
synthetic_student_24,-0.46610732491322837,4,True,26.55,0,0,0.75,2025-12-12 22:41:40.395094
synthetic_student_24,1.3134100018730597,6,False,27.83,1,0,0.66,2025-11-13 22:41:40.395107
synthetic_student_24,0.17669946023918826,4,True,26.0,2,0,0.85,2025-11-12 22:41:40.395121
synthetic_student_24,-0.19852543477364248,10,True,28.33,1,0,0.72,2026-01-09 22:41:40.395134
synthetic_student_24,-0.437078292898335,5,True,32.91,0,0,0.92,2026-01-12 22:41:40.395147
synthetic_student_24,-0.137789926301898,2,False,25.42,1,0,0.5,2025-12-02 22:41:40.395161
synthetic_student_24,0.3965466467347767,7,True,27.59,0,0,0.77,2025-12-10 22:41:40.395174
synthetic_student_24,-1.4530126234348724,5,False,9.06,0,0,0.33,2025-11-29 22:41:40.395188
synthetic_student_24,-1.1101147573885926,7,False,28.24,0,0,0.35,2025-12-05 22:41:40.395202
synthetic_student_24,0.9373876632753277,6,False,36.65,1,0,0.54,2025-12-09 22:41:40.395215
synthetic_student_24,-1.6754429684469945,3,True,23.68,1,0,0.76,2026-01-12 22:41:40.395228
synthetic_student_24,-1.3124308551548998,2,True,12.43,1,0,0.79,2026-01-10 22:41:40.395244
synthetic_student_24,-1.3682310092405974,6,True,13.72,0,0,0.73,2025-10-29 22:41:40.395257
synthetic_student_24,-0.44229893808893506,6,True,18.06,0,0,0.92,2025-11-22 22:41:40.395272
synthetic_student_24,-0.1035673383739959,1,True,23.57,0,0,0.81,2025-12-27 22:41:40.395286
synthetic_student_24,-1.1121686227168777,8,True,22.85,0,0,0.72,2025-12-29 22:41:40.395298
synthetic_student_24,1.9143353138686643,6,True,35.18,1,0,0.88,2025-12-20 22:41:40.395312
synthetic_student_24,1.651669154122951,6,False,34.91,1,0,0.44,2026-01-15 22:41:40.395325
synthetic_student_24,-0.4780146612881575,7,True,18.2,0,0,0.89,2025-12-15 22:41:40.395338
synthetic_student_24,-1.6620621165581837,9,True,15.77,0,0,0.98,2025-12-08 22:41:40.395351
synthetic_student_24,-1.2715454251170906,7,False,20.62,0,0,0.31,2025-12-07 22:41:40.395364
synthetic_student_24,0.4114044365004532,7,True,28.27,1,0,0.72,2025-11-21 22:41:40.395378
synthetic_student_24,0.5567796193640504,5,True,14.59,0,0,0.72,2025-12-19 22:41:40.395391
synthetic_student_24,-0.36378064520582276,5,True,29.54,0,0,0.94,2025-12-10 22:41:40.395404
synthetic_student_24,1.58833137439162,2,True,33.85,0,0,0.83,2025-11-30 22:41:40.395417
synthetic_student_24,-1.637663185931833,2,True,17.43,0,0,0.71,2025-12-08 22:41:40.395430
synthetic_student_24,1.2971822776479622,7,False,22.9,1,1,0.42,2025-10-25 22:41:40.395446
synthetic_student_24,1.9250137803285852,6,True,31.94,1,0,0.88,2025-11-06 22:41:40.395460
synthetic_student_24,0.017473391169489094,8,False,29.79,0,0,0.45,2026-01-05 22:41:40.395473
synthetic_student_24,0.005344826355748733,10,False,31.42,0,0,0.61,2026-01-03 22:41:40.395487
synthetic_student_24,0.4058038541102711,4,True,28.75,1,0,0.83,2025-12-08 22:41:40.395502
synthetic_student_25,1.2068409268459548,2,True,29.96,2,1,0.71,2025-12-18 22:41:40.395516
synthetic_student_25,-1.563273709570415,4,False,25.42,0,0,0.65,2026-01-10 22:41:40.395529
synthetic_student_25,0.7998738472439926,9,False,29.93,2,0,0.61,2025-11-25 22:41:40.395543
synthetic_student_25,0.73274807455376,5,False,22.48,0,0,0.5,2025-12-20 22:41:40.395556
synthetic_student_25,-1.5257342459163756,8,True,33.72,0,0,0.95,2025-11-19 22:41:40.395569
synthetic_student_25,0.637829708536275,10,False,25.74,1,0,0.44,2026-01-13 22:41:40.395582
synthetic_student_25,1.102676651086163,5,True,40.26,0,1,0.78,2025-11-15 22:41:40.395595
synthetic_student_25,-0.5490946540089818,4,True,31.42,0,0,0.74,2025-11-10 22:41:40.395609
synthetic_student_25,0.8027919698730877,1,False,29.08,0,0,0.5,2025-12-19 22:41:40.395622
synthetic_student_25,0.4020144001804029,4,False,32.72,0,0,0.64,2025-12-17 22:41:40.395635
synthetic_student_25,1.7537921187914005,8,True,39.75,2,0,0.93,2025-11-29 22:41:40.395649
synthetic_student_25,1.7375576639742358,6,False,40.01,0,0,0.58,2026-01-10 22:41:40.395662
synthetic_student_25,-0.5614717095269177,10,False,22.17,1,0,0.47,2025-11-12 22:41:40.395676
synthetic_student_25,1.0377330969046419,9,False,29.91,1,0,0.59,2025-11-16 22:41:40.395694
synthetic_student_25,-0.9872748147645964,2,False,28.23,0,0,0.57,2025-10-28 22:41:40.395708
synthetic_student_25,0.3083214851413869,7,True,39.46,0,0,0.79,2026-01-12 22:41:40.395721
synthetic_student_25,-1.4417669156301094,1,False,25.18,0,0,0.48,2025-11-08 22:41:40.395735
synthetic_student_25,-1.281310126941455,8,True,20.3,0,0,0.78,2026-01-13 22:41:40.395748
synthetic_student_25,0.549304510046722,7,True,29.69,1,0,0.79,2026-01-04 22:41:40.395761
synthetic_student_25,0.7080652457082559,3,False,35.98,2,0,0.61,2025-12-24 22:41:40.395776
synthetic_student_25,-0.28537918231464987,6,True,29.49,0,0,0.78,2026-01-18 22:41:40.395789
synthetic_student_25,-0.8558221390790042,2,True,27.49,0,0,0.89,2025-12-19 22:41:40.395802
synthetic_student_25,-1.8620572019166715,10,True,18.4,0,0,0.9,2025-10-21 22:41:40.395816
synthetic_student_25,-0.2008634164717198,6,True,37.88,0,0,0.85,2025-12-29 22:41:40.395829
synthetic_student_25,1.3099196804573303,6,False,33.5,0,0,0.54,2025-11-08 22:41:40.395843
synthetic_student_25,-1.9072522930294302,9,True,16.87,0,0,0.94,2025-10-23 22:41:40.395856
synthetic_student_25,-0.00608719241320399,1,True,29.01,1,0,0.75,2025-11-21 22:41:40.395869
synthetic_student_25,1.7640650671629672,7,False,37.74,0,0,0.67,2025-11-11 22:41:40.395883
synthetic_student_25,-0.5987340081073778,6,True,28.4,0,0,0.99,2025-10-30 22:41:40.395896
synthetic_student_25,-1.8871627624723857,5,True,21.66,0,0,0.93,2026-01-10 22:41:40.395909
synthetic_student_25,-1.373027143691262,7,True,21.74,1,0,0.92,2025-11-16 22:41:40.395922
synthetic_student_25,-1.1831754530876522,3,True,23.99,2,0,0.75,2025-11-23 22:41:40.395936
synthetic_student_25,1.8373088335498804,3,False,40.44,1,0,0.6,2026-01-01 22:41:40.395949
synthetic_student_25,-1.6074682582985806,9,False,36.54,0,0,0.5,2025-11-05 22:41:40.395962
synthetic_student_25,-0.4622109815573765,5,False,34.02,1,0,0.43,2026-01-11 22:41:40.395975
synthetic_student_25,0.13850204554344447,5,True,25.73,1,0,0.78,2025-11-01 22:41:40.395988
synthetic_student_25,-1.4588279614148902,9,True,29.24,0,0,0.99,2025-10-31 22:41:40.396002
synthetic_student_25,1.9903603562346288,7,False,33.4,0,0,0.33,2025-11-17 22:41:40.396015
synthetic_student_25,0.09112384556531827,1,False,28.84,0,0,0.37,2025-11-07 22:41:40.396032
synthetic_student_25,-1.034354106799238,10,True,20.91,0,0,0.95,2025-12-30 22:41:40.396052
synthetic_student_25,0.8032949574131245,1,False,29.62,0,0,0.66,2025-12-16 22:41:40.396069
synthetic_student_25,-0.3857041210318064,2,True,22.55,1,0,0.99,2025-12-16 22:41:40.396088
synthetic_student_25,0.7467230804967708,4,False,41.46,1,0,0.36,2026-01-04 22:41:40.396101
synthetic_student_25,-1.5078034140849832,6,False,35.95,0,0,0.6,2025-11-15 22:41:40.396114
synthetic_student_25,1.7587431588206046,7,True,31.44,2,0,0.9,2025-11-21 22:41:40.396127
synthetic_student_25,1.133179501845123,3,False,23.02,2,0,0.35,2025-11-02 22:41:40.396141
synthetic_student_25,-0.3589861081697707,7,True,20.14,1,0,0.96,2025-12-05 22:41:40.396154
synthetic_student_25,1.8205016080604377,5,False,41.03,0,0,0.39,2025-11-26 22:41:40.396167
synthetic_student_25,-0.13456787179519392,6,False,31.49,1,0,0.57,2025-11-27 22:41:40.396180
synthetic_student_25,-0.3194031884691797,8,False,37.09,1,0,0.32,2025-12-17 22:41:40.396193
synthetic_student_25,1.456120776831788,10,False,29.48,0,0,0.68,2025-12-28 22:41:40.396206
synthetic_student_25,-0.5312263343889203,10,True,21.95,1,0,0.79,2026-01-12 22:41:40.396219
synthetic_student_25,0.6690861932206511,2,False,38.8,0,0,0.34,2025-11-03 22:41:40.396232
synthetic_student_25,-0.2019665338428056,7,True,17.62,0,0,0.88,2025-10-29 22:41:40.396245
synthetic_student_25,0.812314611671213,4,False,27.35,0,0,0.58,2025-11-17 22:41:40.396260
synthetic_student_25,-1.201743355031943,3,True,24.16,0,0,0.71,2025-11-23 22:41:40.396273
synthetic_student_25,0.07506006433906132,5,True,30.39,0,0,0.78,2025-11-25 22:41:40.396287
synthetic_student_25,1.4445106974789677,9,False,33.29,2,0,0.6,2026-01-06 22:41:40.396300
synthetic_student_25,-1.895464822976646,6,False,24.23,0,0,0.37,2025-12-06 22:41:40.396315
synthetic_student_25,1.9653838504315049,8,False,39.46,2,0,0.52,2025-12-06 22:41:40.396328
synthetic_student_25,-1.0210433066048341,2,False,33.18,0,0,0.5,2025-11-17 22:41:40.396341
synthetic_student_25,0.2555035883467771,9,False,36.61,0,0,0.47,2025-12-07 22:41:40.396356
synthetic_student_25,1.4361890593487505,10,False,37.78,2,0,0.38,2025-12-25 22:41:40.396369
synthetic_student_25,0.13843606060816738,9,True,35.68,0,0,0.92,2026-01-05 22:41:40.396382
synthetic_student_25,-0.3937824192038355,9,True,27.89,3,0,0.97,2025-11-23 22:41:40.396395
synthetic_student_25,0.6894647430336955,10,False,33.58,1,0,0.54,2025-11-28 22:41:40.396408
synthetic_student_25,0.4355756582136072,5,False,29.29,1,0,0.58,2025-11-25 22:41:40.396422
synthetic_student_25,-0.1732670250220365,10,False,22.42,0,0,0.49,2025-11-14 22:41:40.396435
synthetic_student_25,-0.12342388869833476,1,False,26.35,1,0,0.69,2025-11-27 22:41:40.396451
synthetic_student_25,0.9389429384403947,4,False,25.44,2,0,0.7,2025-11-22 22:41:40.396464
synthetic_student_25,0.43306608405327296,1,False,38.75,0,0,0.55,2026-01-14 22:41:40.396477
synthetic_student_25,-0.3456786924800377,5,False,35.62,1,0,0.49,2025-11-18 22:41:40.396491
synthetic_student_25,-0.8378925085750963,8,True,35.82,0,0,0.96,2025-11-20 22:41:40.396504
synthetic_student_25,-0.645402745396574,2,True,25.23,1,0,0.89,2026-01-14 22:41:40.396517
synthetic_student_25,0.8250763534826744,7,False,36.43,0,0,0.7,2025-12-03 22:41:40.396530
synthetic_student_25,-1.1078064046747351,5,True,26.65,0,0,0.86,2025-11-16 22:41:40.396544
synthetic_student_25,0.6971554595048137,9,False,32.3,2,0,0.32,2025-11-03 22:41:40.396557
synthetic_student_25,1.629360220627007,2,False,44.09,0,0,0.47,2025-12-25 22:41:40.396576
synthetic_student_25,-0.8844320442275979,1,True,34.83,0,0,0.74,2025-12-08 22:41:40.396590
synthetic_student_25,1.3333654360057263,1,False,38.73,0,0,0.45,2025-12-14 22:41:40.396603
synthetic_student_25,-1.2081862780214387,9,True,23.04,0,0,0.74,2025-11-02 22:41:40.396616
synthetic_student_25,-0.8867600796767623,3,False,24.81,0,0,0.67,2025-11-04 22:41:40.396634
synthetic_student_25,0.26076940177130137,4,False,29.61,1,0,0.69,2025-12-18 22:41:40.396647
synthetic_student_25,-0.31166939208981104,3,False,39.97,1,0,0.54,2025-10-25 22:41:40.396660
synthetic_student_25,-0.7683747901452791,5,True,34.39,0,0,0.8,2025-11-14 22:41:40.396673
synthetic_student_25,-0.2291370721545838,2,True,30.9,1,0,0.75,2025-12-26 22:41:40.396686
synthetic_student_25,-0.5207798027501314,4,False,37.14,0,0,0.38,2026-01-04 22:41:40.396700
synthetic_student_25,-0.9762286421314292,4,False,25.75,0,0,0.3,2025-11-15 22:41:40.396713
synthetic_student_25,-0.9099088723095856,8,True,32.79,0,0,0.74,2025-12-02 22:41:40.396726
synthetic_student_25,1.2429410417758482,7,True,34.46,2,0,0.73,2025-12-05 22:41:40.396739
synthetic_student_25,1.909936171726637,7,False,39.47,1,0,0.34,2025-12-26 22:41:40.396752
synthetic_student_25,1.2516979183357302,4,True,36.32,1,0,0.92,2026-01-07 22:41:40.396765
synthetic_student_25,1.5799357316406364,6,False,31.83,1,0,0.65,2025-11-22 22:41:40.396779
synthetic_student_25,1.0561850831215511,5,False,35.35,0,0,0.55,2025-10-30 22:41:40.396791
synthetic_student_25,-1.1406525260738416,1,True,22.61,0,0,0.72,2025-10-25 22:41:40.396805
synthetic_student_25,-0.6014927100598055,1,False,26.02,0,0,0.49,2025-12-27 22:41:40.396818
synthetic_student_25,-1.1450449792970834,5,True,26.61,0,0,0.84,2025-12-19 22:41:40.396831
synthetic_student_25,0.2498502116338588,4,True,28.25,1,0,0.93,2025-10-22 22:41:40.396847
synthetic_student_25,0.06558077761163483,8,False,22.86,0,0,0.32,2025-12-23 22:41:40.396859
synthetic_student_25,-1.8574725818706455,7,True,31.52,1,0,0.82,2025-12-26 22:41:40.396873
synthetic_student_26,0.4354981615407718,10,True,24.87,0,0,0.91,2025-12-25 22:41:40.396887
synthetic_student_26,0.3977777712934585,9,True,30.94,0,0,0.9,2025-11-02 22:41:40.396900
synthetic_student_26,0.8156283141262723,1,True,25.68,0,0,0.88,2025-12-11 22:41:40.396914
synthetic_student_26,-0.9170282626616668,10,True,17.75,0,0,0.91,2025-10-21 22:41:40.397271
synthetic_student_26,0.43105821752227635,4,True,24.74,1,0,0.71,2025-10-25 22:41:40.397296
synthetic_student_26,-1.4360311297282404,6,True,14.12,0,0,0.85,2025-11-19 22:41:40.397311
synthetic_student_26,-0.23643147909638973,9,True,29.08,0,0,0.94,2025-12-02 22:41:40.397324
synthetic_student_26,-0.9920639336390793,2,True,20.45,0,0,0.8,2026-01-18 22:41:40.397337
synthetic_student_26,-0.11371475229367034,1,True,17.44,0,0,0.89,2026-01-01 22:41:40.397417
synthetic_student_26,0.6287341420058485,8,True,29.77,1,0,0.94,2025-11-13 22:41:40.397521
synthetic_student_26,-0.15793524820655414,8,False,25.03,0,0,0.34,2026-01-09 22:41:40.397591
synthetic_student_26,-0.055660492253912786,7,True,15.8,0,1,0.75,2025-11-12 22:41:40.397613
synthetic_student_26,0.8766123896589364,9,True,34.59,0,0,0.78,2025-10-25 22:41:40.397629
synthetic_student_26,0.667358261165822,7,False,23.08,1,0,0.37,2025-10-31 22:41:40.397643
synthetic_student_26,0.8523263148390505,1,True,26.54,1,0,0.75,2025-12-04 22:41:40.397659
synthetic_student_26,-0.0853208414745632,1,True,25.94,1,0,0.84,2025-12-07 22:41:40.397672
synthetic_student_26,1.4248448223490882,2,False,25.59,1,0,0.59,2025-11-07 22:41:40.397747
synthetic_student_26,1.2784655510124088,2,True,30.63,1,0,0.79,2025-11-01 22:41:40.397765
synthetic_student_26,-1.6484212540468932,5,True,19.51,0,0,0.91,2026-01-02 22:41:40.397779
synthetic_student_26,0.042099603171889655,9,True,17.39,0,0,0.96,2025-10-23 22:41:40.397792
synthetic_student_26,1.3413502058038151,2,False,32.61,0,0,0.57,2025-11-25 22:41:40.397805
synthetic_student_26,0.735683175501185,4,False,30.97,1,0,0.49,2026-01-18 22:41:40.397819
synthetic_student_26,-0.6676271519484374,6,False,24.07,0,0,0.44,2025-11-21 22:41:40.397833
synthetic_student_26,0.19929584071952844,1,True,28.11,0,0,0.81,2025-12-15 22:41:40.397865
synthetic_student_26,-0.4430957581953532,1,True,26.53,1,0,0.71,2025-12-09 22:41:40.397883
synthetic_student_26,0.24574789683322917,2,True,21.55,0,0,0.83,2025-11-01 22:41:40.397971
synthetic_student_26,0.40281054782191905,4,True,19.88,0,0,1.0,2025-11-18 22:41:40.398115
synthetic_student_26,-1.5044949512420187,7,False,16.92,0,1,0.32,2025-11-30 22:41:40.398147
synthetic_student_26,-0.3395271186171791,1,True,21.93,0,0,0.81,2026-01-05 22:41:40.398164
synthetic_student_26,-1.4816546214299908,2,True,15.05,0,0,0.92,2025-10-21 22:41:40.398178
synthetic_student_26,1.3452179555284967,2,True,25.27,3,0,0.9,2025-11-09 22:41:40.398192
synthetic_student_26,0.5189440088914501,2,True,21.3,1,0,0.9,2025-10-31 22:41:40.398206
synthetic_student_26,1.2957180586583616,9,False,22.23,1,0,0.47,2025-12-08 22:41:40.398325
synthetic_student_26,0.2796010471939292,6,True,16.35,1,0,0.8,2025-12-26 22:41:40.398349
synthetic_student_26,-0.9652405473368679,8,True,14.38,0,0,0.78,2025-10-27 22:41:40.398365
synthetic_student_26,-1.4433374236901026,7,False,17.0,0,0,0.31,2025-10-24 22:41:40.398381
synthetic_student_26,0.23479076059950366,1,True,25.84,0,0,0.91,2025-11-26 22:41:40.398400
synthetic_student_26,-0.7224557547769912,3,True,21.93,0,0,0.8,2025-12-20 22:41:40.398413
synthetic_student_26,-0.5098838312512401,10,True,22.19,0,0,0.74,2025-11-14 22:41:40.398426
synthetic_student_26,-1.5404281191110445,10,True,13.19,0,0,0.97,2026-01-07 22:41:40.398439
synthetic_student_26,0.8754410080976154,7,False,30.48,1,0,0.59,2025-11-13 22:41:40.398453
synthetic_student_26,-1.68090930636464,4,True,14.56,0,0,0.74,2025-12-17 22:41:40.398467
synthetic_student_26,-0.19241800836589285,8,True,26.6,0,0,0.82,2025-11-12 22:41:40.398480
synthetic_student_26,-1.5632349305497235,10,True,17.85,0,0,0.89,2026-01-13 22:41:40.398494
synthetic_student_26,1.7514799515524633,6,True,26.63,0,0,0.78,2025-12-18 22:41:40.398507
synthetic_student_26,1.4953063935930162,1,True,26.65,0,0,0.93,2026-01-17 22:41:40.398521
synthetic_student_26,-1.0295091223208495,3,True,18.8,0,0,0.88,2025-10-27 22:41:40.398535
synthetic_student_26,0.22821617926123938,4,True,26.63,1,1,0.78,2025-12-03 22:41:40.398548
synthetic_student_26,-0.8660612166579837,10,True,19.93,0,0,0.86,2026-01-08 22:41:40.398561
synthetic_student_26,1.0483239076538258,3,True,32.66,0,0,0.83,2026-01-09 22:41:40.398574
synthetic_student_26,1.631134552511568,5,True,28.79,1,0,0.82,2025-12-27 22:41:40.398587
synthetic_student_26,0.9015947302290539,9,False,21.53,1,1,0.39,2025-11-10 22:41:40.398601
synthetic_student_26,0.8274583251575187,2,False,25.35,1,0,0.65,2025-10-27 22:41:40.398616
synthetic_student_26,1.7511751749476603,10,False,31.11,0,0,0.46,2026-01-10 22:41:40.398630
synthetic_student_26,1.0074530816720797,2,True,29.6,1,0,0.94,2026-01-18 22:41:40.398643
synthetic_student_26,-1.9491470050346473,7,True,12.83,0,1,0.85,2025-12-31 22:41:40.398658
synthetic_student_26,1.4728538847897124,10,False,29.37,2,0,0.41,2026-01-04 22:41:40.398672
synthetic_student_26,1.4994647223027595,8,True,37.77,1,0,0.96,2026-01-15 22:41:40.398686
synthetic_student_26,-1.2678255866985642,5,True,14.17,0,0,0.73,2025-11-09 22:41:40.398699
synthetic_student_26,-0.29123879312471157,5,True,18.94,0,0,0.98,2026-01-11 22:41:40.398746
synthetic_student_26,-1.0342316050916303,7,True,18.58,0,0,0.8,2025-12-24 22:41:40.398807
synthetic_student_26,-0.011667105491830032,6,False,27.37,0,0,0.66,2026-01-17 22:41:40.398827
synthetic_student_26,-0.11544112156080999,8,True,19.35,1,0,0.92,2025-11-21 22:41:40.398842
synthetic_student_26,0.848338446944521,2,False,27.93,3,1,0.53,2025-11-30 22:41:40.398856
synthetic_student_26,-0.6374001521478196,8,False,19.04,0,0,0.68,2025-12-12 22:41:40.398870
synthetic_student_26,0.029909319310746696,1,False,17.94,0,0,0.52,2025-12-12 22:41:40.398897
synthetic_student_26,-1.1036602471438126,4,True,13.29,0,0,0.94,2025-11-19 22:41:40.398911
synthetic_student_26,-1.617719509506251,6,False,19.48,0,0,0.61,2025-11-08 22:41:40.398924
synthetic_student_26,-1.1803796417493793,6,True,25.02,0,0,0.84,2025-11-17 22:41:40.398937
synthetic_student_26,-1.3989307587363058,4,True,23.4,0,0,0.9,2025-11-23 22:41:40.398951
synthetic_student_26,-1.3711044535942252,6,False,16.75,0,0,0.65,2025-11-20 22:41:40.398964
synthetic_student_26,-1.0917194070668508,5,True,17.21,0,0,0.93,2025-11-24 22:41:40.398977
synthetic_student_26,0.09890163949927544,7,True,25.06,0,0,0.85,2025-11-08 22:41:40.398991
synthetic_student_26,0.5260581307838108,6,False,26.79,2,0,0.39,2025-11-01 22:41:40.399004
synthetic_student_26,-0.2087979082934952,2,True,20.01,0,0,0.87,2025-12-28 22:41:40.399017
synthetic_student_26,1.3226970132432943,4,True,22.55,1,0,0.9,2026-01-18 22:41:40.399033
synthetic_student_26,0.7054506608688329,3,True,17.99,1,0,0.72,2025-12-20 22:41:40.399046
synthetic_student_26,1.154874816190953,7,False,25.09,1,0,0.56,2025-12-07 22:41:40.399059
synthetic_student_26,-1.916764520287519,2,True,15.25,0,0,0.76,2025-11-25 22:41:40.399073
synthetic_student_26,-1.2366134074820456,7,True,6.92,0,0,0.7,2026-01-10 22:41:40.399086
synthetic_student_26,-1.1270099516347893,3,True,16.68,0,0,0.82,2025-11-21 22:41:40.399099
synthetic_student_26,1.786933818340101,6,False,27.89,0,0,0.58,2025-11-06 22:41:40.399112
synthetic_student_26,-0.18669375909305286,10,True,13.54,0,0,0.93,2025-11-17 22:41:40.399125
synthetic_student_26,1.4754115655229127,3,False,27.52,1,1,0.49,2025-12-02 22:41:40.399138
synthetic_student_26,-0.2406005699089473,7,False,24.78,0,0,0.36,2025-11-07 22:41:40.399151
synthetic_student_26,0.535401903608625,3,True,28.81,1,0,0.91,2025-11-03 22:41:40.399165
synthetic_student_26,-1.7379709306760032,8,True,10.28,0,0,1.0,2025-10-25 22:41:40.399178
synthetic_student_26,0.2782173944724615,8,True,20.26,0,1,0.92,2026-01-07 22:41:40.399191
synthetic_student_26,-0.2531484182989603,4,True,21.59,0,0,0.99,2025-12-30 22:41:40.399204
synthetic_student_26,1.4141647320699673,8,False,35.84,0,0,0.68,2026-01-08 22:41:40.399217
synthetic_student_26,1.9458980721777044,10,True,23.5,1,0,0.89,2026-01-05 22:41:40.399230
synthetic_student_26,0.6074229821338557,4,True,28.62,0,0,0.98,2025-10-23 22:41:40.399243
synthetic_student_26,-0.3463476886538652,10,True,22.59,0,1,0.73,2026-01-06 22:41:40.399256
synthetic_student_26,-0.0836767870577666,3,True,15.16,1,0,0.86,2025-11-05 22:41:40.399269
synthetic_student_26,-1.1774716133806469,1,True,17.36,0,0,0.93,2025-12-18 22:41:40.399284
synthetic_student_26,1.5479524148631185,6,True,36.19,2,1,0.79,2025-10-25 22:41:40.399298
synthetic_student_26,-1.2218146278393704,1,True,19.26,1,0,0.91,2025-12-09 22:41:40.399311
synthetic_student_26,0.2695147584273463,8,False,21.3,1,0,0.61,2025-12-09 22:41:40.399324
synthetic_student_26,1.3299867848056457,4,True,35.26,0,0,0.74,2025-12-01 22:41:40.399337
synthetic_student_26,0.5180987387511311,6,True,29.44,0,0,0.77,2025-12-17 22:41:40.399350
synthetic_student_27,0.08931642845006271,5,True,25.13,1,0,0.96,2026-01-04 22:41:40.399365
synthetic_student_27,-1.2414953163718905,4,True,22.15,0,0,0.94,2025-12-02 22:41:40.399378
synthetic_student_27,1.8402573430148492,8,False,43.25,2,0,0.52,2025-12-10 22:41:40.399392
synthetic_student_27,-0.2623824069213123,10,True,23.86,0,0,0.85,2026-01-06 22:41:40.399405
synthetic_student_27,1.9418620470573251,10,False,38.04,1,1,0.4,2025-10-31 22:41:40.399419
synthetic_student_27,0.11847565174887542,8,False,27.43,1,0,0.68,2026-01-13 22:41:40.399434
synthetic_student_27,-1.5609236264702004,4,True,20.64,0,0,0.84,2025-11-09 22:41:40.399447
synthetic_student_27,-0.7323954788787166,1,True,35.08,1,0,0.74,2025-10-26 22:41:40.399461
synthetic_student_27,-0.02627946372292822,3,False,30.43,1,0,0.54,2025-12-12 22:41:40.399476
synthetic_student_27,0.45654364342310094,4,True,28.86,0,0,0.7,2025-11-28 22:41:40.399490
synthetic_student_27,1.1816229926958108,8,False,39.43,0,0,0.5,2026-01-19 22:41:40.399503
synthetic_student_27,-0.8332083367033829,9,True,23.46,1,0,0.86,2025-12-13 22:41:40.399518
synthetic_student_27,0.15677338931779117,10,False,23.42,0,0,0.32,2025-10-29 22:41:40.399532
synthetic_student_27,0.24072994674589454,8,True,29.42,0,0,0.75,2026-01-13 22:41:40.399545
synthetic_student_27,-1.0522616597921144,10,False,37.58,0,0,0.44,2025-11-03 22:41:40.399560
synthetic_student_27,-0.8869401825532055,5,False,37.31,1,0,0.52,2025-11-22 22:41:40.399573
synthetic_student_27,-0.4272027068536879,8,False,32.34,0,0,0.44,2025-11-25 22:41:40.399586
synthetic_student_27,0.30604105786069224,10,True,32.48,2,0,0.89,2026-01-12 22:41:40.399599
synthetic_student_27,0.1515816029596615,1,False,35.22,0,0,0.4,2025-12-13 22:41:40.399612
synthetic_student_27,1.7136599788287197,7,False,38.62,1,1,0.63,2025-12-30 22:41:40.399626
synthetic_student_27,-1.292912542342505,4,True,27.11,0,0,0.87,2026-01-01 22:41:40.399639
synthetic_student_27,-1.8294165652730539,3,True,25.06,0,0,0.91,2026-01-08 22:41:40.399653
synthetic_student_27,-0.4883564167835299,2,True,32.65,0,0,0.77,2025-12-02 22:41:40.399666
synthetic_student_27,-0.5960653112117096,1,True,33.16,0,0,0.82,2025-12-06 22:41:40.399679
synthetic_student_27,-1.9731434849786478,4,False,24.36,0,0,0.61,2025-12-17 22:41:40.399693
synthetic_student_27,-1.2026959890654774,2,True,24.67,0,0,0.85,2025-12-12 22:41:40.399706
synthetic_student_27,0.06643158377437963,5,False,34.4,0,1,0.68,2026-01-19 22:41:40.399719
synthetic_student_27,0.8174975445184569,4,True,41.57,0,0,0.85,2025-12-15 22:41:40.399733
synthetic_student_27,1.4063810397464631,3,False,36.52,2,0,0.56,2026-01-15 22:41:40.399746
synthetic_student_27,1.4342686816452077,6,False,42.05,1,0,0.65,2025-12-01 22:41:40.399759
synthetic_student_27,1.6900721482885719,1,False,38.26,2,1,0.4,2025-12-15 22:41:40.399772
synthetic_student_27,-0.7231165329384792,2,True,24.04,0,0,0.71,2026-01-07 22:41:40.399785
synthetic_student_27,0.9125952988251438,6,False,40.56,0,0,0.44,2025-11-19 22:41:40.399799
synthetic_student_27,1.0172211439476309,2,False,40.73,0,0,0.55,2025-12-11 22:41:40.399814
synthetic_student_27,-1.1469505493460699,9,False,24.04,0,0,0.39,2025-11-06 22:41:40.399827
synthetic_student_27,-0.27648384580184393,6,True,31.58,1,0,0.71,2025-10-30 22:41:40.399840
synthetic_student_27,-0.5182995180563137,3,False,29.8,0,0,0.47,2025-11-05 22:41:40.399854
synthetic_student_27,-0.11538599055134213,3,True,22.72,0,0,0.81,2026-01-11 22:41:40.399869
synthetic_student_27,-0.7827150267665144,9,False,35.43,0,0,0.34,2026-01-03 22:41:40.399883
synthetic_student_27,0.056812101897179,9,False,27.64,1,1,0.45,2025-12-25 22:41:40.399896
synthetic_student_27,0.0696529696887862,3,True,31.39,0,0,0.78,2025-12-10 22:41:40.399909
synthetic_student_27,0.21036276766830575,5,False,25.16,1,0,0.55,2025-11-04 22:41:40.399923
synthetic_student_27,0.5608382232227807,10,False,34.03,1,0,0.36,2025-12-22 22:41:40.399936
synthetic_student_27,1.3385276570062459,7,False,39.45,0,0,0.53,2025-10-31 22:41:40.399949
synthetic_student_27,0.3794435805210248,4,True,21.0,2,0,0.99,2025-12-28 22:41:40.399962
synthetic_student_27,-0.41465444649642835,5,True,27.31,0,0,0.88,2025-12-20 22:41:40.399975
synthetic_student_27,1.7484681635498256,3,False,32.66,0,0,0.53,2025-10-26 22:41:40.399988
synthetic_student_27,1.8335615997475023,9,False,39.79,0,0,0.55,2026-01-09 22:41:40.400001
synthetic_student_27,-1.6280745724089378,10,False,27.92,0,1,0.69,2026-01-07 22:41:40.400014
synthetic_student_27,1.5531938918251038,5,False,30.26,0,0,0.69,2025-11-18 22:41:40.400027
synthetic_student_27,0.3336144265025478,7,False,29.92,0,0,0.38,2025-11-01 22:41:40.400040
synthetic_student_27,-1.229527691752426,1,True,31.34,1,0,0.99,2025-12-24 22:41:40.400055
synthetic_student_27,-1.107371046251345,6,True,31.46,1,0,0.94,2025-12-10 22:41:40.400070
synthetic_student_27,-1.8300498516844463,8,True,25.32,0,0,0.77,2025-12-04 22:41:40.400099
synthetic_student_27,1.178788588462941,3,False,46.51,0,0,0.58,2026-01-08 22:41:40.400112
synthetic_student_27,0.9804128603345106,1,False,35.01,1,0,0.55,2026-01-04 22:41:40.400127
synthetic_student_27,-1.021314925442455,6,True,20.12,1,0,0.78,2025-11-01 22:41:40.400140
synthetic_student_27,0.572664610954178,3,True,33.67,0,0,0.83,2025-11-18 22:41:40.400153
synthetic_student_27,-1.3672683193425832,8,True,27.6,0,0,0.71,2025-12-01 22:41:40.400169
synthetic_student_27,0.5310424729595056,4,False,36.3,0,0,0.52,2025-12-10 22:41:40.400182
synthetic_student_27,-0.35781359076898633,1,True,28.02,0,0,0.93,2025-12-14 22:41:40.400195
synthetic_student_27,-1.186777616615303,4,False,18.11,0,1,0.45,2025-12-11 22:41:40.400208
synthetic_student_27,0.837031865506515,2,False,45.27,0,0,0.44,2025-12-27 22:41:40.400221
synthetic_student_27,-0.6381523956012458,1,False,24.72,1,0,0.32,2025-12-10 22:41:40.400234
synthetic_student_27,1.3619774136039529,8,False,39.15,0,0,0.45,2025-11-26 22:41:40.400247
synthetic_student_27,-0.10235772594130621,1,True,25.73,0,0,0.99,2026-01-15 22:41:40.400260
synthetic_student_27,-0.561127365459678,5,False,36.24,0,0,0.55,2025-12-24 22:41:40.400274
synthetic_student_27,-0.9163164087410127,8,True,21.8,0,0,0.88,2026-01-01 22:41:40.400287
synthetic_student_27,1.766911871103813,10,True,40.14,0,0,0.94,2025-10-21 22:41:40.400302
synthetic_student_27,-0.3031291035405119,8,True,31.83,1,0,0.99,2026-01-19 22:41:40.400315
synthetic_student_27,-1.4451132575943642,1,True,34.23,0,0,0.98,2025-12-01 22:41:40.400328
synthetic_student_27,-1.6396375269805383,5,True,29.03,1,0,0.89,2025-11-16 22:41:40.400342
synthetic_student_27,-1.017158656718086,1,True,33.09,0,0,0.94,2025-11-12 22:41:40.400356
synthetic_student_27,1.4339289414849543,6,False,31.49,1,0,0.57,2025-12-06 22:41:40.400371
synthetic_student_27,-0.21252703185642785,6,True,34.29,1,0,0.77,2025-11-10 22:41:40.400384
synthetic_student_27,0.2604927464061011,1,True,35.6,1,0,0.9,2026-01-10 22:41:40.400397
synthetic_student_27,-1.5485128021642218,3,False,28.33,0,0,0.54,2026-01-10 22:41:40.400410
synthetic_student_27,-0.4855456469928572,6,False,24.58,1,1,0.64,2025-12-19 22:41:40.400423
synthetic_student_27,-0.5068462524553423,8,True,29.58,2,1,0.78,2025-11-27 22:41:40.400451
synthetic_student_27,1.9603879990952522,2,False,35.63,0,0,0.31,2025-10-23 22:41:40.400466
synthetic_student_27,0.19531075314617397,3,False,29.37,0,0,0.53,2025-10-30 22:41:40.400480
synthetic_student_27,-0.6140123855149171,7,True,28.54,0,0,0.77,2025-12-31 22:41:40.400494
synthetic_student_27,1.5973754714993906,1,False,33.94,1,0,0.37,2025-12-02 22:41:40.400507
synthetic_student_27,-1.542974078376521,2,True,40.63,0,0,0.93,2025-12-07 22:41:40.400521
synthetic_student_27,0.8460652626943777,1,False,36.94,0,0,0.52,2025-11-12 22:41:40.400534
synthetic_student_27,-1.880321275822209,4,True,14.24,0,0,0.96,2025-11-10 22:41:40.400547
synthetic_student_27,-1.3434172097170332,4,False,26.47,0,1,0.35,2025-12-31 22:41:40.400560
synthetic_student_27,1.7193803253519384,8,False,41.47,0,0,0.37,2025-12-29 22:41:40.400573
synthetic_student_27,-0.16581017952658073,1,True,32.63,1,0,0.82,2025-11-18 22:41:40.400587
synthetic_student_27,-0.4950892835965073,3,True,19.4,0,0,0.75,2025-12-17 22:41:40.400601
synthetic_student_27,1.2047801421890463,5,False,39.48,2,0,0.37,2026-01-05 22:41:40.400614
synthetic_student_27,0.9246096132998933,9,False,33.34,0,0,0.66,2025-11-08 22:41:40.400628
synthetic_student_27,-0.36419190314175065,3,False,27.34,1,0,0.68,2025-11-02 22:41:40.400643
synthetic_student_27,-0.38171319968517325,3,False,39.0,0,0,0.34,2025-10-21 22:41:40.400658
synthetic_student_27,-1.2775902945649942,2,False,29.67,0,0,0.63,2026-01-18 22:41:40.400672
synthetic_student_27,0.19259797790623834,5,False,25.4,0,1,0.36,2026-01-06 22:41:40.400685
synthetic_student_27,-0.8367059773626178,2,False,26.49,0,1,0.44,2025-11-27 22:41:40.400698
synthetic_student_27,0.0595393032483682,9,False,38.57,0,1,0.37,2025-12-27 22:41:40.400712
synthetic_student_27,-1.8561755333946666,8,True,18.36,0,1,0.95,2025-12-31 22:41:40.400725
synthetic_student_27,-1.8863080622345278,6,True,22.72,0,0,0.95,2025-12-16 22:41:40.400738
synthetic_student_28,-1.9283664066185326,1,True,13.97,0,0,0.8,2025-11-25 22:41:40.400753
synthetic_student_28,-0.07734490729064714,9,True,14.48,1,0,0.84,2026-01-04 22:41:40.400766
synthetic_student_28,0.9809435163138871,9,False,29.85,0,0,0.59,2025-11-21 22:41:40.400780
synthetic_student_28,-1.2346772784143427,7,True,16.16,0,1,0.96,2025-11-23 22:41:40.400794
synthetic_student_28,1.3106122818076504,9,False,27.35,1,0,0.44,2025-11-29 22:41:40.400807
synthetic_student_28,-0.13264192003718733,6,True,25.01,0,0,0.92,2025-10-24 22:41:40.400820
synthetic_student_28,-1.4034318165580943,6,False,19.08,0,0,0.63,2025-12-12 22:41:40.400833
synthetic_student_28,-0.2122981891274356,10,True,18.58,0,0,0.89,2025-12-06 22:41:40.400846
synthetic_student_28,-0.9101458928861081,1,True,29.52,0,1,0.85,2025-12-18 22:41:40.400859
synthetic_student_28,-0.47215893994028457,7,True,21.67,0,0,0.75,2025-12-07 22:41:40.400872
synthetic_student_28,0.30079756634262944,1,True,26.39,0,0,0.9,2025-11-03 22:41:40.400885
synthetic_student_28,-0.9426296166519239,1,False,20.55,0,1,0.38,2026-01-09 22:41:40.400900
synthetic_student_28,-1.330154157935973,6,True,14.78,0,0,0.73,2025-11-07 22:41:40.400913
synthetic_student_28,0.3045182654218137,4,True,22.0,1,0,0.94,2025-11-19 22:41:40.400927
synthetic_student_28,0.33063265916876805,10,True,22.68,2,1,0.81,2026-01-17 22:41:40.400940
synthetic_student_28,0.4969862643104732,7,True,20.19,0,0,0.89,2025-11-06 22:41:40.400953
synthetic_student_28,-0.6479729669066461,10,True,17.81,0,0,0.83,2025-12-05 22:41:40.400968
synthetic_student_28,-0.7019748738105807,3,True,22.04,0,0,0.98,2025-12-03 22:41:40.400982
synthetic_student_28,0.24491697542704216,3,True,28.5,1,0,0.77,2025-12-04 22:41:40.400997
synthetic_student_28,-0.08824563779031314,5,True,19.74,1,0,0.9,2025-12-31 22:41:40.401014
synthetic_student_28,-0.07334722259447535,6,True,23.12,0,0,0.95,2025-12-19 22:41:40.401027
synthetic_student_28,1.7142219492196888,1,False,33.96,0,0,0.35,2025-12-20 22:41:40.401040
synthetic_student_28,1.3164208758196003,1,True,12.43,1,0,0.85,2025-12-26 22:41:40.401055
synthetic_student_28,-1.0599008603680953,2,True,25.38,1,0,0.74,2025-11-29 22:41:40.401068
synthetic_student_28,1.2491256370575128,7,False,27.55,1,0,0.55,2025-11-04 22:41:40.401082
synthetic_student_28,1.5009755199310728,9,True,35.15,0,0,1.0,2025-11-15 22:41:40.401095
synthetic_student_28,-1.6392167556207609,3,False,13.58,0,1,0.52,2025-11-28 22:41:40.401109
synthetic_student_28,-0.5491396980298275,9,False,18.71,0,0,0.65,2025-10-27 22:41:40.401122
synthetic_student_28,0.14656376191056264,8,True,21.86,0,1,0.89,2025-12-22 22:41:40.401135
synthetic_student_28,-0.25814011363187417,4,False,13.71,1,0,0.44,2025-12-12 22:41:40.401149
synthetic_student_28,1.4652535714817883,7,True,33.83,1,1,0.83,2025-11-16 22:41:40.401162
synthetic_student_28,0.2303784450558326,6,False,22.23,0,0,0.64,2025-12-25 22:41:40.401177
synthetic_student_28,-0.2776158702951488,3,False,19.47,0,0,0.46,2025-12-09 22:41:40.401192
synthetic_student_28,1.318401616372681,3,False,30.44,1,0,0.34,2025-11-19 22:41:40.401205
synthetic_student_28,1.4191738343922053,1,False,24.82,0,0,0.38,2026-01-17 22:41:40.401219
synthetic_student_28,1.3584706903689479,10,False,29.89,1,0,0.38,2025-12-24 22:41:40.401233
synthetic_student_28,1.2398085884056211,4,True,29.69,1,0,0.88,2025-11-20 22:41:40.401247
synthetic_student_28,-1.0165469048005717,2,True,19.66,0,0,0.82,2025-10-24 22:41:40.401260
synthetic_student_28,1.0465421889106787,4,False,26.41,3,0,0.56,2025-11-22 22:41:40.401274
synthetic_student_28,0.008034641238533258,2,False,23.16,1,0,0.6,2025-11-20 22:41:40.401287
synthetic_student_28,-1.2378596778033435,3,False,28.42,1,0,0.37,2026-01-15 22:41:40.401301
synthetic_student_28,0.14192399155416302,2,True,25.25,0,0,0.83,2025-11-03 22:41:40.401314
synthetic_student_28,-1.7519052427575383,4,True,18.92,0,0,0.86,2025-12-22 22:41:40.401327
synthetic_student_28,-0.5763457617302734,10,True,24.75,1,0,0.89,2026-01-05 22:41:40.401340
synthetic_student_28,0.4169858367906629,7,True,21.56,0,0,0.81,2025-11-19 22:41:40.401354
synthetic_student_28,1.742912200946309,5,False,31.6,1,0,0.67,2025-12-16 22:41:40.401367
synthetic_student_28,1.588068398721823,6,False,32.71,1,0,0.65,2025-12-21 22:41:40.401381
synthetic_student_28,0.26035244589899564,3,True,21.33,0,0,0.79,2025-11-08 22:41:40.401393
synthetic_student_28,1.101247390774358,9,False,27.67,0,0,0.38,2025-11-24 22:41:40.401407
synthetic_student_28,-1.5116817520958579,7,True,18.2,0,0,0.97,2025-11-11 22:41:40.401420
synthetic_student_28,-0.5077422057020686,9,False,19.77,0,0,0.46,2025-10-29 22:41:40.401435
synthetic_student_28,0.7154551132078604,1,True,28.39,2,0,0.95,2025-12-22 22:41:40.401448
synthetic_student_28,-1.8221748059306266,3,False,19.53,0,0,0.47,2025-12-31 22:41:40.401461
synthetic_student_28,-0.559010200250929,1,True,19.78,0,0,0.95,2025-11-10 22:41:40.401474
synthetic_student_28,1.8282953494026386,6,False,40.96,0,0,0.54,2026-01-19 22:41:40.401487
synthetic_student_28,-1.6536568653439798,1,True,21.51,0,1,0.71,2025-12-21 22:41:40.401500
synthetic_student_28,1.3984406798372309,8,False,27.33,1,0,0.61,2025-11-16 22:41:40.401513
synthetic_student_28,1.1871589837061922,7,False,27.63,2,0,0.59,2025-12-09 22:41:40.401527
synthetic_student_28,-0.4658450843000028,10,True,25.52,0,0,0.71,2025-11-21 22:41:40.401540
synthetic_student_28,0.7870804417699198,4,False,33.81,1,0,0.58,2025-10-24 22:41:40.401553
synthetic_student_28,-0.2989758803138862,9,True,22.02,0,0,0.7,2025-12-13 22:41:40.401567
synthetic_student_28,-1.6329455284260757,7,True,23.5,0,0,0.87,2025-11-09 22:41:40.401580
synthetic_student_28,-0.35370577411370796,6,True,18.14,1,1,0.94,2025-11-06 22:41:40.401594
synthetic_student_28,1.36863024992721,9,True,21.83,2,0,0.73,2025-11-11 22:41:40.401607
synthetic_student_28,-0.16124924849928757,1,True,30.29,0,0,0.94,2025-10-29 22:41:40.401620
synthetic_student_28,-1.6410630082537336,1,True,18.63,0,0,0.93,2026-01-07 22:41:40.401633
synthetic_student_28,-1.9273499663061755,2,True,20.11,0,0,0.95,2025-11-09 22:41:40.401646
synthetic_student_28,1.5247394012089677,6,True,43.47,0,0,0.96,2026-01-13 22:41:40.401659
synthetic_student_28,-0.18605663881405476,7,True,18.13,0,0,0.71,2026-01-08 22:41:40.401672
synthetic_student_28,-0.28047589008795315,4,True,28.83,0,1,0.83,2025-12-31 22:41:40.401685
synthetic_student_28,1.56639916164694,9,False,30.06,0,0,0.45,2025-12-04 22:41:40.401700
synthetic_student_28,-1.3818057432746969,4,True,15.94,0,0,0.9,2025-11-22 22:41:40.401714
synthetic_student_28,-0.8732060854027774,10,True,19.58,0,0,0.75,2026-01-01 22:41:40.401727
synthetic_student_28,0.6933588505844881,9,True,25.45,0,0,0.75,2026-01-10 22:41:40.401740
synthetic_student_28,-1.0111209328182769,6,True,26.72,0,0,0.77,2025-11-01 22:41:40.401753
synthetic_student_28,-0.6665974961902981,10,True,17.75,0,0,0.81,2025-12-05 22:41:40.401766
synthetic_student_28,1.825114830931887,10,False,31.14,0,0,0.69,2026-01-07 22:41:40.401779
synthetic_student_28,1.4487417340786366,6,False,37.14,0,0,0.45,2025-11-01 22:41:40.401792
synthetic_student_28,-1.7061911975289683,7,True,10.51,0,0,0.7,2025-11-11 22:41:40.401807
synthetic_student_28,-1.1637045851329875,3,True,13.78,0,0,0.78,2025-11-14 22:41:40.401821
synthetic_student_28,1.2607476920705776,7,True,23.52,0,0,0.74,2025-12-05 22:41:40.401834
synthetic_student_28,1.9682150228461772,2,True,29.27,1,0,0.93,2026-01-02 22:41:40.401847
synthetic_student_28,-1.74930630201554,4,True,12.56,1,0,0.99,2025-11-14 22:41:40.401860
synthetic_student_28,1.8812307680239893,4,False,38.29,2,0,0.45,2025-11-17 22:41:40.401876
synthetic_student_28,1.8705435442619436,2,False,32.72,4,0,0.31,2025-11-11 22:41:40.401889
synthetic_student_28,-1.4377798561771078,9,True,22.27,0,0,0.93,2025-12-08 22:41:40.401905
synthetic_student_28,0.7157405520216846,3,False,22.75,1,0,0.38,2025-12-07 22:41:40.401919
synthetic_student_28,-1.1535008494316932,6,True,22.06,0,0,0.72,2025-10-29 22:41:40.401931
synthetic_student_28,-1.2506442192218046,1,True,24.3,1,0,0.91,2025-12-07 22:41:40.401945
synthetic_student_28,-1.7755799493480442,10,False,17.33,0,0,0.69,2025-12-30 22:41:40.401959
synthetic_student_28,-1.5273209689560177,1,True,12.53,0,0,0.87,2025-12-22 22:41:40.401972
synthetic_student_28,0.3755973735824032,10,True,22.2,0,0,0.87,2025-12-11 22:41:40.401985
synthetic_student_28,1.8088543153222507,5,False,19.59,1,0,0.6,2025-11-04 22:41:40.401999
synthetic_student_28,-1.5484451964911714,6,True,10.92,0,0,0.81,2025-12-22 22:41:40.402012
synthetic_student_28,0.5409784701581613,4,True,18.88,1,0,0.71,2025-11-29 22:41:40.402024
synthetic_student_28,1.2760297481993654,8,False,23.71,0,0,0.64,2025-12-11 22:41:40.402038
synthetic_student_28,-1.3795556930490052,10,True,18.74,0,0,0.83,2025-11-30 22:41:40.402053
synthetic_student_28,0.09544488204557133,8,False,30.05,1,0,0.37,2025-11-08 22:41:40.402066
synthetic_student_28,1.8837066990863045,4,False,29.06,0,0,0.69,2026-01-13 22:41:40.402079
synthetic_student_28,-0.6166432156152744,1,True,17.9,0,0,0.74,2026-01-01 22:41:40.402093
synthetic_student_29,-0.7113811948397282,2,True,19.83,0,0,0.9,2025-12-08 22:41:40.402106
synthetic_student_29,-1.0141259756218899,2,True,24.48,0,0,0.72,2025-12-31 22:41:40.402119
synthetic_student_29,0.07484473299798067,6,False,27.05,0,1,0.42,2025-11-14 22:41:40.402133
synthetic_student_29,1.5091807511551911,9,False,34.52,0,1,0.53,2025-11-26 22:41:40.402146
synthetic_student_29,-0.46942568060596823,9,False,21.68,0,0,0.31,2025-11-22 22:41:40.402159
synthetic_student_29,1.5980076566423413,9,False,31.37,2,0,0.53,2025-10-23 22:41:40.402172
synthetic_student_29,0.9962427027414238,10,False,36.75,0,1,0.43,2025-11-02 22:41:40.402186
synthetic_student_29,-1.2404686525319617,3,True,20.01,0,0,0.89,2025-11-07 22:41:40.402201
synthetic_student_29,-1.16142846978306,2,True,14.96,0,0,0.88,2025-10-27 22:41:40.402217
synthetic_student_29,1.3819629529186166,7,True,29.84,2,0,0.79,2025-11-07 22:41:40.402232
synthetic_student_29,-0.24408766077093969,5,False,26.32,1,0,0.69,2026-01-13 22:41:40.402245
synthetic_student_29,-0.021330297264365417,2,True,31.94,0,0,0.96,2025-10-23 22:41:40.402259
synthetic_student_29,-0.10575650265848946,3,True,25.54,1,0,0.82,2025-11-10 22:41:40.402272
synthetic_student_29,0.5576518691788195,10,False,26.64,0,0,0.4,2025-11-25 22:41:40.402285
synthetic_student_29,1.0767301294136895,3,True,29.58,0,0,0.94,2025-12-25 22:41:40.402298
synthetic_student_29,0.5680092776447765,3,True,29.45,1,0,0.79,2025-12-15 22:41:40.402312
synthetic_student_29,-1.3586558539559404,1,True,19.59,1,0,0.9,2025-12-31 22:41:40.402325
synthetic_student_29,0.6850079497957808,10,False,35.97,2,0,0.49,2025-11-14 22:41:40.402338
synthetic_student_29,-0.772255367769723,8,True,23.17,0,0,0.77,2025-12-21 22:41:40.402352
synthetic_student_29,-1.559106991973744,3,True,22.63,0,0,0.84,2025-12-30 22:41:40.402365
synthetic_student_29,1.142421216637493,6,True,29.84,0,0,0.99,2026-01-05 22:41:40.402378
synthetic_student_29,-0.09841007979765282,6,True,21.53,0,0,0.94,2025-10-28 22:41:40.402393
synthetic_student_29,-1.8798903995538159,8,True,19.8,0,0,0.8,2025-10-26 22:41:40.402406
synthetic_student_29,-0.35755970543643745,10,True,32.43,0,0,0.74,2026-01-11 22:41:40.402419
synthetic_student_29,-0.895209207693664,9,True,26.02,0,0,0.95,2025-12-21 22:41:40.402433
synthetic_student_29,-0.3744240191704704,7,False,21.17,1,0,0.39,2025-12-13 22:41:40.402455
synthetic_student_29,-0.8955388537851632,2,True,25.69,0,0,1.0,2025-11-26 22:41:40.402470
synthetic_student_29,-1.5386135959858511,6,True,19.04,0,0,0.98,2025-11-15 22:41:40.402483
synthetic_student_29,-0.5688221236063478,8,True,31.27,0,0,0.83,2025-11-08 22:41:40.402498
synthetic_student_29,1.556930597378115,8,False,33.14,1,0,0.35,2025-12-15 22:41:40.402512
synthetic_student_29,1.6716234696076824,3,False,43.02,1,1,0.65,2025-12-28 22:41:40.402525
synthetic_student_29,-0.34872231821854127,8,False,23.93,0,0,0.35,2025-12-28 22:41:40.402538
synthetic_student_29,-1.0617824258180066,10,True,20.54,1,0,0.74,2025-11-25 22:41:40.402552
synthetic_student_29,0.0031475670945950718,2,False,29.9,0,1,0.45,2025-10-28 22:41:40.402565
synthetic_student_29,0.999890129695514,2,True,28.59,1,0,0.97,2025-12-20 22:41:40.402579
synthetic_student_29,-0.1138860679496716,2,True,33.71,0,0,0.71,2025-11-12 22:41:40.402592
synthetic_student_29,-0.6122691983495283,3,True,23.75,0,0,0.78,2025-12-28 22:41:40.402605
synthetic_student_29,-1.242483839235169,7,False,32.2,1,0,0.64,2025-11-13 22:41:40.402618
synthetic_student_29,-0.6607949689537849,8,False,28.3,1,0,0.7,2025-11-19 22:41:40.402632
synthetic_student_29,-1.3040105476987542,7,True,15.32,0,0,0.78,2025-11-07 22:41:40.402645
synthetic_student_29,-0.1743542395030966,6,True,16.37,0,0,0.9,2025-12-04 22:41:40.402657
synthetic_student_29,-1.809411341132959,10,True,28.24,0,0,0.95,2025-12-15 22:41:40.402671
synthetic_student_29,1.6651513017367439,9,False,32.14,1,0,0.37,2025-12-30 22:41:40.402684
synthetic_student_29,-1.8674703833898625,8,True,23.68,0,0,0.99,2025-11-06 22:41:40.402697
synthetic_student_29,-0.30961291754967357,5,True,23.31,0,0,0.98,2025-11-23 22:41:40.402710
synthetic_student_29,-1.6589159182342912,8,True,15.95,0,0,0.94,2025-12-29 22:41:40.402724
synthetic_student_29,1.6246798494543335,9,True,27.97,2,1,0.71,2025-12-21 22:41:40.402737
synthetic_student_29,-0.21226490511659746,6,True,23.17,0,0,0.72,2025-11-24 22:41:40.402750
synthetic_student_29,-0.7317712833398349,9,True,22.58,1,0,0.72,2025-12-03 22:41:40.402764
synthetic_student_29,-1.0972027809715872,2,True,23.95,0,0,0.96,2025-12-10 22:41:40.402777
synthetic_student_29,1.9600216623955329,3,False,41.19,1,0,0.61,2025-12-20 22:41:40.402790
synthetic_student_29,-1.6328026191610534,10,True,19.87,0,1,0.85,2025-12-15 22:41:40.402804
synthetic_student_29,-0.5148174510781738,5,False,21.53,0,1,0.32,2026-01-14 22:41:40.402817
synthetic_student_29,0.5165220024369055,9,True,29.61,0,0,0.72,2026-01-18 22:41:40.402830
synthetic_student_29,1.1166594013570652,10,False,28.19,0,0,0.37,2026-01-13 22:41:40.402843
synthetic_student_29,1.6299309717425317,10,False,30.7,2,0,0.39,2026-01-07 22:41:40.402856
synthetic_student_29,-1.8965907484475957,1,True,17.09,0,0,0.93,2025-11-02 22:41:40.402869
synthetic_student_29,-1.6300997376422552,4,True,33.76,0,0,0.98,2025-10-25 22:41:40.402883
synthetic_student_29,-0.3167711769828352,7,True,27.62,0,0,0.83,2026-01-06 22:41:40.402896
synthetic_student_29,0.6611697961935161,9,True,29.0,0,0,0.82,2025-11-04 22:41:40.402910
synthetic_student_29,-1.4246756911754597,4,False,19.65,0,0,0.66,2025-10-26 22:41:40.402925
synthetic_student_29,-0.7615073898328273,7,True,18.97,0,0,0.71,2026-01-07 22:41:40.402938
synthetic_student_29,0.10168128958106815,3,False,32.48,1,0,0.57,2025-10-27 22:41:40.402951
synthetic_student_29,1.773528178785901,10,False,37.55,0,0,0.31,2025-12-21 22:41:40.402979
synthetic_student_29,-1.8771507304400332,10,True,23.12,0,1,0.85,2025-12-13 22:41:40.402994
synthetic_student_29,-0.014112636909359821,10,False,22.53,0,1,0.53,2025-10-29 22:41:40.403008
synthetic_student_29,1.7875154423036062,7,False,28.2,0,0,0.6,2025-12-05 22:41:40.403021
synthetic_student_29,-0.7720062182720437,3,True,14.6,0,0,0.82,2026-01-09 22:41:40.403036
synthetic_student_29,-1.713082213194816,6,True,14.09,0,1,0.77,2025-12-02 22:41:40.403049
synthetic_student_29,1.188910559291875,5,False,28.38,1,0,0.54,2026-01-06 22:41:40.403063
synthetic_student_29,0.8517480836955076,4,True,20.46,0,0,0.81,2025-11-21 22:41:40.403076
synthetic_student_29,-0.5174910405609201,10,False,26.41,1,0,0.67,2025-10-27 22:41:40.403091
synthetic_student_29,-1.7209593942281138,8,True,22.34,0,0,0.79,2025-10-23 22:41:40.403116
synthetic_student_29,1.7599865673334132,3,True,29.53,1,0,0.77,2025-10-22 22:41:40.403129
synthetic_student_29,-1.9679163776709938,8,True,17.62,0,0,0.88,2025-12-08 22:41:40.403143
synthetic_student_29,0.7546190487633258,8,True,26.98,0,0,0.94,2026-01-16 22:41:40.403156
synthetic_student_29,0.9806929645081048,5,False,35.16,1,1,0.59,2025-12-25 22:41:40.403169
synthetic_student_29,1.7972430402815673,4,True,35.27,1,1,0.98,2025-12-27 22:41:40.403183
synthetic_student_29,1.9848270467718212,7,False,28.32,0,0,0.55,2025-11-01 22:41:40.403197
synthetic_student_29,-1.547153820671869,2,True,27.34,0,0,0.73,2025-11-03 22:41:40.403210
synthetic_student_29,0.7965703559745365,8,False,27.71,1,0,0.6,2025-11-17 22:41:40.403224
synthetic_student_29,-1.3801828863027992,2,True,19.03,0,0,0.94,2025-11-16 22:41:40.403237
synthetic_student_29,-0.07189567476582281,10,True,22.73,0,0,0.76,2025-11-21 22:41:40.403250
synthetic_student_29,-1.1999469307283013,7,False,16.61,0,0,0.32,2025-12-31 22:41:40.403263
synthetic_student_29,-0.11611836008409337,4,True,25.2,0,1,0.95,2025-11-04 22:41:40.403277
synthetic_student_29,1.2080227012149671,3,False,27.94,1,0,0.37,2025-11-30 22:41:40.403291
synthetic_student_29,1.4894723596566464,10,False,31.32,0,0,0.67,2025-11-12 22:41:40.403304
synthetic_student_29,0.09727695046709384,5,True,30.68,1,0,0.89,2025-11-02 22:41:40.403319
synthetic_student_29,-1.3017035736597111,6,True,14.58,0,0,0.79,2026-01-04 22:41:40.403332
synthetic_student_29,1.6368789209020815,5,False,24.01,1,0,0.3,2025-11-26 22:41:40.403457
synthetic_student_29,0.33565904245702516,9,True,24.09,1,0,0.87,2026-01-06 22:41:40.403485
synthetic_student_29,-1.679188236623908,1,True,16.45,0,0,0.97,2025-10-24 22:41:40.403500
synthetic_student_29,-0.4831745877967695,6,True,22.6,0,0,0.99,2025-12-04 22:41:40.403517
synthetic_student_29,-1.0036394202712788,10,False,28.92,0,0,0.52,2025-11-25 22:41:40.403531
synthetic_student_29,1.1294961248178974,3,False,35.83,1,0,0.36,2025-12-21 22:41:40.403546
synthetic_student_29,1.5975805539829442,8,False,36.51,1,0,0.63,2025-10-31 22:41:40.403574
synthetic_student_29,-1.411640939995682,2,False,17.64,0,0,0.64,2025-10-30 22:41:40.403618
synthetic_student_29,0.10509541823141744,4,False,41.84,0,0,0.49,2026-01-05 22:41:40.403634
synthetic_student_29,1.6945531543861665,4,False,35.35,0,0,0.38,2025-11-29 22:41:40.403655
synthetic_student_29,1.727556258616993,1,False,35.42,0,0,0.42,2025-11-29 22:41:40.403668
synthetic_student_30,0.8047078254205711,9,False,35.26,1,0,0.64,2025-12-30 22:41:40.403690
synthetic_student_30,1.2282520989800534,9,False,38.57,1,0,0.34,2025-12-18 22:41:40.403708
synthetic_student_30,-1.6891624465296662,10,True,27.72,0,0,0.94,2025-12-08 22:41:40.403725
synthetic_student_30,-0.8474777802218707,7,False,26.22,1,0,0.35,2025-11-15 22:41:40.403739
synthetic_student_30,0.49598677077125686,1,True,27.59,1,0,0.88,2025-12-12 22:41:40.403752
synthetic_student_30,0.651688333246859,4,True,31.33,0,0,0.71,2025-12-19 22:41:40.403767
synthetic_student_30,1.8322300575727168,2,True,40.02,0,0,0.87,2025-11-11 22:41:40.403782
synthetic_student_30,0.1500736151249571,2,True,30.22,0,0,0.94,2025-11-09 22:41:40.403796
synthetic_student_30,0.7447753662817025,5,False,29.18,0,0,0.53,2025-12-28 22:41:40.403809
synthetic_student_30,-0.5719093940239737,1,True,20.01,0,0,0.86,2025-11-01 22:41:40.403825
synthetic_student_30,0.9286875774150483,8,False,37.53,0,0,0.46,2025-12-15 22:41:40.403838
synthetic_student_30,-1.8105209661790873,6,True,16.93,0,0,0.95,2025-12-22 22:41:40.403851
synthetic_student_30,-0.6188400870764479,6,True,24.56,0,0,0.76,2026-01-11 22:41:40.403864
synthetic_student_30,-0.2655319006682415,10,False,39.86,0,0,0.3,2025-10-24 22:41:40.403878
synthetic_student_30,-1.4553416260327183,1,True,34.41,1,0,0.9,2025-12-06 22:41:40.403891
synthetic_student_30,-1.9658031049623594,7,True,20.46,0,0,0.93,2026-01-04 22:41:40.403904
synthetic_student_30,0.2386090853624694,6,False,30.64,1,0,0.53,2026-01-07 22:41:40.403917
synthetic_student_30,0.8346792937072793,5,False,34.04,0,0,0.5,2026-01-10 22:41:40.403930
synthetic_student_30,-0.49761083852053734,6,True,28.32,1,0,0.91,2025-11-13 22:41:40.403943
synthetic_student_30,0.9968824631127484,2,False,30.56,0,0,0.42,2025-11-30 22:41:40.403956
synthetic_student_30,-0.43325459213050665,5,False,33.53,0,0,0.44,2026-01-02 22:41:40.403969
synthetic_student_30,1.3443762295105692,4,False,37.25,2,0,0.62,2025-12-22 22:41:40.403982
synthetic_student_30,-1.1419744874486013,10,True,25.21,0,0,0.75,2025-12-06 22:41:40.403996
synthetic_student_30,1.0296484866874098,10,False,36.23,0,0,0.69,2025-10-21 22:41:40.404011
synthetic_student_30,0.0106364729408428,2,False,33.22,1,1,0.45,2025-11-04 22:41:40.404025
synthetic_student_30,-0.12912422806886426,10,False,29.8,1,0,0.48,2025-12-18 22:41:40.404039
synthetic_student_30,-1.842741420904852,1,True,21.58,0,0,0.91,2026-01-09 22:41:40.404054
synthetic_student_30,1.2645782377315586,8,False,39.42,2,0,0.6,2025-10-24 22:41:40.404068
synthetic_student_30,-0.27323071443162616,6,False,21.22,0,0,0.57,2025-12-05 22:41:40.404082
synthetic_student_30,-1.3848386003130995,5,True,30.4,0,0,0.86,2025-11-20 22:41:40.404095
synthetic_student_30,1.953101080689477,8,False,43.57,1,0,0.4,2025-12-21 22:41:40.404108
synthetic_student_30,0.9423631520110334,8,True,31.6,1,0,0.77,2025-11-01 22:41:40.404122
synthetic_student_30,-0.8747103475249278,9,True,26.93,1,0,0.91,2025-10-26 22:41:40.404135
synthetic_student_30,-1.7035512724836814,5,True,22.29,0,0,0.88,2025-11-11 22:41:40.404148
synthetic_student_30,0.39407175215023216,4,False,39.15,0,0,0.48,2025-11-25 22:41:40.404161
synthetic_student_30,0.46509599511894084,1,False,25.75,0,0,0.6,2025-12-04 22:41:40.404174
synthetic_student_30,-0.35308818173960743,9,False,21.11,0,0,0.6,2025-12-04 22:41:40.404188
synthetic_student_30,-0.4013176042905693,8,True,25.5,0,1,0.8,2025-11-04 22:41:40.404205
synthetic_student_30,-0.3178973972182093,2,True,27.31,0,0,0.78,2025-12-20 22:41:40.404219
synthetic_student_30,1.0226822950942114,8,False,34.38,0,0,0.6,2025-10-21 22:41:40.404233
synthetic_student_30,-0.9369445792570521,7,False,23.9,0,0,0.58,2025-11-26 22:41:40.404246
synthetic_student_30,0.6531156530952971,8,False,34.11,3,0,0.65,2025-11-08 22:41:40.404259
synthetic_student_30,1.6711582331590802,7,False,41.67,0,0,0.57,2026-01-11 22:41:40.404272
synthetic_student_30,1.644891494879821,3,True,38.94,1,0,0.9,2025-10-21 22:41:40.404286
synthetic_student_30,1.2531992105894938,10,False,38.24,1,0,0.4,2026-01-02 22:41:40.404300
synthetic_student_30,-1.2993104850366373,7,True,32.02,1,0,0.82,2026-01-10 22:41:40.404316
synthetic_student_30,1.248247983811118,9,False,37.51,1,0,0.34,2025-11-17 22:41:40.404329
synthetic_student_30,-1.6110364834427027,2,True,13.92,0,0,0.88,2025-10-24 22:41:40.404343
synthetic_student_30,-1.012306142904035,10,True,29.29,0,0,0.98,2025-11-13 22:41:40.404358
synthetic_student_30,0.9725485767938564,8,False,32.94,0,0,0.6,2026-01-12 22:41:40.404371
synthetic_student_30,0.6271942987045507,10,False,36.6,1,0,0.42,2025-12-30 22:41:40.404385
synthetic_student_30,0.34573460853737226,3,False,27.5,3,0,0.56,2025-11-10 22:41:40.404399
synthetic_student_30,-0.8493753399272856,6,True,33.35,0,0,0.86,2025-12-05 22:41:40.404412
synthetic_student_30,-0.6017819670841038,4,False,33.36,0,0,0.53,2025-12-17 22:41:40.404426
synthetic_student_30,1.5071199434434854,5,False,40.63,0,0,0.36,2025-12-03 22:41:40.404441
synthetic_student_30,-1.8802920412105069,2,True,15.42,0,0,0.73,2025-11-13 22:41:40.404466
synthetic_student_30,-1.5435765327481596,5,True,27.35,0,0,0.85,2025-11-14 22:41:40.404481
synthetic_student_30,-1.357496594166863,2,True,31.98,0,0,0.86,2025-12-03 22:41:40.404495
synthetic_student_30,-1.4661436361904485,6,False,24.92,0,0,0.36,2025-12-31 22:41:40.404508
synthetic_student_30,1.8779402436949053,10,False,40.69,0,0,0.5,2025-11-02 22:41:40.404522
synthetic_student_30,-0.16677367746677252,2,False,36.37,0,0,0.7,2025-12-03 22:41:40.404537
synthetic_student_30,-1.047730186697958,6,False,28.53,0,0,0.47,2026-01-09 22:41:40.404550
synthetic_student_30,-1.490813766154607,6,True,31.12,0,0,0.86,2025-12-11 22:41:40.404564
synthetic_student_30,0.1968127321872295,5,True,37.7,1,0,0.71,2025-11-04 22:41:40.404578
synthetic_student_30,0.006812862535262365,8,False,36.55,1,0,0.7,2026-01-06 22:41:40.404592
synthetic_student_30,0.9889000623231894,3,False,31.5,0,0,0.36,2025-12-08 22:41:40.404618
synthetic_student_30,1.0324729830444768,2,False,31.53,0,0,0.45,2025-11-07 22:41:40.404632
synthetic_student_30,1.7261690309162963,8,True,41.79,0,0,0.98,2025-12-07 22:41:40.404645
synthetic_student_30,-1.838340563248385,1,True,27.86,0,0,0.77,2026-01-05 22:41:40.404659
synthetic_student_30,-0.9221196290764824,6,True,23.9,1,0,0.86,2025-11-22 22:41:40.404673
synthetic_student_30,0.21954182666234168,6,False,34.83,2,0,0.34,2025-12-20 22:41:40.404687
synthetic_student_30,1.8855370819318158,4,False,33.06,0,0,0.58,2025-11-30 22:41:40.404702
synthetic_student_30,-1.774612620799238,5,True,21.23,0,0,0.78,2025-10-24 22:41:40.404716
synthetic_student_30,0.9377691392637919,6,False,42.11,0,0,0.52,2025-11-05 22:41:40.404730
synthetic_student_30,0.5108338802927523,6,False,40.26,0,0,0.57,2026-01-02 22:41:40.404745
synthetic_student_30,-1.1740774651211794,2,True,22.63,0,0,0.95,2026-01-03 22:41:40.404759
synthetic_student_30,-0.909413030550632,6,False,24.89,0,0,0.43,2025-12-08 22:41:40.404774
synthetic_student_30,-0.300793335065459,3,False,26.31,0,0,0.52,2025-12-13 22:41:40.404790
synthetic_student_30,0.6737177273754575,1,True,30.23,1,0,0.89,2025-10-31 22:41:40.404804
synthetic_student_30,-1.8272562017233205,6,True,26.14,0,0,0.74,2025-10-27 22:41:40.404819
synthetic_student_30,1.203692386775597,10,True,32.05,0,0,0.86,2025-12-25 22:41:40.404833
synthetic_student_30,-0.055408644124598005,9,False,25.69,0,0,0.68,2026-01-07 22:41:40.404847
synthetic_student_30,-0.8748181792879857,9,True,34.62,0,0,0.78,2025-12-14 22:41:40.404862
synthetic_student_30,-1.9132563732881156,5,True,32.39,0,0,0.99,2025-10-28 22:41:40.404877
synthetic_student_30,-1.299968752903153,4,False,22.34,0,1,0.61,2025-11-22 22:41:40.404893
synthetic_student_30,-1.7326098891727808,4,True,23.09,0,0,0.81,2025-12-16 22:41:40.404907
synthetic_student_30,0.31674891104083747,2,True,29.67,1,0,0.82,2025-10-29 22:41:40.404921
synthetic_student_30,-1.1560498489218007,4,False,20.73,0,0,0.3,2025-10-25 22:41:40.404937
synthetic_student_30,0.5529950235189012,7,True,37.37,1,0,0.93,2026-01-08 22:41:40.404952
synthetic_student_30,0.23384005923121043,1,False,36.05,0,0,0.35,2025-12-17 22:41:40.404966
synthetic_student_30,-0.2822770478637602,4,True,30.45,0,0,0.83,2025-12-28 22:41:40.404980
synthetic_student_30,1.2603953716717196,5,False,32.45,1,0,0.51,2025-12-14 22:41:40.404996
synthetic_student_30,-1.8474944475605177,3,False,20.76,0,0,0.33,2025-11-26 22:41:40.405011
synthetic_student_30,0.9022022496108475,3,False,35.48,0,0,0.6,2025-11-03 22:41:40.405025
synthetic_student_30,-1.6467014736817558,7,False,16.75,1,0,0.57,2025-11-01 22:41:40.405039
synthetic_student_30,-0.10605018120761667,9,False,27.86,0,0,0.42,2025-12-08 22:41:40.405053
synthetic_student_30,1.9721216534722248,4,False,33.79,1,0,0.64,2025-11-08 22:41:40.405067
synthetic_student_30,-1.9842926704513757,10,True,18.86,0,0,0.83,2025-10-29 22:41:40.405082
synthetic_student_30,-1.4373213174324415,9,True,24.93,0,0,0.72,2025-12-07 22:41:40.405096
synthetic_student_30,1.8550479895371979,5,False,40.49,1,0,0.35,2025-11-17 22:41:40.405110
synthetic_student_31,-1.1539853799780775,1,True,18.96,0,0,0.9,2025-12-18 22:41:40.405125
synthetic_student_31,-1.0322948770121747,10,True,16.89,0,0,1.0,2025-10-26 22:41:40.405139
synthetic_student_31,0.9211781732669588,9,False,25.45,0,0,0.66,2025-10-22 22:41:40.405153
synthetic_student_31,-0.43715312633186176,3,True,27.58,0,1,0.89,2025-10-29 22:41:40.405168
synthetic_student_31,1.0848384261481798,3,True,29.08,0,0,0.93,2026-01-14 22:41:40.405184
synthetic_student_31,-1.3033634172501953,6,False,27.25,0,0,0.46,2025-11-05 22:41:40.405197
synthetic_student_31,-0.846957256391605,6,True,32.63,0,0,0.7,2026-01-10 22:41:40.405211
synthetic_student_31,0.7983131376332668,1,False,33.67,0,0,0.67,2025-10-30 22:41:40.405226
synthetic_student_31,1.4620588672135892,5,True,30.5,3,0,0.96,2025-11-29 22:41:40.405240
synthetic_student_31,-1.096690963230254,2,True,28.86,0,0,0.81,2025-12-19 22:41:40.405254
synthetic_student_31,1.4266615967659315,8,False,31.3,1,0,0.51,2025-12-04 22:41:40.405268
synthetic_student_31,0.2276547071396835,8,True,34.1,2,0,0.83,2025-12-17 22:41:40.405283
synthetic_student_31,0.07367637063005805,6,True,25.71,0,0,0.72,2025-11-24 22:41:40.405297
synthetic_student_31,1.038436596578805,4,False,32.31,0,0,0.51,2025-12-06 22:41:40.405311
synthetic_student_31,0.1589311142187686,8,False,27.64,0,0,0.69,2025-12-08 22:41:40.405325
synthetic_student_31,-1.139889821858032,7,True,18.12,1,0,0.96,2025-11-27 22:41:40.405340
synthetic_student_31,0.21961638279141438,3,True,29.48,0,0,0.79,2025-12-12 22:41:40.405354
synthetic_student_31,1.0638272348623214,2,False,29.47,0,0,0.47,2025-10-24 22:41:40.405368
synthetic_student_31,1.6889564642668278,6,True,28.45,1,0,0.84,2025-12-16 22:41:40.405382
synthetic_student_31,-0.8873478687948713,6,True,26.53,0,0,0.82,2025-11-22 22:41:40.405396
synthetic_student_31,0.7569259749243651,3,False,27.78,0,0,0.41,2025-10-27 22:41:40.405410
synthetic_student_31,-0.11720001094618393,4,False,28.05,0,0,0.58,2025-10-25 22:41:40.405425
synthetic_student_31,1.6535570741654264,3,False,26.76,2,0,0.4,2025-12-13 22:41:40.405439
synthetic_student_31,0.7302845480299069,5,False,28.05,0,0,0.65,2025-10-25 22:41:40.405454
synthetic_student_31,-1.3221473629138356,10,True,20.92,0,0,0.99,2025-11-02 22:41:40.405521
synthetic_student_31,0.9189955274314596,9,True,31.7,1,0,0.78,2025-12-21 22:41:40.405543
synthetic_student_31,0.6519310431454923,5,False,32.63,0,0,0.43,2025-12-02 22:41:40.405558
synthetic_student_31,-1.8795067974385242,5,True,28.07,0,0,0.84,2025-12-02 22:41:40.405572
synthetic_student_31,1.818580409157048,6,False,24.47,1,0,0.56,2025-12-11 22:41:40.405588
synthetic_student_31,1.6637870036983267,4,False,28.16,0,0,0.35,2025-12-24 22:41:40.405603
synthetic_student_31,-1.1517138656228605,1,False,30.69,0,0,0.33,2025-12-23 22:41:40.405618
synthetic_student_31,-1.7937310202061938,9,True,29.14,0,0,0.84,2025-11-14 22:41:40.405633
synthetic_student_31,1.5732807808300961,1,True,34.29,0,0,0.88,2025-12-30 22:41:40.405648
synthetic_student_31,-1.129888695676553,1,True,33.03,0,0,0.72,2025-12-22 22:41:40.405665
synthetic_student_31,-1.149373550863086,9,True,21.73,0,0,0.96,2026-01-08 22:41:40.405681
synthetic_student_31,1.6323959446716962,6,False,31.64,0,0,0.64,2025-11-15 22:41:40.405696
synthetic_student_31,-0.8614734245822371,10,True,17.44,1,0,0.72,2025-10-30 22:41:40.405711
synthetic_student_31,1.9256998626850614,1,False,34.52,1,0,0.57,2025-12-17 22:41:40.405727
synthetic_student_31,-1.6921963331236403,9,True,17.0,1,1,0.73,2025-12-03 22:41:40.405742
synthetic_student_31,0.7166403711038205,7,False,26.45,1,0,0.68,2025-11-09 22:41:40.405758
synthetic_student_31,1.77606099244877,4,True,28.81,1,0,0.93,2026-01-09 22:41:40.405772
synthetic_student_31,0.7074086385476517,2,True,30.48,1,0,0.85,2025-11-20 22:41:40.405787
synthetic_student_31,-1.930424532463955,10,True,9.04,0,0,0.71,2025-12-05 22:41:40.405803
synthetic_student_31,-0.7305381208261417,10,True,31.48,0,0,0.88,2025-11-18 22:41:40.405821
synthetic_student_31,0.33803795302591455,9,True,21.12,0,0,0.87,2025-11-08 22:41:40.405836
synthetic_student_31,1.6623648903865949,5,True,33.94,2,0,0.74,2026-01-08 22:41:40.405852
synthetic_student_31,-0.5632889657084124,9,True,34.51,1,0,0.8,2026-01-10 22:41:40.405867
synthetic_student_31,-1.203377726295758,5,True,22.65,0,1,1.0,2025-12-15 22:41:40.405882
synthetic_student_31,-1.6874924120435075,3,True,21.05,0,0,0.74,2025-11-15 22:41:40.405897
synthetic_student_31,0.5846237052602081,8,False,30.16,1,0,0.53,2026-01-11 22:41:40.405912
synthetic_student_31,-1.080218707678267,10,True,13.15,0,0,0.92,2026-01-16 22:41:40.405926
synthetic_student_31,-1.218788663945912,2,True,20.34,0,0,0.85,2025-11-08 22:41:40.405943
synthetic_student_31,-0.9738293568190182,7,False,27.62,0,0,0.57,2025-11-30 22:41:40.405958
synthetic_student_31,0.266368513461102,3,True,29.94,0,0,0.95,2025-12-03 22:41:40.405973
synthetic_student_31,1.1601187454427055,8,False,40.43,0,0,0.42,2025-12-29 22:41:40.405988
synthetic_student_31,-0.754108608716956,6,True,20.13,0,0,0.74,2026-01-19 22:41:40.406003
synthetic_student_31,-0.4763839422775118,2,True,25.46,0,0,0.97,2025-11-04 22:41:40.406018
synthetic_student_31,-1.6607201525706379,8,True,20.0,0,0,0.92,2025-12-23 22:41:40.406033
synthetic_student_31,1.3905511023741188,6,True,25.92,1,0,0.94,2025-11-18 22:41:40.406048
synthetic_student_31,0.8774725482323826,7,False,40.62,1,0,0.67,2025-12-31 22:41:40.406063
synthetic_student_31,0.5126465149931745,8,True,21.24,1,0,0.88,2025-12-12 22:41:40.406078
synthetic_student_31,-1.3496017535870655,3,True,19.47,0,0,0.91,2025-11-09 22:41:40.406093
synthetic_student_31,-1.860758081151265,8,False,21.68,0,0,0.45,2025-12-11 22:41:40.406111
synthetic_student_31,-1.4489135270108866,10,True,21.94,0,0,0.79,2025-11-10 22:41:40.406126
synthetic_student_31,-0.9979067194983551,4,True,23.27,0,0,0.94,2025-11-29 22:41:40.406141
synthetic_student_31,-0.30978741363939877,3,False,26.43,1,0,0.38,2025-11-20 22:41:40.406156
synthetic_student_31,-1.7447130463642386,5,True,23.86,0,0,0.87,2025-11-26 22:41:40.406171
synthetic_student_31,-1.8973169426097232,10,True,26.3,0,0,0.98,2025-10-28 22:41:40.406186
synthetic_student_31,-0.21994959762811783,1,False,30.78,0,0,0.31,2026-01-18 22:41:40.406202
synthetic_student_31,0.6627626664765525,10,False,29.42,0,0,0.34,2025-12-13 22:41:40.406217
synthetic_student_31,-1.7439063885748616,5,True,17.16,0,0,0.84,2025-10-30 22:41:40.406232
synthetic_student_31,1.3888803330110289,2,False,34.68,0,0,0.41,2026-01-08 22:41:40.406247
synthetic_student_31,0.5023025556633836,6,False,36.69,2,0,0.52,2025-11-27 22:41:40.406262
synthetic_student_31,1.5988161187659475,8,False,35.23,1,0,0.44,2025-12-04 22:41:40.406276
synthetic_student_31,0.7236651078597975,3,False,29.1,0,0,0.47,2025-12-17 22:41:40.406292
synthetic_student_31,1.4676594014008169,3,True,37.26,2,0,0.84,2025-12-18 22:41:40.406310
synthetic_student_31,-0.08715598914256129,3,True,35.25,0,0,0.97,2025-10-23 22:41:40.406326
synthetic_student_31,1.5792881136357102,6,False,41.47,0,0,0.46,2025-12-03 22:41:40.406341
synthetic_student_31,1.5568962978617553,2,False,32.63,2,0,0.55,2025-11-25 22:41:40.406356
synthetic_student_31,-1.21702809440571,1,False,21.82,0,0,0.52,2025-12-17 22:41:40.406371
synthetic_student_31,1.1411856129031044,10,False,30.77,0,0,0.67,2025-12-26 22:41:40.406385
synthetic_student_31,1.3277805967059693,2,False,35.97,1,0,0.56,2026-01-12 22:41:40.406400
synthetic_student_31,-1.8845035123581764,4,False,16.13,0,0,0.33,2025-10-27 22:41:40.406417
synthetic_student_31,-0.845106633198971,6,True,22.97,0,0,0.98,2026-01-16 22:41:40.406432
synthetic_student_31,1.27462376910983,9,False,39.54,0,0,0.33,2025-10-21 22:41:40.406453
synthetic_student_31,0.29792329250819405,6,True,26.42,0,0,0.77,2025-11-04 22:41:40.406475
synthetic_student_31,0.14597875891383483,2,False,32.32,0,0,0.32,2025-12-31 22:41:40.406490
synthetic_student_31,1.07839938893706,7,False,32.16,0,0,0.63,2025-12-26 22:41:40.406504
synthetic_student_31,-0.7802614275244659,3,True,18.62,0,0,0.83,2025-12-17 22:41:40.406519
synthetic_student_31,1.935517484582837,4,False,29.27,1,0,0.41,2025-11-26 22:41:40.406534
synthetic_student_31,-1.1547664999596372,1,True,27.74,0,0,0.9,2026-01-14 22:41:40.406549
synthetic_student_31,0.9898200830091315,5,True,31.16,1,0,0.86,2025-11-03 22:41:40.406564
synthetic_student_31,0.657776966471876,7,False,33.65,1,0,0.58,2025-11-15 22:41:40.406579
synthetic_student_31,0.0024488206441533045,1,True,25.61,1,0,0.85,2026-01-17 22:41:40.406594
synthetic_student_31,-1.6359948585210518,7,True,20.12,0,0,0.95,2025-12-23 22:41:40.406609
synthetic_student_31,-1.0407904532928813,3,True,25.02,1,0,0.88,2025-12-28 22:41:40.406624
synthetic_student_31,1.5547845968486067,1,False,29.96,1,0,0.46,2026-01-16 22:41:40.406638
synthetic_student_31,1.3287536371086937,6,False,33.0,3,0,0.41,2025-12-29 22:41:40.406654
synthetic_student_31,0.5840379414394898,10,False,29.83,2,0,0.66,2025-12-30 22:41:40.406669
synthetic_student_31,0.18418726861730317,1,False,35.54,1,0,0.34,2025-11-15 22:41:40.406684
synthetic_student_32,0.4229746159665764,7,False,36.45,0,0,0.45,2026-01-15 22:41:40.406699
synthetic_student_32,0.09583694854862213,10,True,45.26,0,0,0.94,2025-11-03 22:41:40.406716
synthetic_student_32,1.4174773489618415,3,False,40.25,0,0,0.32,2025-10-28 22:41:40.406731
synthetic_student_32,-1.8448480065110489,6,True,33.7,0,0,0.94,2025-11-28 22:41:40.406746
synthetic_student_32,-1.9686012429301574,10,False,29.13,0,0,0.33,2025-11-27 22:41:40.406761
synthetic_student_32,0.05762228139976422,3,False,38.68,0,1,0.49,2025-11-01 22:41:40.406776
synthetic_student_32,-1.6137642808351509,8,True,31.86,0,0,0.71,2025-11-25 22:41:40.406792
synthetic_student_32,0.24671337718765907,8,False,32.08,1,0,0.3,2025-10-29 22:41:40.406807
synthetic_student_32,1.6320185916465397,9,False,38.96,0,0,0.42,2026-01-14 22:41:40.406822
synthetic_student_32,-1.5535020196357059,4,True,31.97,0,1,1.0,2025-11-17 22:41:40.406837
synthetic_student_32,0.5654155741467393,9,False,41.47,0,0,0.69,2025-10-24 22:41:40.406852
synthetic_student_32,0.12216538775235808,9,False,32.85,2,0,0.38,2025-12-05 22:41:40.406866
synthetic_student_32,0.16741810454541461,5,False,45.18,0,0,0.38,2025-11-29 22:41:40.406881
synthetic_student_32,-0.3873778864838764,1,False,36.45,0,0,0.52,2026-01-14 22:41:40.406896
synthetic_student_32,-0.27805402734080564,8,False,36.71,0,0,0.62,2025-12-12 22:41:40.406911
synthetic_student_32,0.513823734804054,4,False,34.71,0,0,0.58,2025-12-15 22:41:40.406928
synthetic_student_32,-0.20216753040887525,9,False,39.98,1,0,0.42,2025-11-17 22:41:40.406943
synthetic_student_32,1.4539485124306704,2,False,40.8,0,0,0.38,2025-11-23 22:41:40.406958
synthetic_student_32,1.5401261835325353,7,False,44.29,3,0,0.62,2025-12-22 22:41:40.406975
synthetic_student_32,0.33180192908700823,6,False,37.44,0,0,0.48,2025-11-12 22:41:40.406992
synthetic_student_32,-1.655577522940443,6,True,23.85,0,0,0.87,2025-12-06 22:41:40.407007
synthetic_student_32,-1.8431293002574125,3,True,27.09,0,0,0.83,2026-01-11 22:41:40.407025
synthetic_student_32,-0.5350125524967506,7,False,35.28,0,0,0.68,2026-01-13 22:41:40.407040
synthetic_student_32,0.6413155562777084,3,False,28.93,1,0,0.48,2025-12-28 22:41:40.407055
synthetic_student_32,-0.323108906522684,6,False,37.15,1,0,0.35,2025-12-09 22:41:40.407070
synthetic_student_32,-1.3818846392932165,8,False,33.1,0,0,0.52,2025-12-22 22:41:40.407085
synthetic_student_32,1.9757431735036226,8,False,39.11,0,0,0.68,2026-01-01 22:41:40.407100
synthetic_student_32,-1.3063344330300093,6,False,31.15,0,0,0.57,2025-11-28 22:41:40.407115
synthetic_student_32,-0.1848667878726049,9,False,27.68,0,0,0.68,2025-12-06 22:41:40.407131
synthetic_student_32,0.13112973912254544,1,False,40.6,1,0,0.36,2025-12-06 22:41:40.407146
synthetic_student_32,-0.6879529310463481,4,False,36.59,0,0,0.64,2025-11-02 22:41:40.407161
synthetic_student_32,-1.613664334561566,7,False,31.38,0,0,0.47,2025-12-29 22:41:40.407177
synthetic_student_32,-0.460872696500394,3,False,32.43,0,0,0.62,2025-11-09 22:41:40.407192
synthetic_student_32,-1.7414028029411757,5,False,36.51,0,0,0.48,2025-12-04 22:41:40.407207
synthetic_student_32,-0.8533153670368074,9,False,30.42,0,0,0.64,2026-01-13 22:41:40.407222
synthetic_student_32,1.2502604315043562,3,False,45.49,1,0,0.52,2025-12-23 22:41:40.407238
synthetic_student_32,-0.418157324413988,10,True,25.12,1,0,0.97,2025-11-10 22:41:40.407253
synthetic_student_32,-0.8180565896239895,3,False,34.25,0,0,0.61,2025-11-24 22:41:40.407269
synthetic_student_32,-1.321488672980832,4,False,34.55,1,0,0.57,2025-11-05 22:41:40.407284
synthetic_student_32,-0.23156635272245518,5,False,33.15,0,0,0.41,2025-12-07 22:41:40.407299
synthetic_student_32,-0.963686523809633,9,True,29.65,0,0,0.97,2025-12-01 22:41:40.407316
synthetic_student_32,0.8041346783100582,8,False,50.07,1,0,0.67,2025-11-17 22:41:40.407332
synthetic_student_32,-0.10282174305118286,3,False,40.15,0,0,0.58,2026-01-19 22:41:40.407348
synthetic_student_32,1.8828712460696044,6,False,42.28,4,0,0.67,2025-12-07 22:41:40.407363
synthetic_student_32,-1.546364747614283,8,False,30.57,0,0,0.3,2025-11-20 22:41:40.407378
synthetic_student_32,0.7811667490298873,7,False,33.11,1,0,0.58,2026-01-13 22:41:40.407394
synthetic_student_32,-0.1468640501011067,3,True,27.4,0,0,0.93,2026-01-06 22:41:40.407409
synthetic_student_32,1.6939746845388353,2,False,34.36,1,0,0.42,2025-11-06 22:41:40.407425
synthetic_student_32,1.5469624999206535,9,False,46.73,1,0,0.45,2025-11-02 22:41:40.407441
synthetic_student_32,-0.682748279541018,7,False,34.52,0,0,0.65,2026-01-16 22:41:40.407459
synthetic_student_32,-1.4735396763649673,8,True,28.5,0,0,0.76,2025-12-24 22:41:40.407474
synthetic_student_32,0.8550239075401813,2,False,37.4,1,0,0.49,2025-12-19 22:41:40.407489
synthetic_student_32,-1.1331628130622962,6,False,26.62,0,0,0.69,2025-12-14 22:41:40.407504
synthetic_student_32,0.4009572692538814,6,False,39.79,0,0,0.48,2026-01-02 22:41:40.407518
synthetic_student_32,-0.995729710147752,1,False,26.56,0,0,0.5,2026-01-12 22:41:40.407533
synthetic_student_32,1.669664713639465,9,False,48.69,1,0,0.67,2026-01-08 22:41:40.407548
synthetic_student_32,-0.11515064164062672,6,False,30.91,0,0,0.47,2026-01-11 22:41:40.407563
synthetic_student_32,-1.5015842127411934,10,False,29.85,0,0,0.51,2025-10-24 22:41:40.407577
synthetic_student_32,1.358855358871144,4,False,44.16,0,0,0.43,2025-11-07 22:41:40.407591
synthetic_student_32,1.9643219194226424,1,False,40.57,1,0,0.53,2025-12-11 22:41:40.407606
synthetic_student_32,0.8028938675085633,8,False,43.55,1,0,0.62,2025-12-12 22:41:40.407622
synthetic_student_32,1.9305291102272855,8,False,43.07,1,0,0.45,2026-01-14 22:41:40.407638
synthetic_student_32,-0.13682506012280804,3,False,33.66,0,0,0.64,2026-01-13 22:41:40.407653
synthetic_student_32,-1.0641754221211728,4,False,27.31,0,0,0.6,2025-10-29 22:41:40.407668
synthetic_student_32,-0.9402304240968555,5,False,33.8,0,0,0.44,2025-11-18 22:41:40.407683
synthetic_student_32,-1.4014029147103293,9,True,38.28,0,0,0.81,2025-11-30 22:41:40.407698
synthetic_student_32,-1.8361802151991644,8,False,31.16,0,0,0.5,2026-01-08 22:41:40.407713
synthetic_student_32,1.8863120494337946,10,False,44.21,0,0,0.52,2025-12-08 22:41:40.407729
synthetic_student_32,-1.0808116089135442,9,False,27.1,0,0,0.31,2025-11-12 22:41:40.407743
synthetic_student_32,1.0782711623811,1,False,41.87,1,0,0.56,2026-01-04 22:41:40.407758
synthetic_student_32,1.411117338338368,3,False,41.81,1,0,0.68,2026-01-03 22:41:40.407772
synthetic_student_32,1.6980901046051988,1,False,44.0,2,0,0.5,2026-01-08 22:41:40.407787
synthetic_student_32,-0.6711059918338407,5,False,45.21,0,0,0.45,2025-10-29 22:41:40.407802
synthetic_student_32,-0.9652876196233033,2,False,33.12,0,0,0.42,2026-01-14 22:41:40.407823
synthetic_student_32,0.2249685782874149,1,True,28.64,0,0,0.93,2026-01-14 22:41:40.407849
synthetic_student_32,-1.0007887712912154,6,False,28.02,1,0,0.38,2025-10-25 22:41:40.407863
synthetic_student_32,1.105646098319642,1,False,33.59,0,0,0.48,2026-01-06 22:41:40.407878
synthetic_student_32,-0.1431909855482001,7,False,49.64,0,0,0.3,2025-12-04 22:41:40.407892
synthetic_student_32,1.872146677898955,6,False,40.9,0,0,0.39,2025-11-18 22:41:40.407909
synthetic_student_32,-0.06033017142975883,5,False,30.08,0,0,0.35,2026-01-09 22:41:40.407925
synthetic_student_32,1.895332240676483,9,False,41.05,1,0,0.34,2025-11-27 22:41:40.407940
synthetic_student_32,-1.2656406182116657,5,False,22.88,0,0,0.59,2025-11-30 22:41:40.407954
synthetic_student_32,0.01747240508075265,8,False,49.67,0,0,0.67,2025-12-22 22:41:40.407969
synthetic_student_32,1.872403298462825,6,False,44.25,1,0,0.38,2025-11-05 22:41:40.407983
synthetic_student_32,-0.12513307091599168,6,False,37.16,1,0,0.41,2026-01-15 22:41:40.407998
synthetic_student_32,1.7669957478099176,3,False,42.59,2,0,0.53,2025-11-27 22:41:40.408013
synthetic_student_32,1.2482788046692685,1,False,48.3,1,0,0.55,2026-01-19 22:41:40.408028
synthetic_student_32,1.545895347537852,3,False,47.42,2,0,0.43,2025-12-04 22:41:40.408042
synthetic_student_32,-1.6377144619458557,10,True,39.41,1,0,0.75,2025-11-09 22:41:40.408057
synthetic_student_32,1.8738689243185163,1,False,46.49,1,0,0.38,2025-12-18 22:41:40.408072
synthetic_student_32,1.0783782107292237,10,False,38.51,1,0,0.6,2025-10-31 22:41:40.408086
synthetic_student_32,0.5217834045307974,5,False,45.1,0,0,0.39,2026-01-07 22:41:40.408101
synthetic_student_32,-0.657878428746991,2,True,32.01,0,0,0.77,2026-01-03 22:41:40.408115
synthetic_student_32,-0.08046402253266605,7,False,38.34,0,0,0.66,2026-01-18 22:41:40.408130
synthetic_student_32,-1.3169971983530013,3,False,24.69,0,0,0.49,2025-12-09 22:41:40.408144
synthetic_student_32,0.5518915293842972,1,False,43.68,0,0,0.44,2025-11-23 22:41:40.408159
synthetic_student_32,-1.8606111731621833,2,True,38.57,0,0,0.82,2025-11-13 22:41:40.408174
synthetic_student_32,-0.19875201907137052,4,False,37.61,0,0,0.53,2025-11-10 22:41:40.408189
synthetic_student_32,-0.8875679271046573,2,False,36.11,2,0,0.53,2025-12-24 22:41:40.408204
synthetic_student_32,0.5749114459658413,9,False,34.39,0,0,0.68,2026-01-04 22:41:40.408223
synthetic_student_33,0.4405134816719172,7,False,37.72,0,0,0.49,2025-11-08 22:41:40.408241
synthetic_student_33,1.7568544991761752,9,False,41.1,0,1,0.39,2025-11-29 22:41:40.408256
synthetic_student_33,-1.914098021784838,10,True,34.61,0,0,0.91,2025-11-30 22:41:40.408270
synthetic_student_33,1.979158297611956,6,False,38.66,0,1,0.46,2025-10-21 22:41:40.408286
synthetic_student_33,-1.9247128258548742,8,True,34.99,0,0,0.87,2025-11-25 22:41:40.408301
synthetic_student_33,0.390591744989909,9,False,41.3,0,0,0.49,2025-12-08 22:41:40.408315
synthetic_student_33,-0.03690360533314996,9,False,36.54,0,0,0.43,2025-12-25 22:41:40.408330
synthetic_student_33,-0.11901703270133313,4,True,38.88,0,0,0.73,2025-12-18 22:41:40.408346
synthetic_student_33,-0.12541406616630812,1,False,39.4,1,1,0.39,2025-10-25 22:41:40.408360
synthetic_student_33,-1.2363351357220598,1,False,31.98,0,0,0.55,2025-12-30 22:41:40.408374
synthetic_student_33,-1.0284140317988015,9,False,31.44,2,0,0.58,2025-11-08 22:41:40.408389
synthetic_student_33,1.1377846947754575,7,False,27.59,2,0,0.68,2025-12-20 22:41:40.408403
synthetic_student_33,-0.05431396589916737,4,False,38.79,0,0,0.49,2025-12-22 22:41:40.408417
synthetic_student_33,0.5007687695717382,1,False,32.91,0,0,0.43,2026-01-16 22:41:40.408430
synthetic_student_33,-0.26184803313756566,9,False,32.38,0,0,0.35,2025-11-04 22:41:40.408444
synthetic_student_33,1.362233041966178,4,False,54.97,0,0,0.64,2025-12-02 22:41:40.408470
synthetic_student_33,-0.09645435075880293,3,False,32.69,0,0,0.49,2026-01-17 22:41:40.408485
synthetic_student_33,1.227908369250179,4,False,40.76,0,0,0.53,2025-11-28 22:41:40.408499
synthetic_student_33,1.334272698774119,4,False,36.9,1,1,0.51,2025-12-23 22:41:40.408515
synthetic_student_33,0.6102546882177329,6,False,40.12,1,0,0.55,2026-01-05 22:41:40.408528
synthetic_student_33,-1.3492885363758673,8,False,41.3,0,0,0.35,2025-12-14 22:41:40.408542
synthetic_student_33,1.8205549035812347,1,False,49.05,1,1,0.49,2025-10-22 22:41:40.408555
synthetic_student_33,0.24753629142181177,6,False,31.28,0,0,0.45,2025-12-03 22:41:40.408569
synthetic_student_33,0.7319141932324231,1,False,43.55,0,0,0.61,2025-11-14 22:41:40.408583
synthetic_student_33,-0.4746302646351839,10,False,37.73,0,0,0.31,2025-11-15 22:41:40.408596
synthetic_student_33,0.9899779858148077,5,False,41.36,0,0,0.31,2025-11-14 22:41:40.408610
synthetic_student_33,1.0887684962235342,9,False,37.44,0,1,0.48,2025-11-16 22:41:40.408624
synthetic_student_33,0.1081589213240215,8,False,33.1,1,0,0.48,2025-11-30 22:41:40.408637
synthetic_student_33,-0.8445562917160307,5,False,33.43,0,0,0.63,2025-12-25 22:41:40.408651
synthetic_student_33,-0.162083888359001,10,False,30.35,0,0,0.51,2025-11-30 22:41:40.408664
synthetic_student_33,0.40423791216490956,1,False,27.46,1,0,0.65,2025-12-21 22:41:40.408677
synthetic_student_33,-1.9750614039352512,10,True,27.05,0,0,0.77,2025-11-20 22:41:40.408691
synthetic_student_33,0.20679148109688983,2,False,35.13,0,0,0.68,2025-10-26 22:41:40.408707
synthetic_student_33,0.2642264315041656,1,False,38.28,2,0,0.47,2025-12-17 22:41:40.408721
synthetic_student_33,-0.5408620991276942,5,False,39.55,0,0,0.47,2025-11-19 22:41:40.408734
synthetic_student_33,-1.1667181976479823,1,False,30.52,0,0,0.42,2025-12-22 22:41:40.408748
synthetic_student_33,0.22377408224625528,3,False,40.27,0,0,0.6,2026-01-19 22:41:40.408762
synthetic_student_33,-0.9350074423180814,10,False,36.57,0,1,0.52,2025-11-23 22:41:40.408776
synthetic_student_33,1.987946536130114,9,False,45.66,2,0,0.32,2025-10-29 22:41:40.408792
synthetic_student_33,-0.8899899963997662,6,True,35.11,0,1,0.98,2025-11-29 22:41:40.408805
synthetic_student_33,1.3079807104635655,3,False,46.96,0,0,0.7,2025-11-21 22:41:40.408819
synthetic_student_33,0.24372304119488852,6,False,36.13,1,0,0.5,2025-12-22 22:41:40.408833
synthetic_student_33,-0.4323831113998531,3,True,32.82,0,0,0.96,2026-01-16 22:41:40.408848
synthetic_student_33,1.860486399115004,4,False,47.16,1,0,0.58,2025-12-13 22:41:40.408861
synthetic_student_33,-1.3464416851435357,5,True,37.91,0,0,0.72,2025-12-01 22:41:40.408875
synthetic_student_33,-0.5404731516101626,3,False,38.88,0,0,0.46,2025-12-21 22:41:40.408889
synthetic_student_33,-1.1192145337159944,6,False,37.58,0,0,0.53,2025-12-21 22:41:40.408904
synthetic_student_33,0.7144635703850799,4,False,43.62,0,0,0.69,2025-11-20 22:41:40.408917
synthetic_student_33,-0.05404274696048805,8,False,45.76,0,0,0.62,2025-10-24 22:41:40.408931
synthetic_student_33,-0.9562651210322812,3,False,26.44,1,1,0.37,2026-01-03 22:41:40.408945
synthetic_student_33,-1.2072605120481286,8,True,36.52,0,0,0.94,2025-11-06 22:41:40.408958
synthetic_student_33,0.9779959155896267,7,False,46.78,1,0,0.32,2025-12-07 22:41:40.408972
synthetic_student_33,0.12811365770397432,5,True,34.8,2,0,0.83,2025-11-24 22:41:40.408986
synthetic_student_33,-1.6352318760905353,1,False,32.81,0,0,0.39,2025-12-27 22:41:40.408999
synthetic_student_33,-1.9092619643380817,4,True,17.31,0,0,0.96,2026-01-15 22:41:40.409013
synthetic_student_33,-1.3277110048497098,2,False,35.45,0,0,0.53,2025-12-08 22:41:40.409026
synthetic_student_33,-1.1029839473347605,4,False,35.21,0,0,0.34,2025-11-24 22:41:40.409039
synthetic_student_33,-1.9444958382653121,6,False,36.32,0,0,0.52,2025-11-17 22:41:40.409056
synthetic_student_33,0.38933985859848486,10,False,44.0,1,1,0.64,2026-01-06 22:41:40.409070
synthetic_student_33,-1.5705739700800936,10,False,32.74,0,0,0.57,2025-10-28 22:41:40.409084
synthetic_student_33,0.31272770128062266,7,False,41.52,0,0,0.61,2025-12-08 22:41:40.409097
synthetic_student_33,-1.2672484448427035,9,False,37.7,0,0,0.59,2025-11-17 22:41:40.409110
synthetic_student_33,-1.2581535857272614,9,False,38.15,0,0,0.45,2026-01-15 22:41:40.409124
synthetic_student_33,-1.823166410590789,9,False,28.93,0,0,0.59,2026-01-11 22:41:40.409137
synthetic_student_33,0.5952411885165332,3,False,33.96,2,0,0.49,2026-01-06 22:41:40.409151
synthetic_student_33,0.6184480000656767,5,False,44.44,0,0,0.46,2025-12-04 22:41:40.409165
synthetic_student_33,-0.5372463057483814,8,False,37.71,0,0,0.68,2025-12-25 22:41:40.409178
synthetic_student_33,1.499760614257613,3,False,46.9,0,0,0.62,2025-11-21 22:41:40.409192
synthetic_student_33,-1.6106650102546793,9,False,28.68,0,1,0.44,2025-12-30 22:41:40.409206
synthetic_student_33,0.13443266727921444,7,False,38.7,0,0,0.61,2025-10-29 22:41:40.409220
synthetic_student_33,-1.7246364603347542,9,True,28.77,0,0,0.8,2025-11-11 22:41:40.409232
synthetic_student_33,0.2785218963727103,7,False,39.55,1,0,0.49,2025-11-18 22:41:40.409245
synthetic_student_33,0.9509306078219644,9,False,45.91,0,1,0.44,2025-11-29 22:41:40.409258
synthetic_student_33,0.8253440246493584,1,False,44.45,0,1,0.33,2026-01-02 22:41:40.409272
synthetic_student_33,0.10446970330166039,6,True,44.6,1,0,0.99,2026-01-06 22:41:40.409285
synthetic_student_33,0.09979884704046293,10,False,30.69,0,0,0.52,2025-12-12 22:41:40.409298
synthetic_student_33,0.1611353923446872,7,False,37.34,1,1,0.58,2025-12-06 22:41:40.409312
synthetic_student_33,-0.11698794233883891,6,False,42.58,0,0,0.64,2026-01-07 22:41:40.409326
synthetic_student_33,-0.8421403316629519,4,False,34.88,0,0,0.62,2025-11-24 22:41:40.409339
synthetic_student_33,-1.5482512167878912,10,False,28.32,0,1,0.36,2026-01-01 22:41:40.409352
synthetic_student_33,-0.891692927148751,6,False,32.99,0,0,0.66,2025-12-17 22:41:40.409365
synthetic_student_33,-0.11086357647040268,2,False,37.66,1,0,0.51,2025-12-21 22:41:40.409378
synthetic_student_33,-0.05893227666734102,2,False,32.39,1,0,0.4,2025-12-07 22:41:40.409392
synthetic_student_33,-0.8841279358790293,6,True,35.71,0,1,0.72,2026-01-18 22:41:40.409405
synthetic_student_33,0.7120619630558513,4,False,35.5,0,0,0.51,2025-10-28 22:41:40.409418
synthetic_student_33,1.4912981093759292,9,False,43.87,2,0,0.35,2025-12-11 22:41:40.409431
synthetic_student_33,1.740309285212529,3,False,45.65,0,0,0.6,2025-11-13 22:41:40.409444
synthetic_student_33,1.509176665893393,3,False,45.5,1,0,0.6,2026-01-05 22:41:40.409457
synthetic_student_33,1.5100696287536626,9,False,37.4,0,0,0.53,2025-10-21 22:41:40.409472
synthetic_student_33,-0.9978611284372438,5,False,29.85,1,0,0.61,2025-11-22 22:41:40.409485
synthetic_student_33,-0.7280251455460509,5,True,40.39,0,0,0.88,2025-12-09 22:41:40.409498
synthetic_student_33,-1.089551357070937,3,False,31.55,1,0,0.45,2025-10-31 22:41:40.409511
synthetic_student_33,-1.0022636191878842,8,True,40.05,0,0,0.81,2025-11-27 22:41:40.409525
synthetic_student_33,-1.7936535594397292,5,False,23.56,0,0,0.41,2026-01-08 22:41:40.409538
synthetic_student_33,0.19288367859893896,3,False,46.06,0,1,0.49,2025-11-09 22:41:40.409551
synthetic_student_33,-0.719463848398147,10,True,33.28,4,0,0.87,2025-12-25 22:41:40.409564
synthetic_student_33,1.14898630420452,8,False,38.1,1,0,0.44,2025-12-24 22:41:40.409578
synthetic_student_33,-0.04101798665069323,2,False,41.8,0,0,0.51,2025-12-27 22:41:40.409591
synthetic_student_33,0.060793043173453576,7,False,34.64,1,0,0.31,2025-11-05 22:41:40.409605
synthetic_student_33,-1.792487132610261,4,False,33.06,0,0,0.33,2025-11-11 22:41:40.409618
synthetic_student_34,-1.6036211396293676,5,False,28.84,0,0,0.53,2025-12-09 22:41:40.409631
synthetic_student_34,1.2708765511490188,1,False,37.82,0,0,0.41,2025-12-05 22:41:40.409645
synthetic_student_34,1.5285302348788932,5,False,45.04,2,0,0.48,2025-11-13 22:41:40.409658
synthetic_student_34,-1.7941105720612156,6,False,25.69,0,0,0.52,2025-10-26 22:41:40.409671
synthetic_student_34,-0.4116053063652898,1,False,34.02,0,0,0.57,2025-11-08 22:41:40.409684
synthetic_student_34,0.2482575886440519,10,False,34.75,1,0,0.35,2025-12-27 22:41:40.409697
synthetic_student_34,0.6505576789491778,7,False,43.5,0,0,0.34,2025-11-12 22:41:40.409711
synthetic_student_34,-1.303559472353533,9,False,35.06,1,0,0.39,2025-11-23 22:41:40.409724
synthetic_student_34,-0.1953768219303953,1,False,40.92,0,0,0.33,2025-10-26 22:41:40.409737
synthetic_student_34,1.2265088939266109,6,False,51.38,0,0,0.35,2025-11-25 22:41:40.409750
synthetic_student_34,-1.3971658444314694,3,False,26.78,1,0,0.38,2025-11-07 22:41:40.409763
synthetic_student_34,1.4618834060719093,3,False,46.18,0,0,0.31,2026-01-18 22:41:40.409776
synthetic_student_34,1.6739250863969728,10,False,39.17,2,0,0.44,2025-11-06 22:41:40.409788
synthetic_student_34,1.6654965865430835,5,False,45.38,1,0,0.45,2025-11-28 22:41:40.409802
synthetic_student_34,-1.638108304137846,10,False,31.95,0,0,0.64,2025-12-21 22:41:40.409815
synthetic_student_34,-1.267131278857243,1,True,35.32,0,0,0.71,2025-11-03 22:41:40.409828
synthetic_student_34,-1.579082316155295,4,False,25.26,0,0,0.33,2025-11-01 22:41:40.409843
synthetic_student_34,0.9671933944930231,1,False,37.96,2,0,0.6,2025-11-02 22:41:40.409857
synthetic_student_34,1.0080232958130764,6,False,43.25,0,0,0.52,2026-01-03 22:41:40.409870
synthetic_student_34,1.5527177082746277,8,False,44.0,1,0,0.59,2025-12-05 22:41:40.409883
synthetic_student_34,1.9563572588056797,10,False,42.54,1,0,0.64,2025-12-09 22:41:40.409897
synthetic_student_34,-1.06837386961766,1,False,25.9,0,0,0.54,2025-11-21 22:41:40.409910
synthetic_student_34,0.5884857861878015,1,False,31.89,0,0,0.42,2025-12-23 22:41:40.409923
synthetic_student_34,1.0004403177988546,8,False,49.14,0,0,0.7,2025-10-25 22:41:40.409935
synthetic_student_34,0.7565642956535084,4,False,33.48,1,0,0.5,2025-11-11 22:41:40.409949
synthetic_student_34,-0.44940923605961425,5,False,39.05,0,0,0.54,2025-12-27 22:41:40.409961
synthetic_student_34,-1.4828848929930318,4,True,37.64,0,0,0.87,2025-12-09 22:41:40.409975
synthetic_student_34,0.8022163293929565,3,False,39.88,0,0,0.53,2025-10-26 22:41:40.409987
synthetic_student_34,0.5935123550424128,9,False,46.27,0,0,0.51,2025-11-17 22:41:40.410000
synthetic_student_34,-0.8630972455168524,3,True,39.66,0,0,0.85,2025-12-30 22:41:40.410013
synthetic_student_34,1.0170523754410872,8,False,46.67,0,0,0.63,2025-11-16 22:41:40.410026
synthetic_student_34,-0.9847884053384783,4,True,26.03,2,0,0.99,2026-01-05 22:41:40.410041
synthetic_student_34,0.023310629262604632,4,True,42.02,1,0,0.83,2025-12-09 22:41:40.410054
synthetic_student_34,0.4206687822397952,6,False,31.89,0,0,0.64,2025-12-05 22:41:40.410067
synthetic_student_34,-1.0952014210479146,2,False,34.38,0,0,0.52,2025-12-10 22:41:40.410081
synthetic_student_34,-1.0419454606596514,1,False,25.55,0,0,0.6,2025-12-29 22:41:40.410095
synthetic_student_34,0.7376499674876071,9,False,44.36,0,0,0.45,2025-11-15 22:41:40.410108
synthetic_student_34,-0.8376820679801646,2,False,35.56,0,0,0.52,2026-01-19 22:41:40.410120
synthetic_student_34,0.5697786168063601,3,False,39.3,0,0,0.36,2025-12-18 22:41:40.410133
synthetic_student_34,-0.7088542739898118,1,True,37.59,2,0,0.77,2025-11-07 22:41:40.410146
synthetic_student_34,0.07274630781900138,3,False,35.27,1,0,0.37,2025-12-22 22:41:40.410159
synthetic_student_34,1.1455448912944743,2,False,37.7,0,0,0.55,2026-01-12 22:41:40.410171
synthetic_student_34,-1.2115279960206862,6,False,28.91,1,0,0.55,2025-12-04 22:41:40.410184
synthetic_student_34,0.8035550093776771,9,False,33.48,0,0,0.62,2026-01-17 22:41:40.410196
synthetic_student_34,0.7188219638666897,7,False,44.43,1,0,0.42,2025-12-07 22:41:40.410209
synthetic_student_34,0.7974084739225247,2,False,41.18,1,0,0.51,2025-11-29 22:41:40.410221
synthetic_student_34,-1.7541216909142356,2,False,23.58,0,0,0.67,2025-12-20 22:41:40.410234
synthetic_student_34,-1.292180879586493,1,False,32.15,0,0,0.55,2025-12-05 22:41:40.410246
synthetic_student_34,1.465432933540387,9,True,41.16,0,0,0.83,2025-12-03 22:41:40.410259
synthetic_student_34,1.0737986063056617,7,False,37.27,0,0,0.51,2025-12-31 22:41:40.410271
synthetic_student_34,-1.1843474126880844,6,False,32.44,0,0,0.59,2025-11-02 22:41:40.410284
synthetic_student_34,1.028101989919349,3,False,40.09,0,0,0.68,2026-01-07 22:41:40.410297
synthetic_student_34,1.0258865021488601,9,False,41.52,2,0,0.57,2025-11-26 22:41:40.410310
synthetic_student_34,-0.5057729398843223,6,False,34.93,1,0,0.66,2025-11-01 22:41:40.410323
synthetic_student_34,0.4695291968039905,7,False,29.52,0,0,0.33,2025-10-22 22:41:40.410335
synthetic_student_34,1.4417008261003685,4,False,42.28,0,0,0.47,2025-12-19 22:41:40.410349
synthetic_student_34,-0.3122760609861346,8,False,40.59,1,0,0.66,2025-12-10 22:41:40.410362
synthetic_student_34,1.7219525135662375,4,True,45.51,1,0,0.97,2025-10-29 22:41:40.410374
synthetic_student_34,1.1095273890223032,3,False,33.01,3,0,0.69,2025-12-17 22:41:40.410387
synthetic_student_34,-1.8021199848794494,5,True,26.79,0,0,0.96,2026-01-17 22:41:40.410399
synthetic_student_34,1.1767648653774025,7,False,43.3,0,0,0.31,2025-12-18 22:41:40.410412
synthetic_student_34,-0.034146749226355855,9,False,33.65,0,0,0.58,2025-12-20 22:41:40.410424
synthetic_student_34,-1.299746258845198,3,False,31.24,0,0,0.53,2026-01-03 22:41:40.410437
synthetic_student_34,-1.1821375333840591,4,False,35.57,1,0,0.51,2025-10-26 22:41:40.410449
synthetic_student_34,-1.6163868186563048,4,False,28.41,1,0,0.43,2025-12-03 22:41:40.410470
synthetic_student_34,-1.591014143239832,3,False,32.46,0,0,0.54,2025-11-05 22:41:40.410484
synthetic_student_34,1.3437097023945315,1,False,49.64,1,0,0.46,2025-11-15 22:41:40.410496
synthetic_student_34,-1.606128657018028,1,True,26.09,0,1,0.98,2026-01-15 22:41:40.410509
synthetic_student_34,-1.8356060780430403,8,True,27.2,0,0,0.88,2025-12-19 22:41:40.410522
synthetic_student_34,-0.11192339960524889,5,False,37.18,0,0,0.44,2025-10-27 22:41:40.410535
synthetic_student_34,-0.4819827351326764,2,True,37.47,2,0,0.84,2025-11-21 22:41:40.410549
synthetic_student_34,-1.3369059507884615,9,True,27.49,0,0,0.96,2026-01-17 22:41:40.410561
synthetic_student_34,-1.8137655741802519,9,True,31.25,0,0,0.82,2026-01-17 22:41:40.410574
synthetic_student_34,0.11837566290375667,9,False,29.71,2,0,0.69,2026-01-16 22:41:40.410588
synthetic_student_34,-0.2012285237221092,10,False,42.28,0,0,0.48,2025-11-01 22:41:40.410602
synthetic_student_34,-0.9978154594003121,3,False,30.29,1,0,0.42,2025-12-28 22:41:40.410615
synthetic_student_34,1.0864229044482405,9,False,40.8,0,0,0.6,2025-10-24 22:41:40.410628
synthetic_student_34,1.809769776497339,5,False,44.57,0,0,0.44,2025-11-15 22:41:40.410641
synthetic_student_34,0.8421275989215036,2,False,35.38,0,0,0.41,2025-12-26 22:41:40.410653
synthetic_student_34,1.4061121548590267,8,False,38.91,0,0,0.5,2025-12-24 22:41:40.410666
synthetic_student_34,-0.10713292825227327,4,False,24.67,1,0,0.44,2025-12-11 22:41:40.410679
synthetic_student_34,-1.8199229543407967,8,False,37.25,0,0,0.46,2025-12-01 22:41:40.410692
synthetic_student_34,1.4636601970637555,2,False,46.94,2,0,0.63,2025-10-27 22:41:40.410705
synthetic_student_34,-0.34739974186574196,7,True,37.68,0,0,0.76,2025-11-22 22:41:40.410718
synthetic_student_34,-0.49140446882501276,9,False,38.68,0,0,0.32,2025-12-06 22:41:40.410730
synthetic_student_34,-0.10752414932038779,4,False,25.3,1,1,0.33,2025-12-24 22:41:40.410743
synthetic_student_34,-0.8701055542762877,4,False,35.8,0,0,0.4,2025-12-06 22:41:40.410756
synthetic_student_34,-1.4889757375866028,10,False,24.1,0,0,0.65,2025-12-08 22:41:40.410769
synthetic_student_34,1.2306983899132917,10,False,47.5,0,0,0.61,2025-11-30 22:41:40.410781
synthetic_student_34,0.3507183622082737,7,False,31.0,1,0,0.43,2026-01-12 22:41:40.410794
synthetic_student_34,-0.6088921028378795,6,False,36.21,1,0,0.34,2025-11-28 22:41:40.410807
synthetic_student_34,-0.49892522724978283,3,False,32.43,0,0,0.46,2025-11-24 22:41:40.410819
synthetic_student_34,-1.1852436645048363,10,False,29.6,0,1,0.63,2025-10-26 22:41:40.410832
synthetic_student_34,1.828075216968609,2,False,42.37,1,0,0.69,2025-12-04 22:41:40.410845
synthetic_student_34,0.4294754800584517,3,False,42.58,0,0,0.59,2025-11-20 22:41:40.410859
synthetic_student_34,0.5991301023964057,9,True,37.98,0,0,0.95,2025-12-08 22:41:40.410872
synthetic_student_34,-1.6660742198640102,1,False,24.24,0,0,0.69,2026-01-03 22:41:40.410885
synthetic_student_34,1.5058775475562158,8,False,37.65,1,0,0.49,2026-01-14 22:41:40.410898
synthetic_student_34,-0.790511600722859,9,False,37.88,0,0,0.41,2025-12-14 22:41:40.410911
synthetic_student_34,-0.2309879035605471,8,False,34.06,0,0,0.4,2025-11-09 22:41:40.410924
synthetic_student_35,1.4113353700346334,3,False,37.97,1,0,0.41,2026-01-13 22:41:40.410937
synthetic_student_35,-1.0741765598267303,9,False,35.23,0,0,0.6,2025-11-18 22:41:40.410950
synthetic_student_35,-1.3786543428637335,4,False,33.05,0,0,0.32,2025-12-11 22:41:40.410964
synthetic_student_35,1.2714040701710272,4,False,42.73,1,0,0.67,2025-12-12 22:41:40.410977
synthetic_student_35,-0.0606530824470779,1,False,38.45,3,0,0.42,2025-11-11 22:41:40.410989
synthetic_student_35,-0.2540708206507465,5,False,37.12,1,0,0.54,2025-11-11 22:41:40.411002
synthetic_student_35,0.3992620623354526,2,False,37.09,0,0,0.62,2025-12-12 22:41:40.411015
synthetic_student_35,-0.2566513695873218,3,False,39.37,0,1,0.42,2025-10-31 22:41:40.411028
synthetic_student_35,-1.2150310171262753,8,True,28.5,0,0,0.74,2026-01-02 22:41:40.411041
synthetic_student_35,-0.36945859009071036,8,True,37.55,0,0,0.75,2026-01-19 22:41:40.411054
synthetic_student_35,0.40543675660803524,2,False,31.18,0,0,0.46,2025-11-22 22:41:40.411066
synthetic_student_35,0.14516842880108527,4,False,41.52,0,0,0.62,2025-11-01 22:41:40.411079
synthetic_student_35,0.15116642659120538,5,False,49.37,1,0,0.64,2025-12-11 22:41:40.411092
synthetic_student_35,1.8035890026180375,2,False,47.29,3,0,0.55,2026-01-18 22:41:40.411106
synthetic_student_35,0.10998464011969045,10,False,31.2,0,0,0.61,2026-01-17 22:41:40.411119
synthetic_student_35,1.3911980509397757,7,False,39.74,2,0,0.48,2025-10-27 22:41:40.411133
synthetic_student_35,0.2820633969362829,6,False,47.75,0,0,0.38,2025-12-15 22:41:40.411145
synthetic_student_35,0.5373949679523249,6,False,38.65,0,0,0.6,2025-12-26 22:41:40.411158
synthetic_student_35,0.47615505502153255,4,False,35.39,0,0,0.38,2025-12-06 22:41:40.411170
synthetic_student_35,-1.8286358172728798,2,True,29.35,0,0,0.88,2025-12-28 22:41:40.411183
synthetic_student_35,0.21726077319592196,10,False,35.37,0,0,0.49,2025-12-20 22:41:40.411195
synthetic_student_35,1.3782651788076108,6,False,46.48,0,0,0.67,2025-11-02 22:41:40.411209
synthetic_student_35,1.1370504842571831,9,False,43.61,1,0,0.7,2025-12-23 22:41:40.411222
synthetic_student_35,-1.1687202644158088,7,False,40.48,0,0,0.65,2026-01-04 22:41:40.411234
synthetic_student_35,-0.4967588867478683,1,False,40.12,1,0,0.55,2025-10-28 22:41:40.411246
synthetic_student_35,-0.767320100903738,9,False,47.2,0,0,0.63,2025-12-30 22:41:40.411259
synthetic_student_35,0.26717533936060933,3,False,43.76,1,0,0.68,2025-12-27 22:41:40.411272
synthetic_student_35,-1.2048968573826215,5,False,28.15,0,0,0.38,2025-12-04 22:41:40.411284
synthetic_student_35,1.8610285876605595,7,False,40.72,0,0,0.6,2025-11-05 22:41:40.411297
synthetic_student_35,1.1706889817663289,3,False,53.37,2,0,0.65,2026-01-13 22:41:40.411310
synthetic_student_35,-1.8397023120185363,10,False,34.55,0,0,0.65,2025-12-11 22:41:40.411322
synthetic_student_35,-1.994805521158216,4,False,34.66,0,0,0.33,2025-12-29 22:41:40.411335
synthetic_student_35,-1.0310597602033167,2,True,34.74,0,0,0.84,2025-11-22 22:41:40.411348
synthetic_student_35,1.6788481403260307,6,False,41.78,1,0,0.7,2026-01-09 22:41:40.411369
synthetic_student_35,0.16885432286320023,7,False,39.38,3,0,0.45,2025-12-11 22:41:40.411382
synthetic_student_35,-0.5406412917496177,2,False,29.0,0,0,0.32,2025-11-21 22:41:40.411395
synthetic_student_35,-0.8670271486348575,3,False,33.9,0,0,0.5,2025-10-24 22:41:40.411407
synthetic_student_35,-0.11060910690878734,8,False,36.83,0,0,0.49,2025-12-07 22:41:40.411420
synthetic_student_35,-1.8630621272667947,3,False,26.67,0,0,0.48,2025-10-22 22:41:40.411433
synthetic_student_35,-1.7545259129681972,3,True,26.89,0,0,0.91,2025-12-22 22:41:40.411445
synthetic_student_35,1.3794768407948537,5,False,43.51,1,0,0.65,2026-01-12 22:41:40.411459
synthetic_student_35,-1.5009480016916137,9,True,31.18,0,0,0.78,2025-10-29 22:41:40.411471
synthetic_student_35,-0.5370569996813956,1,True,43.59,1,0,0.75,2026-01-16 22:41:40.411485
synthetic_student_35,-0.8756853784421272,8,False,27.93,0,0,0.68,2025-12-04 22:41:40.411497
synthetic_student_35,-1.4141623769431253,3,True,33.53,0,0,0.9,2025-12-23 22:41:40.411510
synthetic_student_35,-1.2559739659208704,1,False,43.34,0,0,0.5,2025-12-11 22:41:40.411522
synthetic_student_35,-1.2129883541319715,3,True,30.62,0,0,0.96,2025-11-05 22:41:40.411535
synthetic_student_35,-1.1079793311351938,1,False,23.51,0,0,0.41,2025-12-26 22:41:40.411548
synthetic_student_35,-1.1517364272400203,10,True,29.47,0,0,0.95,2025-12-20 22:41:40.411560
synthetic_student_35,-1.3961058016701786,10,True,29.42,0,0,0.99,2025-11-30 22:41:40.411573
synthetic_student_35,-1.4055845775861053,1,False,33.52,0,0,0.42,2025-11-11 22:41:40.411586
synthetic_student_35,-0.5964620202206281,10,False,27.58,0,0,0.46,2025-12-08 22:41:40.411598
synthetic_student_35,-0.9168873904307291,7,False,37.84,0,0,0.41,2026-01-18 22:41:40.411612
synthetic_student_35,1.4173795472926298,5,False,45.93,1,0,0.68,2025-12-08 22:41:40.411624
synthetic_student_35,0.6706595782668869,6,False,46.14,0,0,0.43,2026-01-04 22:41:40.411637
synthetic_student_35,-0.2308204122605093,3,False,31.09,0,0,0.46,2025-11-07 22:41:40.411650
synthetic_student_35,1.4198685737867311,7,False,49.24,1,0,0.69,2025-12-02 22:41:40.411662
synthetic_student_35,-1.3438388860619805,6,True,33.28,0,0,0.77,2026-01-03 22:41:40.411675
synthetic_student_35,1.5695091082713635,5,False,37.26,0,0,0.3,2025-11-06 22:41:40.411690
synthetic_student_35,-0.7949768313244747,7,True,20.59,0,0,0.75,2026-01-11 22:41:40.411702
synthetic_student_35,-1.463869483667835,3,False,23.99,0,0,0.33,2026-01-19 22:41:40.411715
synthetic_student_35,0.5449373387097274,9,False,44.44,0,0,0.3,2025-12-08 22:41:40.411727
synthetic_student_35,-0.5183526766135258,6,True,31.35,0,0,0.83,2026-01-08 22:41:40.411740
synthetic_student_35,-1.4808851397915799,6,False,29.18,0,0,0.35,2026-01-10 22:41:40.411754
synthetic_student_35,0.5281832589213962,8,False,32.19,0,0,0.35,2025-11-17 22:41:40.411766
synthetic_student_35,1.7949120001453274,1,False,45.59,0,0,0.61,2025-11-03 22:41:40.411779
synthetic_student_35,-1.3375713369625495,8,False,28.94,0,0,0.54,2025-12-09 22:41:40.411792
synthetic_student_35,-0.8658766631277688,10,True,30.21,0,0,0.75,2025-12-16 22:41:40.411804
synthetic_student_35,1.15088161621118,3,False,47.04,0,0,0.61,2025-10-27 22:41:40.411818
synthetic_student_35,0.3737779500162288,6,True,41.03,0,0,0.81,2025-10-29 22:41:40.411831
synthetic_student_35,-1.1580864287482133,2,False,35.1,0,0,0.67,2025-10-21 22:41:40.411844
synthetic_student_35,-1.0037291551802818,8,False,35.82,1,0,0.38,2025-11-25 22:41:40.411858
synthetic_student_35,1.203665495476483,10,False,28.3,0,0,0.44,2025-11-08 22:41:40.411872
synthetic_student_35,-0.4439247784709206,5,False,37.53,1,0,0.55,2026-01-06 22:41:40.411885
synthetic_student_35,-1.6078001770036465,3,True,35.45,0,0,0.8,2025-11-12 22:41:40.411897
synthetic_student_35,0.5377653335644403,8,False,41.38,1,0,0.64,2026-01-15 22:41:40.411910
synthetic_student_35,-1.3289873771820124,2,False,31.28,0,0,0.49,2025-11-19 22:41:40.411922
synthetic_student_35,-1.4587931185679408,7,False,35.54,1,0,0.61,2025-12-05 22:41:40.411935
synthetic_student_35,-1.3812846816277973,4,True,37.32,0,0,0.82,2025-11-27 22:41:40.411947
synthetic_student_35,-1.0035657283364205,5,False,33.33,1,0,0.59,2025-11-07 22:41:40.411960
synthetic_student_35,0.2886902425696185,5,False,34.78,0,0,0.37,2025-11-30 22:41:40.411972
synthetic_student_35,-1.7665366462987793,10,True,34.8,0,0,0.9,2025-11-14 22:41:40.411985
synthetic_student_35,-0.25721193610157034,3,False,36.93,2,0,0.44,2025-10-26 22:41:40.411998
synthetic_student_35,-0.16190102053832112,3,False,41.12,0,0,0.52,2025-11-24 22:41:40.412010
synthetic_student_35,1.0260861198106892,2,False,42.18,0,0,0.34,2025-12-03 22:41:40.412023
synthetic_student_35,-1.2518509180121655,9,False,28.89,0,0,0.31,2025-11-20 22:41:40.412036
synthetic_student_35,0.07752877561996252,5,False,32.43,0,0,0.42,2025-11-09 22:41:40.412048
synthetic_student_35,-1.5022069730614893,8,False,37.83,0,0,0.33,2025-11-25 22:41:40.412061
synthetic_student_35,1.7784157998098649,9,False,49.6,1,0,0.44,2025-12-07 22:41:40.412076
synthetic_student_35,-1.9981128474839416,2,False,37.33,0,0,0.58,2025-11-28 22:41:40.412089
synthetic_student_35,-1.1554961053437212,10,True,27.7,0,0,0.86,2025-12-28 22:41:40.412102
synthetic_student_35,0.3977831673838246,1,False,28.53,1,0,0.37,2025-11-15 22:41:40.412116
synthetic_student_35,-0.35674208594460577,9,False,43.03,1,0,0.31,2025-12-25 22:41:40.412129
synthetic_student_35,-1.9030871691648787,8,True,16.93,0,0,0.95,2025-11-12 22:41:40.412142
synthetic_student_35,-0.34834101287372565,9,False,36.28,0,0,0.51,2025-11-24 22:41:40.412155
synthetic_student_35,-1.674589291740625,7,False,36.85,0,0,0.31,2025-12-26 22:41:40.412167
synthetic_student_35,0.6078407914357524,3,False,39.42,2,0,0.61,2026-01-10 22:41:40.412181
synthetic_student_35,1.364792261453382,4,False,37.17,1,0,0.53,2026-01-14 22:41:40.412195
synthetic_student_35,0.8283218697634989,8,False,35.65,1,0,0.53,2025-11-22 22:41:40.412208
synthetic_student_35,0.9540927411474485,7,False,33.96,0,0,0.51,2025-11-05 22:41:40.412221
synthetic_student_36,-1.467765392188071,7,False,33.69,0,0,0.6,2025-11-30 22:41:40.412235
synthetic_student_36,1.7827975868847554,5,False,44.49,2,0,0.32,2026-01-14 22:41:40.412249
synthetic_student_36,1.6303357668405312,6,False,35.27,0,0,0.68,2025-12-13 22:41:40.412262
synthetic_student_36,-0.12464761251684386,9,False,30.63,0,0,0.33,2025-12-28 22:41:40.412275
synthetic_student_36,-0.7889082709697335,5,False,27.39,1,0,0.31,2025-11-22 22:41:40.412287
synthetic_student_36,0.908660721086676,9,False,31.57,0,0,0.66,2025-10-22 22:41:40.412300
synthetic_student_36,0.7588866955519569,6,False,46.53,0,0,0.43,2025-11-13 22:41:40.412313
synthetic_student_36,1.2503969603061846,9,False,44.53,1,0,0.47,2025-11-20 22:41:40.412325
synthetic_student_36,-1.8341528089993315,1,True,39.8,0,0,0.76,2025-10-29 22:41:40.412338
synthetic_student_36,1.9891611080071558,1,False,49.32,1,0,0.49,2025-11-12 22:41:40.412351
synthetic_student_36,-0.638562091477687,3,True,38.35,0,0,0.77,2025-12-08 22:41:40.412364
synthetic_student_36,0.29814670415079014,9,False,38.08,0,0,0.59,2025-12-14 22:41:40.412378
synthetic_student_36,-1.5119759738139344,5,False,27.62,0,0,0.55,2025-12-08 22:41:40.412391
synthetic_student_36,-1.8742322933376583,4,True,28.17,0,0,0.82,2025-10-23 22:41:40.412404
synthetic_student_36,-0.7526222030503886,2,True,41.06,0,0,0.86,2026-01-06 22:41:40.412417
synthetic_student_36,-1.0580025057363445,3,True,28.99,0,0,0.93,2025-12-03 22:41:40.412429
synthetic_student_36,0.7591746485002138,2,False,44.82,0,0,0.62,2025-12-04 22:41:40.412442
synthetic_student_36,-1.572356109608021,2,True,30.94,1,0,0.92,2025-11-27 22:41:40.412455
synthetic_student_36,1.378018412098879,6,False,43.63,0,0,0.63,2026-01-15 22:41:40.412478
synthetic_student_36,-1.1626100064494649,5,True,25.31,0,1,0.98,2026-01-16 22:41:40.412491
synthetic_student_36,1.4201297969051514,4,False,43.71,1,0,0.4,2025-12-15 22:41:40.412504
synthetic_student_36,-1.190286703978567,1,True,33.36,0,0,0.94,2025-10-25 22:41:40.412516
synthetic_student_36,-0.7607782716258376,6,False,29.35,0,0,0.6,2026-01-02 22:41:40.412529
synthetic_student_36,1.604234209621437,7,False,38.66,2,0,0.48,2025-12-08 22:41:40.412542
synthetic_student_36,-1.1623567115029707,7,False,22.42,0,0,0.59,2025-11-28 22:41:40.412555
synthetic_student_36,1.8726515439442992,9,False,42.78,0,0,0.31,2026-01-16 22:41:40.412568
synthetic_student_36,0.9128133527292035,6,False,34.04,1,0,0.63,2025-12-24 22:41:40.412581
synthetic_student_36,-0.32989268554746776,10,False,36.13,0,0,0.35,2025-11-10 22:41:40.412594
synthetic_student_36,-1.6148827327070214,7,True,29.87,0,0,0.77,2025-12-03 22:41:40.412609
synthetic_student_36,1.1755336077623597,4,False,38.08,2,0,0.32,2026-01-19 22:41:40.412625
synthetic_student_36,1.5940611333720756,7,False,50.81,0,0,0.44,2026-01-02 22:41:40.412640
synthetic_student_36,1.0121158119649332,7,False,44.41,1,0,0.32,2025-12-14 22:41:40.412653
synthetic_student_36,-0.06103410991028024,9,False,33.02,2,0,0.61,2025-12-11 22:41:40.412666
synthetic_student_36,0.8092691789112947,5,False,34.15,1,0,0.35,2025-11-06 22:41:40.412678
synthetic_student_36,-0.6488896644241899,5,True,31.76,0,0,0.93,2026-01-02 22:41:40.412691
synthetic_student_36,-1.266994193965353,10,False,23.31,0,0,0.48,2025-12-25 22:41:40.412704
synthetic_student_36,1.77043955998414,3,False,43.89,0,1,0.49,2025-10-23 22:41:40.412717
synthetic_student_36,-0.08906342511686871,4,False,36.65,2,0,0.64,2025-11-11 22:41:40.412729
synthetic_student_36,-1.7463970875626962,5,True,26.89,0,0,0.86,2026-01-02 22:41:40.412742
synthetic_student_36,-1.4741502105710147,7,False,26.5,0,0,0.43,2026-01-02 22:41:40.412756
synthetic_student_36,0.5414621730302347,3,False,34.54,0,0,0.64,2025-10-21 22:41:40.412769
synthetic_student_36,-0.5808413873862754,10,True,29.65,0,0,0.76,2025-12-26 22:41:40.412782
synthetic_student_36,0.3174879636235306,1,True,39.04,0,0,0.87,2026-01-08 22:41:40.412795
synthetic_student_36,1.2905928762618735,7,False,30.4,4,0,0.52,2026-01-03 22:41:40.412810
synthetic_student_36,1.5338707957418785,6,False,41.72,0,0,0.55,2025-11-30 22:41:40.412825
synthetic_student_36,0.07837640880406083,5,False,31.85,1,0,0.31,2025-12-14 22:41:40.412838
synthetic_student_36,1.6236544059323355,10,False,34.55,1,0,0.39,2025-12-13 22:41:40.412851
synthetic_student_36,-1.1369183017926066,10,False,27.83,0,0,0.32,2026-01-07 22:41:40.412864
synthetic_student_36,1.1264069821622007,9,False,43.43,0,0,0.36,2026-01-06 22:41:40.412876
synthetic_student_36,0.41208765460600194,2,False,36.57,0,0,0.58,2025-11-10 22:41:40.412889
synthetic_student_36,-0.4584785017795099,7,False,30.43,0,0,0.66,2025-11-22 22:41:40.412904
synthetic_student_36,-0.1527888820393417,8,False,34.96,0,0,0.5,2025-11-24 22:41:40.412917
synthetic_student_36,-0.6298847406996542,8,False,24.93,2,0,0.6,2025-12-04 22:41:40.412930
synthetic_student_36,0.9786869293520066,6,False,34.41,2,0,0.64,2025-12-25 22:41:40.412943
synthetic_student_36,1.622213785655096,3,False,35.84,1,0,0.49,2025-11-28 22:41:40.412956
synthetic_student_36,-1.995363366708689,2,False,36.53,0,0,0.61,2025-10-26 22:41:40.412968
synthetic_student_36,-0.043183545132985834,9,False,42.24,0,0,0.5,2025-12-09 22:41:40.412981
synthetic_student_36,1.7905909473692194,8,False,46.25,0,0,0.63,2025-12-16 22:41:40.412994
synthetic_student_36,1.9199237025266496,1,False,43.4,0,0,0.49,2026-01-01 22:41:40.413007
synthetic_student_36,-1.3527728265948844,7,False,27.42,0,0,0.52,2025-12-02 22:41:40.413020
synthetic_student_36,-1.985199616191513,3,True,22.98,0,0,0.73,2025-12-04 22:41:40.413033
synthetic_student_36,0.21834818769472486,7,True,29.0,1,0,0.76,2026-01-15 22:41:40.413049
synthetic_student_36,-1.8944508463988,3,True,34.89,0,0,0.97,2025-12-17 22:41:40.413063
synthetic_student_36,1.1625992923422168,8,False,35.46,0,0,0.69,2025-11-19 22:41:40.413076
synthetic_student_36,-1.7702645395995078,10,False,29.1,0,0,0.52,2025-12-23 22:41:40.413090
synthetic_student_36,1.2921068801193178,1,False,43.94,1,0,0.43,2025-11-01 22:41:40.413104
synthetic_student_36,0.3281441846398989,10,False,39.18,0,0,0.49,2026-01-12 22:41:40.413118
synthetic_student_36,0.83732754176101,4,False,35.94,0,0,0.59,2025-12-22 22:41:40.413131
synthetic_student_36,-1.2363955102444364,9,False,32.61,0,0,0.35,2026-01-08 22:41:40.413144
synthetic_student_36,0.9100380584030949,8,True,45.96,0,0,0.96,2026-01-13 22:41:40.413158
synthetic_student_36,-0.9866800135487943,9,True,40.92,0,0,0.82,2025-12-29 22:41:40.413171
synthetic_student_36,1.5052595981132169,1,True,38.97,0,0,0.71,2025-12-02 22:41:40.413184
synthetic_student_36,-1.8154440277523012,7,False,21.08,0,0,0.51,2025-11-25 22:41:40.413199
synthetic_student_36,-0.5056311874841235,10,False,33.15,0,0,0.64,2025-11-09 22:41:40.413212
synthetic_student_36,-0.21656840164002622,1,True,45.06,0,0,0.89,2025-11-04 22:41:40.413225
synthetic_student_36,-0.6880506794648253,1,False,35.38,0,0,0.5,2025-10-23 22:41:40.413238
synthetic_student_36,-0.610198235458542,8,False,34.71,1,0,0.37,2025-12-24 22:41:40.413252
synthetic_student_36,0.8924169136706066,1,True,47.92,0,0,0.74,2025-10-31 22:41:40.413265
synthetic_student_36,-1.9700110963807296,10,False,31.9,0,0,0.39,2025-11-29 22:41:40.413277
synthetic_student_36,-0.7361072809868432,3,False,27.24,0,0,0.63,2026-01-11 22:41:40.413289
synthetic_student_36,-0.7986779064101412,6,True,33.93,1,0,0.95,2026-01-17 22:41:40.413302
synthetic_student_36,-0.5297057659345761,8,False,34.65,1,0,0.53,2025-10-26 22:41:40.413315
synthetic_student_36,1.2261009820143531,9,False,33.93,0,0,0.43,2025-12-13 22:41:40.413329
synthetic_student_36,-0.6239314179865207,3,True,39.78,0,0,0.87,2025-12-10 22:41:40.413341
synthetic_student_36,0.34745075707022854,4,False,28.13,0,0,0.39,2026-01-03 22:41:40.413354
synthetic_student_36,-1.2596704497448266,10,True,32.96,0,0,0.89,2025-10-22 22:41:40.413368
synthetic_student_36,0.17535103396840412,4,False,35.04,1,0,0.56,2025-11-10 22:41:40.413381
synthetic_student_36,0.6075743849851865,4,False,42.31,0,0,0.45,2025-10-28 22:41:40.413393
synthetic_student_36,1.805847854379881,8,False,41.25,0,0,0.61,2025-10-21 22:41:40.413406
synthetic_student_36,-0.663489337225692,2,False,38.34,0,0,0.39,2025-11-12 22:41:40.413421
synthetic_student_36,-1.174050213005323,7,False,39.79,1,1,0.56,2025-12-22 22:41:40.413434
synthetic_student_36,-0.38321041692568913,2,False,31.92,0,0,0.65,2025-12-04 22:41:40.413446
synthetic_student_36,-1.8352249636988778,6,False,23.97,0,0,0.42,2025-11-02 22:41:40.413459
synthetic_student_36,1.775916747050469,1,False,37.27,4,0,0.59,2025-10-31 22:41:40.413471
synthetic_student_36,1.8040055344888781,6,False,39.69,1,0,0.38,2025-11-17 22:41:40.413484
synthetic_student_36,0.7975491586043311,8,False,42.25,1,0,0.65,2026-01-08 22:41:40.413497
synthetic_student_36,-0.7063310279332136,3,False,27.6,0,0,0.65,2025-12-12 22:41:40.413510
synthetic_student_36,1.743842344657128,8,False,41.14,0,0,0.31,2025-11-15 22:41:40.413522
synthetic_student_36,-1.2317696253064372,9,True,25.16,0,0,0.86,2025-12-18 22:41:40.413535
synthetic_student_36,0.3762891246434714,5,False,38.37,0,0,0.43,2025-11-09 22:41:40.413547
synthetic_student_37,0.3140405129667112,9,False,36.0,0,0,0.51,2025-11-20 22:41:40.413561
synthetic_student_37,1.2877084521567008,6,False,42.64,2,0,0.69,2025-10-29 22:41:40.413573
synthetic_student_37,-1.6762208380009849,7,True,28.45,0,0,0.88,2025-11-09 22:41:40.413586
synthetic_student_37,-1.880046072069752,3,True,28.85,0,0,0.84,2025-12-10 22:41:40.413598
synthetic_student_37,0.8255227637909601,3,True,42.64,0,0,0.84,2025-12-28 22:41:40.413611
synthetic_student_37,-0.04191814709031405,7,False,35.97,1,0,0.63,2025-10-24 22:41:40.413624
synthetic_student_37,-0.6269749837978811,6,True,33.28,0,0,0.84,2025-12-24 22:41:40.413637
synthetic_student_37,-0.850332174524743,7,False,28.47,0,0,0.55,2025-10-21 22:41:40.413649
synthetic_student_37,-1.1673145251065464,2,True,19.07,0,0,0.75,2025-11-29 22:41:40.413664
synthetic_student_37,-1.0075962038698418,8,False,29.76,0,0,0.63,2025-12-25 22:41:40.413678
synthetic_student_37,-1.059381200341913,1,True,25.68,0,0,0.71,2025-12-12 22:41:40.413690
synthetic_student_37,-1.2882929340014302,8,True,25.42,0,0,0.82,2025-11-04 22:41:40.413708
synthetic_student_37,-0.7379265978928453,9,False,36.06,0,0,0.35,2025-11-11 22:41:40.413725
synthetic_student_37,-1.183682661700026,4,False,29.09,0,0,0.69,2025-11-17 22:41:40.413737
synthetic_student_37,0.5919944371870081,2,False,40.31,1,0,0.54,2025-12-01 22:41:40.413750
synthetic_student_37,-1.8771112462411805,10,True,28.68,0,0,0.86,2025-12-07 22:41:40.413763
synthetic_student_37,0.591543655115673,3,False,26.43,0,0,0.43,2025-11-20 22:41:40.413776
synthetic_student_37,0.7766488769285642,6,False,31.47,4,0,0.66,2025-11-15 22:41:40.413789
synthetic_student_37,1.8557260189865956,8,False,35.05,1,0,0.66,2026-01-18 22:41:40.413833
synthetic_student_37,1.8819908106022893,8,False,39.52,1,0,0.46,2025-12-05 22:41:40.413887
synthetic_student_37,-0.7377792521563222,5,False,33.05,0,0,0.58,2025-12-20 22:41:40.413904
synthetic_student_37,0.6886341052120599,9,False,30.51,0,0,0.57,2025-12-11 22:41:40.413919
synthetic_student_37,-0.3599036830625608,2,False,35.55,0,0,0.57,2025-12-17 22:41:40.413932
synthetic_student_37,-1.2262543811677826,3,True,26.91,0,0,0.92,2026-01-01 22:41:40.413945
synthetic_student_37,-0.7714795113739066,5,False,33.25,0,0,0.32,2025-11-25 22:41:40.413958
synthetic_student_37,-0.5963096524219651,6,False,25.35,0,0,0.35,2025-12-08 22:41:40.413974
synthetic_student_37,-0.06097223533789009,6,False,34.48,0,0,0.35,2025-12-13 22:41:40.413987
synthetic_student_37,-0.34679006736628804,6,False,27.14,0,0,0.34,2025-12-25 22:41:40.414002
synthetic_student_37,-1.7736325984025494,7,True,27.38,0,0,0.94,2026-01-02 22:41:40.414039
synthetic_student_37,-0.7942498008046002,8,False,21.93,0,0,0.51,2025-12-30 22:41:40.414380
synthetic_student_37,-1.1458305276527643,6,False,23.72,0,0,0.68,2025-12-20 22:41:40.414425
synthetic_student_37,-0.6625337169752923,10,False,28.75,0,0,0.63,2025-10-28 22:41:40.414517
synthetic_student_37,-0.9907082141051835,4,False,34.96,0,0,0.67,2026-01-02 22:41:40.414544
synthetic_student_37,-0.760880393648466,5,False,30.88,0,0,0.67,2026-01-01 22:41:40.414559
synthetic_student_37,0.7638345888077227,5,False,36.22,2,0,0.56,2026-01-15 22:41:40.414612
synthetic_student_37,-1.462814676895539,1,True,24.69,0,0,0.9,2025-11-13 22:41:40.414628
synthetic_student_37,-0.22320729606740475,6,True,33.37,1,0,0.93,2026-01-17 22:41:40.414642
synthetic_student_37,1.2622761712405137,4,False,42.96,1,0,0.41,2025-12-12 22:41:40.414655
synthetic_student_37,0.6217826282583268,3,False,32.92,0,0,0.52,2026-01-09 22:41:40.414734
synthetic_student_37,1.5080623457431859,2,False,33.9,1,0,0.49,2025-12-03 22:41:40.415215
synthetic_student_37,-0.2983494617731588,6,False,37.88,0,0,0.45,2025-11-20 22:41:40.415342
synthetic_student_37,1.3314964939732654,10,False,33.12,1,0,0.48,2025-10-22 22:41:40.415541
synthetic_student_37,-1.3404538718190881,3,True,22.9,1,0,0.98,2025-12-05 22:41:40.415773
synthetic_student_37,-0.08828799255638442,2,True,34.58,1,0,0.95,2025-10-29 22:41:40.415822
synthetic_student_37,1.6273600689458685,4,False,31.97,1,0,0.36,2025-12-17 22:41:40.415849
synthetic_student_37,-1.2703814170932444,8,True,18.7,0,0,0.89,2025-11-15 22:41:40.415874
synthetic_student_37,-0.7081669333442848,4,False,31.25,0,0,0.33,2025-12-01 22:41:40.415897
synthetic_student_37,-1.664036297177418,8,True,22.23,0,0,0.71,2025-10-24 22:41:40.415939
synthetic_student_37,1.8730249686611953,2,False,33.8,2,0,0.43,2025-12-23 22:41:40.415964
synthetic_student_37,-1.0198780074909775,7,False,35.11,0,0,0.57,2025-12-26 22:41:40.415987
synthetic_student_37,-0.4581732607488149,1,False,39.09,0,0,0.39,2025-10-29 22:41:40.416010
synthetic_student_37,1.4306039880834023,1,False,37.98,0,0,0.38,2026-01-11 22:41:40.416032
synthetic_student_37,-1.1501971981621537,9,False,33.84,0,0,0.67,2026-01-16 22:41:40.416055
synthetic_student_37,-1.955488951019416,8,False,18.87,0,0,0.43,2026-01-08 22:41:40.416077
synthetic_student_37,-1.3286975578630704,3,True,37.99,0,0,0.81,2025-12-14 22:41:40.416100
synthetic_student_37,1.193085966744614,7,False,31.01,1,1,0.35,2025-12-30 22:41:40.416122
synthetic_student_37,-0.19554342718181594,7,False,36.45,1,0,0.32,2025-11-16 22:41:40.416145
synthetic_student_37,1.9000634997064556,3,False,30.77,0,0,0.46,2025-11-12 22:41:40.416171
synthetic_student_37,0.21865093186619466,1,False,25.68,0,0,0.34,2025-11-07 22:41:40.416193
synthetic_student_37,1.3997737509746475,10,False,33.95,0,0,0.39,2025-12-07 22:41:40.416213
synthetic_student_37,1.2158826381581571,1,False,31.41,0,0,0.37,2025-11-19 22:41:40.416229
synthetic_student_37,-1.088735548489292,6,False,31.47,0,0,0.42,2025-10-27 22:41:40.416246
synthetic_student_37,0.7453848134570489,1,False,34.63,1,0,0.47,2025-12-28 22:41:40.416262
synthetic_student_37,0.20908948743367084,6,False,34.66,0,0,0.56,2025-12-06 22:41:40.416277
synthetic_student_37,0.33235082986423503,3,False,30.0,0,0,0.6,2025-12-31 22:41:40.416294
synthetic_student_37,-1.0640092735359858,10,True,30.73,0,0,0.83,2025-12-14 22:41:40.416310
synthetic_student_37,-1.2500779448658519,7,False,23.94,0,0,0.43,2025-11-04 22:41:40.416327
synthetic_student_37,-1.3618320036083618,8,True,33.13,0,0,0.8,2025-11-24 22:41:40.416346
synthetic_student_37,-0.7679793906174597,4,True,26.74,0,0,0.86,2025-12-31 22:41:40.416362
synthetic_student_37,0.04760758134551635,2,True,42.66,0,0,0.77,2025-11-20 22:41:40.416380
synthetic_student_37,-0.10378833591980552,1,True,37.15,0,0,0.74,2025-10-28 22:41:40.416396
synthetic_student_37,-1.8488458961980196,10,True,26.91,0,0,0.9,2026-01-15 22:41:40.416415
synthetic_student_37,-0.6855001077476954,5,False,37.1,1,0,0.55,2025-12-23 22:41:40.416433
synthetic_student_37,-1.5465841047885633,9,False,30.93,0,0,0.34,2025-12-15 22:41:40.416449
synthetic_student_37,0.31742575638735415,7,False,34.94,2,0,0.57,2025-11-23 22:41:40.416466
synthetic_student_37,1.4576525484652367,7,False,43.32,0,0,0.63,2025-11-02 22:41:40.416484
synthetic_student_37,-0.8775272300104757,4,False,29.6,1,0,0.6,2025-10-23 22:41:40.416502
synthetic_student_37,1.896149617334844,9,False,35.16,2,0,0.31,2025-11-29 22:41:40.416626
synthetic_student_37,0.01738334095687044,5,False,29.4,0,0,0.62,2026-01-07 22:41:40.416647
synthetic_student_37,-1.8002152898466872,6,False,32.45,0,0,0.63,2025-11-20 22:41:40.416659
synthetic_student_37,1.7157651599067272,6,True,36.0,0,0,0.87,2025-12-10 22:41:40.416673
synthetic_student_37,0.49988474605303557,9,False,25.98,0,0,0.48,2026-01-12 22:41:40.416686
synthetic_student_37,-0.8609653816258249,2,False,33.68,0,0,0.7,2026-01-10 22:41:40.416699
synthetic_student_37,-1.1046778618332724,9,True,32.67,0,0,0.88,2025-11-24 22:41:40.416711
synthetic_student_37,1.2294654686492357,4,False,28.38,1,1,0.61,2025-12-31 22:41:40.416725
synthetic_student_37,-1.8050278105590447,8,True,31.55,0,0,0.81,2025-12-12 22:41:40.416738
synthetic_student_37,-1.2315685656624749,4,True,28.84,0,0,0.93,2025-11-23 22:41:40.416753
synthetic_student_37,-0.809006521118814,1,True,38.69,0,0,0.89,2025-12-28 22:41:40.416766
synthetic_student_37,0.2517785124984031,1,False,35.78,0,0,0.36,2026-01-19 22:41:40.416781
synthetic_student_37,0.9314559386077375,5,False,37.56,0,0,0.61,2025-10-22 22:41:40.416794
synthetic_student_37,1.6820103209658028,4,False,36.46,1,0,0.64,2025-11-04 22:41:40.416807
synthetic_student_37,-1.1459444390184705,3,False,25.09,0,0,0.59,2025-10-25 22:41:40.416820
synthetic_student_37,0.16215997990441888,10,True,37.37,0,0,0.87,2025-11-02 22:41:40.416832
synthetic_student_37,0.7863253112714821,1,False,38.11,0,0,0.63,2025-12-08 22:41:40.416845
synthetic_student_37,-1.5217842684983731,8,True,24.86,0,0,0.8,2025-10-28 22:41:40.416858
synthetic_student_37,-0.5505767163250055,4,False,33.61,0,0,0.36,2026-01-05 22:41:40.416870
synthetic_student_37,1.9625749102403245,10,False,29.65,0,0,0.48,2025-12-21 22:41:40.416883
synthetic_student_37,-1.3217280039594006,4,False,24.83,0,0,0.49,2025-11-16 22:41:40.416895
synthetic_student_37,-1.389091859561618,1,True,23.61,0,0,1.0,2025-10-25 22:41:40.416909
synthetic_student_37,1.875000764153119,10,False,41.6,2,0,0.57,2025-11-18 22:41:40.416922
synthetic_student_38,-1.1905212755175114,9,True,17.03,0,1,0.85,2025-11-25 22:41:40.416937
synthetic_student_38,-0.8632436431936745,2,True,31.29,0,0,0.81,2026-01-09 22:41:40.416950
synthetic_student_38,-1.3488715818453274,6,True,28.08,0,0,0.94,2025-11-04 22:41:40.416964
synthetic_student_38,1.4208199115070688,1,False,44.2,0,0,0.66,2026-01-07 22:41:40.416976
synthetic_student_38,0.6095089883656004,3,True,32.69,0,0,0.88,2025-11-10 22:41:40.416989
synthetic_student_38,0.14330389465864846,2,True,26.28,3,0,0.94,2025-10-23 22:41:40.417003
synthetic_student_38,-1.972301201522975,3,True,20.08,0,0,0.85,2026-01-15 22:41:40.417017
synthetic_student_38,-0.05958577960756495,5,True,28.19,0,0,0.85,2025-12-27 22:41:40.417129
synthetic_student_38,-0.2513539727011298,1,False,23.89,0,0,0.32,2026-01-04 22:41:40.417158
synthetic_student_38,0.7152115507347676,7,False,29.78,0,0,0.54,2025-12-21 22:41:40.417174
synthetic_student_38,0.5347551192617757,6,True,29.71,0,0,0.75,2026-01-09 22:41:40.417188
synthetic_student_38,1.7532344349697024,7,False,28.18,1,0,0.63,2025-12-03 22:41:40.417202
synthetic_student_38,1.263302107320306,3,False,22.83,1,0,0.54,2025-12-14 22:41:40.417215
synthetic_student_38,0.8003875161161691,10,False,31.96,0,0,0.39,2025-12-08 22:41:40.417234
synthetic_student_38,0.30278421485697127,8,False,32.74,1,0,0.56,2025-12-25 22:41:40.417248
synthetic_student_38,1.4405367593830314,8,False,31.98,1,0,0.56,2025-11-01 22:41:40.417261
synthetic_student_38,0.9232521327662626,6,True,34.09,0,0,0.85,2025-11-08 22:41:40.417275
synthetic_student_38,1.9789158010077696,10,True,37.57,0,0,0.77,2026-01-18 22:41:40.417358
synthetic_student_38,1.5558410383357066,1,False,31.32,0,0,0.33,2025-11-22 22:41:40.417387
synthetic_student_38,-1.7431077310972785,9,True,35.27,0,0,0.72,2025-11-10 22:41:40.417404
synthetic_student_38,-1.2630213499920644,5,True,20.01,0,0,0.99,2025-11-05 22:41:40.417417
synthetic_student_38,-1.3714102509531956,3,False,25.29,0,0,0.65,2026-01-09 22:41:40.417431
synthetic_student_38,-0.16447747002859137,10,True,27.63,0,0,0.87,2025-12-28 22:41:40.417444
synthetic_student_38,-0.4429179101006433,10,True,23.67,0,0,0.9,2026-01-15 22:41:40.417458
synthetic_student_38,0.5930237547257811,10,True,31.87,0,0,0.76,2025-12-06 22:41:40.417472
synthetic_student_38,1.0785109650941305,2,False,36.42,0,0,0.38,2025-11-19 22:41:40.417488
synthetic_student_38,0.001921251638525412,1,False,23.21,0,0,0.43,2025-11-23 22:41:40.417506
synthetic_student_38,0.2096780565518821,7,False,28.79,1,1,0.44,2025-10-26 22:41:40.417520
synthetic_student_38,-1.6683329022155386,2,True,18.31,1,1,0.72,2025-12-14 22:41:40.417534
synthetic_student_38,1.0009578273235693,8,True,32.33,1,0,0.72,2025-11-04 22:41:40.417547
synthetic_student_38,-0.23308729184361,5,True,35.11,0,0,0.79,2025-12-23 22:41:40.417560
synthetic_student_38,0.6613792111725965,6,False,37.7,0,0,0.31,2025-12-19 22:41:40.417911
synthetic_student_38,-1.064070487983138,8,True,25.23,0,0,0.88,2026-01-11 22:41:40.417927
synthetic_student_38,1.2028534851125228,8,True,35.28,1,0,0.93,2025-11-13 22:41:40.417940
synthetic_student_38,-0.25296370590546813,2,True,30.65,0,0,0.79,2025-12-03 22:41:40.417954
synthetic_student_38,1.7474035845414941,4,False,33.85,1,0,0.58,2025-10-22 22:41:40.417967
synthetic_student_38,0.24347074466235297,1,False,30.7,0,0,0.58,2026-01-18 22:41:40.417981
synthetic_student_38,0.5445020015144495,8,True,27.98,1,0,0.98,2025-12-29 22:41:40.417994
synthetic_student_38,-0.3260580000453399,7,False,28.76,0,0,0.52,2025-11-06 22:41:40.418008
synthetic_student_38,0.3899696289185606,4,True,22.59,2,0,0.94,2025-12-10 22:41:40.418023
synthetic_student_38,1.4924544530909611,2,False,34.55,5,0,0.56,2025-12-02 22:41:40.418037
synthetic_student_38,1.3731564622778776,5,False,34.48,0,0,0.46,2025-12-17 22:41:40.418051
synthetic_student_38,0.7945285770490322,8,False,32.35,1,0,0.52,2025-11-07 22:41:40.418067
synthetic_student_38,-1.668987951101311,8,True,14.19,0,0,0.85,2026-01-14 22:41:40.418081
synthetic_student_38,-1.2610998946760223,4,False,24.21,0,0,0.58,2026-01-17 22:41:40.418099
synthetic_student_38,0.16463982590366788,6,False,31.01,0,0,0.44,2026-01-19 22:41:40.418156
synthetic_student_38,-1.4514633961540113,8,True,23.75,0,0,0.84,2025-12-05 22:41:40.418193
synthetic_student_38,0.846811216527148,8,False,30.07,1,0,0.55,2025-11-03 22:41:40.418207
synthetic_student_38,-0.24268998230095873,3,True,28.79,0,0,0.71,2025-12-02 22:41:40.418221
synthetic_student_38,1.1239549868699283,8,True,33.95,1,0,0.72,2025-12-01 22:41:40.418234
synthetic_student_38,1.8871407859762557,9,False,34.1,1,0,0.34,2025-11-01 22:41:40.418248
synthetic_student_38,1.0476543447654043,8,False,40.51,2,0,0.61,2025-12-07 22:41:40.418262
synthetic_student_38,1.20477280014177,7,False,38.2,1,0,0.59,2025-10-21 22:41:40.418280
synthetic_student_38,1.196968774893556,8,False,36.42,2,0,0.44,2025-12-19 22:41:40.418294
synthetic_student_38,-0.6724653918486982,4,True,30.3,0,0,0.98,2025-11-09 22:41:40.418307
synthetic_student_38,1.9007464566785477,7,False,33.66,0,0,0.44,2025-12-19 22:41:40.418327
synthetic_student_38,1.007006997186057,4,False,38.99,1,0,0.66,2026-01-09 22:41:40.418344
synthetic_student_38,1.1267223916200981,7,False,36.89,3,0,0.35,2025-12-23 22:41:40.418360
synthetic_student_38,0.8292668120023015,6,False,39.38,1,0,0.36,2025-10-31 22:41:40.418380
synthetic_student_38,-1.9032325705827593,3,True,10.76,0,0,0.95,2025-11-15 22:41:40.418403
synthetic_student_38,-1.7120576496032682,6,True,15.64,0,0,0.87,2025-11-02 22:41:40.418452
synthetic_student_38,-1.387832683687939,1,True,25.31,0,0,0.73,2026-01-04 22:41:40.418475
synthetic_student_38,0.6230565084194648,8,False,26.23,1,0,0.54,2025-11-28 22:41:40.418500
synthetic_student_38,0.14547398646954468,5,False,25.35,0,0,0.49,2025-12-04 22:41:40.418526
synthetic_student_38,-1.739176513410515,7,True,20.21,0,0,0.86,2026-01-10 22:41:40.418563
synthetic_student_38,1.5934253236209988,3,False,35.11,2,0,0.51,2025-11-10 22:41:40.418590
synthetic_student_38,0.8717254063536486,3,False,26.47,0,0,0.54,2025-11-01 22:41:40.418617
synthetic_student_38,-0.6851591246663467,9,False,19.66,1,0,0.32,2025-11-20 22:41:40.418645
synthetic_student_38,1.7870995043903357,3,False,38.83,1,0,0.68,2025-11-13 22:41:40.418663
synthetic_student_38,-1.0856687866126387,6,True,23.73,1,0,0.8,2025-12-22 22:41:40.418678
synthetic_student_38,1.7349537347567088,1,False,29.81,1,0,0.43,2025-11-12 22:41:40.418694
synthetic_student_38,-0.3004455021850263,8,True,28.99,2,0,0.78,2025-12-09 22:41:40.418708
synthetic_student_38,-0.1491465956687983,1,False,23.64,0,0,0.49,2025-12-11 22:41:40.418723
synthetic_student_38,0.3463986160026371,10,False,21.49,0,0,0.35,2025-12-11 22:41:40.418738
synthetic_student_38,0.18536894186831177,4,True,33.33,4,0,0.76,2025-11-25 22:41:40.418752
synthetic_student_38,1.71135371044271,8,False,35.56,0,0,0.38,2025-12-28 22:41:40.418767
synthetic_student_38,-0.5789146817873303,6,True,27.2,0,0,0.79,2025-11-26 22:41:40.418781
synthetic_student_38,1.799484450020079,9,True,29.86,1,0,0.71,2025-12-05 22:41:40.418794
synthetic_student_38,-1.113679404741743,1,False,18.34,0,0,0.61,2025-11-09 22:41:40.418808
synthetic_student_38,-0.3024768202119885,9,True,27.59,1,0,0.74,2025-10-23 22:41:40.418822
synthetic_student_38,-1.8296465320121835,10,True,23.81,0,0,0.91,2025-11-17 22:41:40.418836
synthetic_student_38,-1.4559098608192884,8,True,18.16,1,0,0.79,2025-11-11 22:41:40.418850
synthetic_student_38,-0.7146501371936438,7,True,25.88,1,0,0.9,2025-10-24 22:41:40.418864
synthetic_student_38,-0.24247764261972726,1,True,26.41,0,0,0.74,2025-12-02 22:41:40.418877
synthetic_student_38,-1.5074952265295662,2,True,25.06,0,0,0.98,2025-12-13 22:41:40.418896
synthetic_student_38,-0.14405994891486795,8,True,32.87,0,0,0.93,2025-11-18 22:41:40.418919
synthetic_student_38,1.5228373294376998,5,False,34.85,2,0,0.68,2025-12-03 22:41:40.418933
synthetic_student_38,0.15521801838742055,7,False,37.92,1,0,0.65,2025-12-13 22:41:40.418947
synthetic_student_38,0.7527476464637095,3,False,25.11,0,0,0.67,2025-11-07 22:41:40.418960
synthetic_student_38,1.0596983664239037,3,False,36.56,0,0,0.37,2025-11-29 22:41:40.418974
synthetic_student_38,-1.5609182959932015,10,False,22.86,0,0,0.47,2026-01-11 22:41:40.418987
synthetic_student_38,1.9344980682625286,3,False,40.36,1,0,0.47,2025-12-22 22:41:40.419000
synthetic_student_38,1.3738693031722877,4,False,32.08,1,0,0.6,2025-11-17 22:41:40.419013
synthetic_student_38,1.152540549340344,8,True,35.01,3,0,0.7,2025-12-31 22:41:40.419027
synthetic_student_38,-1.8389976316113907,2,True,24.09,0,0,0.75,2025-10-24 22:41:40.419040
synthetic_student_38,1.8554623670461798,1,False,33.31,0,0,0.38,2025-12-10 22:41:40.419053
synthetic_student_38,0.9144206363269807,9,True,29.74,0,0,0.78,2025-11-17 22:41:40.419067
synthetic_student_38,0.6034262190994806,10,True,30.57,2,0,0.97,2026-01-11 22:41:40.419080
synthetic_student_38,-1.54241885643314,7,False,28.79,0,0,0.45,2025-11-12 22:41:40.419094
synthetic_student_38,0.7791634894691901,10,True,39.04,0,0,0.95,2025-11-19 22:41:40.419108
synthetic_student_39,0.8891105362111751,3,True,27.83,0,0,0.71,2026-01-13 22:41:40.419192
synthetic_student_39,1.509396577572896,9,False,32.54,0,0,0.57,2025-10-28 22:41:40.419207
synthetic_student_39,-0.6169624280286703,9,True,15.41,0,0,0.85,2025-10-21 22:41:40.419220
synthetic_student_39,-0.9696516435787448,7,True,28.91,0,0,0.99,2025-12-22 22:41:40.419236
synthetic_student_39,1.4156387733266915,6,True,28.72,5,0,0.85,2025-12-14 22:41:40.419249
synthetic_student_39,-0.7054085814090025,5,True,14.69,1,0,0.91,2026-01-04 22:41:40.419262
synthetic_student_39,-0.5563690567393622,10,True,25.47,1,0,0.87,2025-11-26 22:41:40.419276
synthetic_student_39,0.49920474765242373,10,True,30.09,2,0,0.8,2025-10-27 22:41:40.419290
synthetic_student_39,0.40798979482375364,3,False,24.08,0,0,0.5,2025-12-27 22:41:40.419307
synthetic_student_39,-1.4893325926496574,9,True,17.44,1,0,0.94,2025-11-19 22:41:40.419322
synthetic_student_39,-0.7128039186880093,4,True,26.46,0,0,0.91,2025-10-28 22:41:40.419336
synthetic_student_39,-1.4651885604698678,4,True,23.82,0,0,0.76,2025-12-15 22:41:40.419359
synthetic_student_39,-0.27449920487161794,2,False,29.87,0,0,0.44,2026-01-01 22:41:40.419384
synthetic_student_39,-0.16860752782729804,9,True,16.94,0,0,0.89,2025-12-11 22:41:40.419401
synthetic_student_39,-1.7225536493960911,8,False,19.39,0,0,0.59,2025-11-20 22:41:40.419414
synthetic_student_39,-0.18000890366589095,7,True,26.43,0,0,0.73,2026-01-02 22:41:40.419427
synthetic_student_39,-1.76475070038234,5,True,19.18,0,0,0.83,2025-11-13 22:41:40.419442
synthetic_student_39,-0.06159962459103241,4,True,23.72,0,0,0.87,2025-12-05 22:41:40.419459
synthetic_student_39,0.616018580349956,9,False,26.92,0,0,0.66,2025-10-26 22:41:40.419473
synthetic_student_39,-1.4398187494768133,6,True,21.73,0,0,0.73,2026-01-09 22:41:40.419486
synthetic_student_39,-0.7197629507942227,9,True,13.57,0,0,0.8,2025-12-24 22:41:40.419500
synthetic_student_39,-0.6575683798192173,8,False,25.46,0,0,0.62,2026-01-07 22:41:40.419514
synthetic_student_39,-1.6483181514882155,4,True,20.28,0,0,0.97,2025-12-08 22:41:40.419528
synthetic_student_39,1.4403361519335536,3,False,30.64,3,1,0.33,2025-11-09 22:41:40.419546
synthetic_student_39,-0.9965438465031284,2,False,14.58,0,1,0.41,2025-12-10 22:41:40.419560
synthetic_student_39,-0.8491369682427288,4,True,25.0,0,0,0.71,2025-12-26 22:41:40.419574
synthetic_student_39,-0.6724194498117964,7,True,24.29,0,0,0.97,2025-11-03 22:41:40.419588
synthetic_student_39,1.7009785792789751,4,True,32.95,0,0,0.83,2026-01-15 22:41:40.419602
synthetic_student_39,-1.9014886930808141,1,True,22.76,0,0,0.74,2025-11-14 22:41:40.419618
synthetic_student_39,0.35737085634370613,7,True,23.66,0,0,0.81,2025-12-15 22:41:40.419631
synthetic_student_39,-0.6071413541014565,8,True,21.43,0,0,0.99,2025-12-06 22:41:40.419645
synthetic_student_39,0.3442381021914116,6,False,32.58,0,0,0.7,2025-12-21 22:41:40.419659
synthetic_student_39,-1.1390062021944898,3,True,17.41,0,0,0.8,2025-11-08 22:41:40.419674
synthetic_student_39,-0.32980891955494673,7,True,19.48,0,0,0.96,2025-11-07 22:41:40.419688
synthetic_student_39,-0.040457079400776585,2,True,17.51,0,0,0.81,2026-01-11 22:41:40.419701
synthetic_student_39,0.2834140822697955,10,False,24.21,2,0,0.48,2025-12-08 22:41:40.419714
synthetic_student_39,1.9509849788318574,10,False,32.53,2,0,0.69,2025-11-28 22:41:40.419727
synthetic_student_39,-0.1344410000886489,4,True,17.82,0,0,0.95,2025-12-08 22:41:40.419740
synthetic_student_39,-0.6312343376537592,8,True,17.99,1,0,0.93,2025-11-22 22:41:40.419753
synthetic_student_39,-0.7891668110966301,3,True,17.19,0,0,0.77,2025-11-14 22:41:40.419766
synthetic_student_39,1.7900665377142655,6,False,33.45,1,0,0.67,2025-12-01 22:41:40.419779
synthetic_student_39,-0.9924732708756201,9,True,14.61,0,0,0.89,2025-12-23 22:41:40.419795
synthetic_student_39,0.699560753240636,8,False,25.78,1,0,0.38,2026-01-12 22:41:40.419811
synthetic_student_39,1.6754966270640295,5,False,37.69,1,0,0.65,2025-12-24 22:41:40.419824
synthetic_student_39,1.0067466443136759,3,True,22.07,1,0,0.93,2025-11-16 22:41:40.419837
synthetic_student_39,-0.3735232848665637,3,True,13.2,1,0,0.72,2025-12-29 22:41:40.419851
synthetic_student_39,-1.2658958058472671,3,True,28.1,1,0,0.98,2025-12-22 22:41:40.419864
synthetic_student_39,1.9246479780254901,2,True,34.06,0,0,0.78,2026-01-18 22:41:40.419876
synthetic_student_39,0.1536228990706383,3,False,31.29,0,0,0.66,2025-12-19 22:41:40.419889
synthetic_student_39,0.07990934308411202,3,True,23.7,0,0,0.84,2025-10-27 22:41:40.419902
synthetic_student_39,1.5081560232975644,5,False,28.27,2,0,0.62,2025-11-24 22:41:40.419915
synthetic_student_39,1.5482587664237033,6,True,28.91,0,0,0.91,2025-12-09 22:41:40.419928
synthetic_student_39,0.3374229217226459,7,True,35.48,0,0,0.86,2025-11-13 22:41:40.419941
synthetic_student_39,1.5317946963535394,7,True,23.75,2,0,0.76,2025-12-13 22:41:40.419955
synthetic_student_39,-1.1804690712813009,10,True,21.38,1,0,0.91,2026-01-15 22:41:40.419968
synthetic_student_39,1.6845607396030426,4,False,24.42,1,0,0.56,2025-11-24 22:41:40.419981
synthetic_student_39,0.6861326993771062,5,True,18.5,0,0,0.73,2026-01-19 22:41:40.419994
synthetic_student_39,1.7187588451029492,1,False,33.66,0,0,0.41,2025-11-06 22:41:40.420008
synthetic_student_39,-1.7503740277764392,10,False,13.69,0,0,0.53,2026-01-05 22:41:40.420021
synthetic_student_39,1.4448097942032914,3,True,35.42,1,0,0.75,2025-12-11 22:41:40.420035
synthetic_student_39,0.4362512516627306,1,False,19.74,1,0,0.62,2025-11-22 22:41:40.420049
synthetic_student_39,-0.9259293666177277,8,False,18.0,0,0,0.36,2026-01-19 22:41:40.420062
synthetic_student_39,0.3187110099239172,4,True,23.09,1,0,0.75,2026-01-05 22:41:40.420077
synthetic_student_39,-0.37747278610712254,4,True,14.12,0,0,0.78,2025-12-23 22:41:40.420090
synthetic_student_39,1.7195753585387403,10,True,24.56,1,0,0.97,2025-11-24 22:41:40.420104
synthetic_student_39,-1.872830831309849,10,False,5.4,0,0,0.53,2025-10-30 22:41:40.420132
synthetic_student_39,-1.3617718502223637,4,True,17.02,0,0,0.78,2025-11-02 22:41:40.420147
synthetic_student_39,0.764547313551974,2,True,25.79,0,0,0.83,2026-01-15 22:41:40.420160
synthetic_student_39,1.0989108631981575,3,False,34.17,0,0,0.36,2025-11-19 22:41:40.420173
synthetic_student_39,0.7301112309696318,8,False,24.32,0,0,0.44,2025-11-01 22:41:40.420187
synthetic_student_39,-0.3496547869285802,2,True,32.21,0,0,0.72,2026-01-16 22:41:40.420200
synthetic_student_39,-1.2880586106041831,3,True,10.4,0,0,0.82,2026-01-11 22:41:40.420213
synthetic_student_39,0.6439941111990932,8,False,21.81,0,0,0.53,2026-01-05 22:41:40.420226
synthetic_student_39,0.4982289649372911,4,True,24.44,0,0,0.91,2025-12-24 22:41:40.420240
synthetic_student_39,-0.8706681977902688,3,True,25.04,1,0,0.73,2025-10-21 22:41:40.420254
synthetic_student_39,1.595074947263984,9,False,28.24,0,0,0.33,2026-01-12 22:41:40.420267
synthetic_student_39,-0.8031866434043211,4,True,25.09,0,0,0.9,2025-12-22 22:41:40.420280
synthetic_student_39,1.481171362632392,5,False,30.16,0,0,0.46,2025-12-15 22:41:40.420293
synthetic_student_39,-0.660744983361949,6,True,21.68,0,0,0.8,2025-11-23 22:41:40.420306
synthetic_student_39,1.1432040222594777,7,True,24.98,0,0,0.87,2026-01-10 22:41:40.420319
synthetic_student_39,0.39954182933266624,3,False,22.18,0,0,0.43,2025-11-01 22:41:40.420335
synthetic_student_39,0.297448509439294,2,False,24.21,0,0,0.5,2025-11-24 22:41:40.420351
synthetic_student_39,-1.831990014215493,6,True,7.59,0,0,0.84,2025-11-29 22:41:40.420365
synthetic_student_39,1.3957269326541746,3,True,27.47,2,0,0.76,2025-12-27 22:41:40.420383
synthetic_student_39,-1.735496122371201,7,True,20.73,0,0,0.93,2026-01-07 22:41:40.420401
synthetic_student_39,1.7255591554776863,3,True,32.86,1,0,0.91,2026-01-03 22:41:40.420416
synthetic_student_39,-0.9646397567829132,9,True,20.16,0,0,0.77,2025-11-01 22:41:40.420430
synthetic_student_39,-0.7111907970652847,3,True,16.63,0,0,0.81,2025-11-02 22:41:40.420444
synthetic_student_39,-0.6650078259222321,1,False,29.57,0,0,0.39,2025-11-30 22:41:40.420460
synthetic_student_39,1.664550292986008,4,False,31.92,1,1,0.31,2025-11-05 22:41:40.420475
synthetic_student_39,1.2799381979420859,9,False,25.32,0,0,0.58,2026-01-02 22:41:40.420490
synthetic_student_39,-1.721098082253587,4,True,23.22,0,0,0.84,2025-12-08 22:41:40.420505
synthetic_student_39,0.807053002583511,10,False,22.85,1,0,0.31,2025-11-22 22:41:40.420521
synthetic_student_39,0.49787278909479005,9,True,16.47,1,0,0.82,2025-11-13 22:41:40.420537
synthetic_student_39,1.2274450237151888,5,True,26.25,3,0,0.95,2025-11-01 22:41:40.420552
synthetic_student_39,1.7997119007060323,7,False,31.1,1,0,0.59,2026-01-19 22:41:40.420570
synthetic_student_39,-0.04062620185684196,7,True,18.67,0,0,0.73,2025-12-25 22:41:40.420584
synthetic_student_39,0.4821793947679005,6,True,28.37,0,0,0.82,2025-12-28 22:41:40.420598
synthetic_student_39,-0.19583529325609383,3,True,26.35,1,0,0.73,2026-01-17 22:41:40.420614
synthetic_student_39,0.987753376390204,5,True,23.06,1,0,0.84,2025-12-06 22:41:40.420628
synthetic_student_40,-0.5298892088078349,1,False,22.62,0,0,0.7,2025-11-25 22:41:40.420646
synthetic_student_40,-0.7670560483760016,7,False,24.81,1,0,0.46,2026-01-16 22:41:40.420668
synthetic_student_40,-1.6581743261537345,4,True,19.53,0,0,0.8,2025-12-29 22:41:40.420684
synthetic_student_40,0.5956417193414265,6,False,28.36,0,0,0.39,2026-01-11 22:41:40.420699
synthetic_student_40,-0.5373292915387622,2,True,29.02,0,0,0.88,2025-10-21 22:41:40.420713
synthetic_student_40,0.24031903782165553,2,True,30.57,0,0,0.77,2025-11-26 22:41:40.420727
synthetic_student_40,0.9668641167121041,6,False,29.77,0,0,0.69,2025-11-03 22:41:40.420741
synthetic_student_40,-0.4109705838656388,5,False,33.22,1,0,0.67,2025-11-07 22:41:40.420756
synthetic_student_40,0.3232157513282563,2,True,30.22,0,0,0.92,2025-12-27 22:41:40.420772
synthetic_student_40,-0.7879130653153963,4,False,29.48,0,1,0.44,2025-12-30 22:41:40.420787
synthetic_student_40,-0.04878023331402748,6,True,29.15,0,0,1.0,2025-11-09 22:41:40.420801
synthetic_student_40,-1.3522583293998798,7,True,22.19,1,0,0.71,2026-01-02 22:41:40.420815
synthetic_student_40,1.065856038447861,2,False,39.79,0,0,0.53,2026-01-13 22:41:40.420833
synthetic_student_40,1.675072377886135,7,False,30.45,1,0,0.49,2025-10-25 22:41:40.420846
synthetic_student_40,0.9615437325220406,4,True,26.57,1,0,0.83,2025-11-19 22:41:40.420860
synthetic_student_40,-1.6002979396615569,4,True,18.24,0,0,0.93,2025-12-03 22:41:40.420874
synthetic_student_40,-1.297914953308355,6,True,18.47,0,0,0.77,2025-11-07 22:41:40.420887
synthetic_student_40,0.36282690474049906,5,True,27.28,0,1,0.79,2025-12-30 22:41:40.420900
synthetic_student_40,-0.05443948598675208,1,True,33.66,0,0,0.95,2026-01-17 22:41:40.420913
synthetic_student_40,-0.26805784224339524,9,False,24.79,0,0,0.4,2025-10-27 22:41:40.420926
synthetic_student_40,-0.21996627596715035,4,True,26.82,0,0,0.94,2025-12-09 22:41:40.420941
synthetic_student_40,1.492690957332743,9,False,32.25,0,0,0.49,2025-12-03 22:41:40.420954
synthetic_student_40,-0.6911669950992732,9,True,23.58,0,0,0.91,2025-11-07 22:41:40.420968
synthetic_student_40,-0.8832343141368173,9,True,16.8,0,0,0.96,2025-12-07 22:41:40.420981
synthetic_student_40,-0.0801888162670199,1,False,23.47,0,0,0.63,2025-11-03 22:41:40.421038
synthetic_student_40,-0.1364148966697174,3,False,29.25,0,0,0.56,2025-12-02 22:41:40.421056
synthetic_student_40,-0.12755588452838706,1,True,27.71,1,0,0.72,2025-12-13 22:41:40.421070
synthetic_student_40,-1.888213193584075,3,True,23.89,0,0,0.93,2025-11-26 22:41:40.421083
synthetic_student_40,-0.17767358604641004,5,False,31.52,1,0,0.6,2025-12-27 22:41:40.421096
synthetic_student_40,0.16782631194959885,6,True,27.34,2,0,0.74,2025-12-29 22:41:40.421110
synthetic_student_40,1.9072339376338432,5,True,37.38,0,0,0.82,2025-10-26 22:41:40.421123
synthetic_student_40,-1.8641955953072444,7,True,19.42,0,0,0.87,2025-12-29 22:41:40.421136
synthetic_student_40,0.763240842977595,4,False,32.33,0,0,0.7,2026-01-18 22:41:40.421149
synthetic_student_40,1.658523710862073,1,False,30.97,1,0,0.39,2025-12-15 22:41:40.421162
synthetic_student_40,1.4922355925924302,10,True,32.08,0,0,0.84,2025-11-06 22:41:40.421176
synthetic_student_40,-0.9654825810349021,1,True,18.97,1,0,0.76,2026-01-06 22:41:40.421189
synthetic_student_40,0.9983544857960678,6,False,31.41,0,0,0.61,2025-12-10 22:41:40.421202
synthetic_student_40,1.1146857227137543,2,False,36.42,1,0,0.51,2025-12-25 22:41:40.421215
synthetic_student_40,0.7860452896744281,2,True,27.76,0,0,0.91,2025-11-29 22:41:40.421228
synthetic_student_40,-0.7986418103813349,8,True,19.14,0,0,0.94,2026-01-07 22:41:40.421241
synthetic_student_40,0.057485067932363076,6,True,32.11,0,0,0.95,2026-01-05 22:41:40.421279
synthetic_student_40,-1.395217766427987,8,True,23.68,1,0,0.77,2025-11-25 22:41:40.421293
synthetic_student_40,1.1596873289639875,3,False,36.81,0,0,0.42,2026-01-08 22:41:40.421306
synthetic_student_40,-0.9460579887255709,5,True,28.25,0,0,0.83,2025-11-15 22:41:40.421323
synthetic_student_40,-1.5735754955364891,1,False,18.86,0,0,0.34,2025-12-05 22:41:40.421337
synthetic_student_40,1.6594098206298198,9,True,31.84,1,0,0.74,2025-12-16 22:41:40.421350
synthetic_student_40,-1.5302796339779663,9,True,18.83,0,0,0.9,2025-11-29 22:41:40.421363
synthetic_student_40,0.17182253319814356,5,False,25.92,1,0,0.53,2025-12-02 22:41:40.421376
synthetic_student_40,-1.9702560967943485,4,True,21.66,0,0,0.79,2026-01-01 22:41:40.421389
synthetic_student_40,1.8741781531729003,3,True,29.49,1,0,0.92,2025-12-26 22:41:40.421403
synthetic_student_40,-0.6380604232105052,2,True,21.02,1,0,0.79,2025-11-17 22:41:40.421416
synthetic_student_40,-0.8126644416944453,8,True,19.72,1,0,0.76,2025-12-30 22:41:40.421429
synthetic_student_40,0.05814993594381246,2,False,30.12,0,0,0.44,2025-12-30 22:41:40.421442
synthetic_student_40,-0.262103368620751,9,False,21.55,0,0,0.58,2025-12-03 22:41:40.421455
synthetic_student_40,0.8311008686336225,2,False,24.63,0,0,0.32,2025-11-03 22:41:40.421469
synthetic_student_40,-1.1818843057300232,4,True,16.68,0,0,0.71,2025-11-26 22:41:40.421482
synthetic_student_40,1.3998659476942028,7,False,33.0,1,0,0.36,2025-11-10 22:41:40.421496
synthetic_student_40,0.4237774021577314,4,False,21.56,1,0,0.51,2026-01-11 22:41:40.421509
synthetic_student_40,-1.4976392912780234,1,False,28.01,0,0,0.65,2026-01-07 22:41:40.421522
synthetic_student_40,0.5667107273795762,2,True,21.76,0,0,0.92,2025-11-08 22:41:40.421539
synthetic_student_40,-0.65689366230152,6,True,26.28,0,0,0.77,2025-11-02 22:41:40.421553
synthetic_student_40,-0.8332690969398469,2,True,20.91,0,0,0.93,2025-11-18 22:41:40.421566
synthetic_student_40,0.7759775099959922,2,True,29.28,0,1,0.95,2025-12-27 22:41:40.421579
synthetic_student_40,1.4769388746833036,7,True,36.16,0,0,0.87,2025-11-28 22:41:40.421592
synthetic_student_40,-1.8949483525768787,1,False,22.99,0,0,0.53,2026-01-06 22:41:40.421606
synthetic_student_40,-0.9035577431937369,9,True,21.35,0,0,0.91,2025-11-02 22:41:40.421619
synthetic_student_40,-0.2533836220795842,4,True,34.04,0,1,0.76,2025-11-01 22:41:40.421659
synthetic_student_40,-1.4739590704055345,2,True,12.9,0,0,0.88,2025-11-20 22:41:40.421673
synthetic_student_40,0.25901281185154224,9,True,27.51,2,0,0.77,2025-11-06 22:41:40.421691
synthetic_student_40,1.6626229449968868,1,False,36.2,0,0,0.39,2025-10-25 22:41:40.421705
synthetic_student_40,-0.27702676788645597,4,True,27.12,0,0,1.0,2025-12-20 22:41:40.421718
synthetic_student_40,-0.6192434587267708,7,True,22.91,0,0,0.85,2025-12-31 22:41:40.421731
synthetic_student_40,-0.34119021120711723,7,True,29.77,0,0,0.79,2025-11-01 22:41:40.421744
synthetic_student_40,1.2617189598090675,6,True,30.8,0,0,0.95,2025-12-03 22:41:40.421758
synthetic_student_40,1.7433923002350338,6,True,40.05,5,0,0.87,2025-11-22 22:41:40.421771
synthetic_student_40,-0.19451761138247603,1,True,26.03,0,0,0.72,2025-10-29 22:41:40.421784
synthetic_student_40,-0.966779856944084,1,True,23.04,0,0,0.92,2025-11-05 22:41:40.421797
synthetic_student_40,0.5344181585413148,10,True,35.25,0,0,0.96,2025-11-21 22:41:40.421811
synthetic_student_40,-0.025424129978513843,4,True,28.0,0,0,0.87,2026-01-13 22:41:40.421824
synthetic_student_40,1.7817877129594368,8,True,26.36,0,0,0.99,2025-11-09 22:41:40.421843
synthetic_student_40,1.443872785460024,3,False,30.4,3,0,0.55,2025-10-22 22:41:40.421856
synthetic_student_40,-1.840701158875699,2,True,24.65,0,0,0.83,2025-12-04 22:41:40.421871
synthetic_student_40,-0.8433850436700325,10,True,22.83,1,0,0.87,2025-11-28 22:41:40.421885
synthetic_student_40,-0.03462997087444508,10,True,27.74,0,0,0.83,2025-12-25 22:41:40.421903
synthetic_student_40,0.8018628600727338,2,False,32.32,1,0,0.62,2025-10-21 22:41:40.421917
synthetic_student_40,-0.5302367138428603,7,False,23.55,0,0,0.59,2025-10-22 22:41:40.421930
synthetic_student_40,0.8552283346750515,8,True,33.18,1,0,0.75,2025-10-21 22:41:40.421943
synthetic_student_40,0.6582721257189776,9,False,37.9,0,0,0.58,2025-11-27 22:41:40.421956
synthetic_student_40,1.2724685293095939,2,True,22.74,0,0,0.94,2026-01-04 22:41:40.421969
synthetic_student_40,1.166447067257692,3,True,32.21,1,0,0.84,2025-11-25 22:41:40.421982
synthetic_student_40,-0.32842842303817177,8,False,14.44,0,0,0.4,2025-11-27 22:41:40.421995
synthetic_student_40,-1.578748835053808,2,True,21.34,0,0,0.97,2026-01-08 22:41:40.422008
synthetic_student_40,1.2975969053918583,8,False,29.96,0,0,0.46,2026-01-04 22:41:40.422021
synthetic_student_40,-1.1785094451821125,9,True,17.45,0,0,0.96,2025-12-24 22:41:40.422035
synthetic_student_40,-0.8525118163107632,2,True,23.57,0,1,0.72,2025-12-31 22:41:40.422048
synthetic_student_40,1.4719094345820345,3,False,35.55,0,0,0.61,2025-12-29 22:41:40.422061
synthetic_student_40,-0.489654929399741,10,True,30.83,0,0,0.73,2025-10-23 22:41:40.422074
synthetic_student_40,1.4888765925946004,2,False,37.75,0,0,0.45,2025-10-23 22:41:40.422091
synthetic_student_40,-0.7657755517718594,4,True,24.02,0,0,0.74,2025-12-31 22:41:40.422106
synthetic_student_40,-0.6594735801731759,4,True,19.82,1,0,0.81,2026-01-05 22:41:40.422120
synthetic_student_41,1.3962390845379407,1,False,33.66,1,0,0.37,2025-10-23 22:41:40.422135
synthetic_student_41,0.8649070755740871,2,True,40.01,0,0,0.89,2025-12-21 22:41:40.422148
synthetic_student_41,1.9907998481108296,3,False,41.19,1,1,0.59,2025-11-15 22:41:40.422161
synthetic_student_41,1.4631727440756088,3,False,32.2,2,0,0.32,2025-12-13 22:41:40.422175
synthetic_student_41,-1.3222798410567012,9,True,27.43,0,0,0.79,2025-12-02 22:41:40.422188
synthetic_student_41,1.8356403694456311,8,False,40.2,0,0,0.48,2025-11-22 22:41:40.422201
synthetic_student_41,1.028298697750997,8,False,36.86,0,1,0.37,2025-10-22 22:41:40.422214
synthetic_student_41,-1.6805488576049257,4,True,19.51,0,1,0.77,2026-01-11 22:41:40.422229
synthetic_student_41,-1.2273084214451147,5,True,29.12,0,0,0.99,2025-11-14 22:41:40.422243
synthetic_student_41,-0.5730915430305328,8,False,30.07,0,0,0.31,2026-01-11 22:41:40.422256
synthetic_student_41,1.8364060753258893,2,False,36.9,0,0,0.44,2025-11-25 22:41:40.422269
synthetic_student_41,-0.3477454114535332,7,False,21.08,0,1,0.38,2026-01-08 22:41:40.422285
synthetic_student_41,0.204008061177269,8,False,34.2,0,0,0.34,2025-11-17 22:41:40.422299
synthetic_student_41,-0.590214180617644,3,False,29.39,0,0,0.47,2025-12-15 22:41:40.422313
synthetic_student_41,-1.0039367898159561,2,False,28.42,1,1,0.6,2025-12-23 22:41:40.422326
synthetic_student_41,-0.8772923510572301,3,True,26.05,0,0,0.94,2025-12-20 22:41:40.422340
synthetic_student_41,-0.4665533615931641,7,False,26.53,0,0,0.44,2025-12-25 22:41:40.422354
synthetic_student_41,-0.8473753609767725,8,True,33.0,0,1,0.77,2025-10-27 22:41:40.422367
synthetic_student_41,-0.1255350812481133,1,False,35.4,1,0,0.4,2025-12-14 22:41:40.422383
synthetic_student_41,1.5984107125686564,6,False,42.73,2,0,0.6,2025-12-26 22:41:40.422396
synthetic_student_41,-0.5366619168161999,4,False,35.3,1,0,0.34,2025-11-25 22:41:40.422410
synthetic_student_41,-0.8022701178828835,1,False,33.75,0,0,0.68,2025-12-12 22:41:40.422423
synthetic_student_41,0.8516747674381575,5,False,39.38,2,0,0.43,2026-01-12 22:41:40.422437
synthetic_student_41,-0.4904565317549028,3,True,28.03,1,0,0.76,2025-11-13 22:41:40.422451
synthetic_student_41,-0.4226560997612565,8,True,30.25,2,0,0.77,2025-11-10 22:41:40.422464
synthetic_student_41,-1.3945543835874066,1,False,24.61,1,0,0.57,2025-11-03 22:41:40.422483
synthetic_student_41,-1.0786466616568036,7,False,25.13,0,0,0.61,2025-12-27 22:41:40.422496
synthetic_student_41,0.22142521217005307,2,True,36.93,0,0,0.9,2025-12-14 22:41:40.422510
synthetic_student_41,0.6440413640567559,9,False,48.78,1,0,0.33,2026-01-11 22:41:40.422523
synthetic_student_41,1.6781572539970355,5,False,37.25,3,1,0.44,2025-12-26 22:41:40.422537
synthetic_student_41,-0.227411269874497,5,False,40.66,0,1,0.65,2025-12-02 22:41:40.422551
synthetic_student_41,-0.4745052809474428,8,False,30.19,1,0,0.45,2025-12-18 22:41:40.422565
synthetic_student_41,-1.9614511058014439,9,True,20.54,0,0,0.85,2026-01-09 22:41:40.422579
synthetic_student_41,-1.192846043215106,1,False,30.49,0,0,0.62,2026-01-09 22:41:40.422593
synthetic_student_41,0.2267988128908467,9,True,22.21,1,0,0.83,2026-01-02 22:41:40.422607
synthetic_student_41,-1.6654645054111872,9,True,19.47,0,0,0.86,2025-12-20 22:41:40.422622
synthetic_student_41,-0.6036581175992146,2,False,33.18,0,0,0.62,2025-12-22 22:41:40.422656
synthetic_student_41,0.9062999930532238,2,False,32.54,0,1,0.36,2025-12-01 22:41:40.422673
synthetic_student_41,-1.2688699663915592,6,True,15.49,0,1,0.96,2025-12-18 22:41:40.422687
synthetic_student_41,1.1179206258424004,10,True,37.23,1,0,0.9,2025-11-27 22:41:40.422702
synthetic_student_41,0.05035664963486042,7,False,25.16,1,0,0.54,2025-11-27 22:41:40.422717
synthetic_student_41,0.6031115807590761,5,False,32.07,1,0,0.36,2025-10-31 22:41:40.422731
synthetic_student_41,-1.560117021875692,10,False,22.0,0,1,0.4,2025-12-03 22:41:40.422746
synthetic_student_41,0.7318512756128142,7,False,24.58,2,0,0.39,2025-11-18 22:41:40.422761
synthetic_student_41,0.9909704771699981,8,False,42.91,0,1,0.51,2025-12-04 22:41:40.422776
synthetic_student_41,-0.6569654438282893,3,False,31.38,2,1,0.43,2025-11-22 22:41:40.422790
synthetic_student_41,0.3626953054665125,3,False,36.35,1,0,0.58,2025-11-03 22:41:40.422805
synthetic_student_41,-0.8421040363212078,9,False,26.71,0,1,0.59,2025-11-30 22:41:40.422819
synthetic_student_41,0.5009209857543415,2,False,38.45,1,0,0.5,2026-01-16 22:41:40.422834
synthetic_student_41,1.3762065876035345,3,True,39.47,0,0,0.97,2025-12-08 22:41:40.422849
synthetic_student_41,1.0152809871880408,4,False,34.24,0,0,0.62,2025-12-14 22:41:40.422863
synthetic_student_41,0.2879246684868271,7,False,37.73,1,0,0.69,2025-12-31 22:41:40.422878
synthetic_student_41,0.8135946660882136,9,False,37.16,0,0,0.46,2025-11-08 22:41:40.422892
synthetic_student_41,0.6675284640392181,9,False,30.97,0,0,0.54,2025-11-07 22:41:40.422909
synthetic_student_41,1.7579709130978336,9,False,32.27,0,0,0.34,2025-12-27 22:41:40.422923
synthetic_student_41,1.3180401751892226,2,False,28.34,0,1,0.69,2025-12-05 22:41:40.422937
synthetic_student_41,-1.4935258399370759,6,False,27.85,0,0,0.59,2025-11-07 22:41:40.422951
synthetic_student_41,-1.6342048423143498,2,True,20.21,0,0,0.94,2025-11-03 22:41:40.422968
synthetic_student_41,-1.2531198681805544,2,True,20.04,0,0,0.77,2025-12-02 22:41:40.422983
synthetic_student_41,-0.3263990179872005,6,True,35.74,0,0,0.76,2026-01-06 22:41:40.422997
synthetic_student_41,-1.9025540574009767,7,False,21.36,0,1,0.39,2025-10-24 22:41:40.423012
synthetic_student_41,1.8785993577760185,5,False,43.68,0,0,0.32,2026-01-10 22:41:40.423027
synthetic_student_41,-0.7154771828929696,5,False,29.94,0,0,0.61,2025-12-04 22:41:40.423041
synthetic_student_41,0.09465046391976184,10,True,39.01,0,0,0.84,2025-12-29 22:41:40.423055
synthetic_student_41,-1.146362394603048,10,False,25.08,0,0,0.42,2025-11-24 22:41:40.423069
synthetic_student_41,1.4108524826809128,9,False,32.01,1,0,0.35,2025-12-29 22:41:40.423086
synthetic_student_41,-0.7732581570118304,5,True,30.37,1,0,0.76,2025-11-05 22:41:40.423100
synthetic_student_41,-1.3058561754845437,10,True,30.43,0,1,0.78,2025-10-31 22:41:40.423116
synthetic_student_41,0.031001696393356593,4,False,31.23,0,0,0.51,2025-11-05 22:41:40.423130
synthetic_student_41,-0.4322293097318388,5,False,24.45,1,0,0.43,2025-12-28 22:41:40.423158
synthetic_student_41,-0.22703430661319368,10,False,30.34,2,0,0.34,2026-01-11 22:41:40.423173
synthetic_student_41,1.2226278118641902,4,False,30.24,1,0,0.41,2025-12-17 22:41:40.423189
synthetic_student_41,-0.3731948724552714,10,False,30.52,1,0,0.57,2026-01-05 22:41:40.423203
synthetic_student_41,-1.874613430311844,6,True,25.3,0,0,0.95,2025-11-13 22:41:40.423218
synthetic_student_41,-0.6924053269899462,3,False,21.8,0,0,0.42,2026-01-05 22:41:40.423233
synthetic_student_41,1.5427097627310746,4,False,34.54,0,0,0.49,2025-11-18 22:41:40.423247
synthetic_student_41,1.9083271295849076,2,False,44.04,0,0,0.43,2025-12-24 22:41:40.423264
synthetic_student_41,-1.5502079402217417,2,True,25.09,0,0,0.8,2025-11-24 22:41:40.423278
synthetic_student_41,1.7564355237615525,2,False,34.27,0,0,0.34,2025-11-07 22:41:40.423293
synthetic_student_41,0.8717660621079193,9,False,35.73,1,0,0.3,2025-12-19 22:41:40.423307
synthetic_student_41,0.25742591149385863,4,False,31.87,0,0,0.38,2026-01-02 22:41:40.423322
synthetic_student_41,-1.1463160429662151,9,True,25.15,1,0,0.93,2025-12-15 22:41:40.423336
synthetic_student_41,-0.0715945078063247,1,False,41.92,0,0,0.66,2026-01-08 22:41:40.423352
synthetic_student_41,1.4943115236384483,6,True,43.51,0,0,0.73,2025-12-26 22:41:40.423366
synthetic_student_41,1.9273171014579829,2,True,41.89,2,0,0.73,2025-11-25 22:41:40.423381
synthetic_student_41,-1.0996802721006849,3,True,25.39,0,0,0.72,2025-11-02 22:41:40.423395
synthetic_student_41,1.9661476367902422,2,True,36.59,0,0,0.96,2025-10-30 22:41:40.423410
synthetic_student_41,-1.0663857143404107,10,True,37.59,1,0,0.96,2025-12-17 22:41:40.423424
synthetic_student_41,0.5240944429087064,4,False,27.94,0,0,0.56,2026-01-07 22:41:40.423439
synthetic_student_41,0.022858357300469034,8,True,31.05,0,0,0.97,2025-12-07 22:41:40.423453
synthetic_student_41,-0.23353841824741117,5,True,26.68,0,0,0.95,2025-10-30 22:41:40.423468
synthetic_student_41,1.8841967346355477,8,False,36.18,1,0,0.44,2025-10-24 22:41:40.423482
synthetic_student_41,0.052548578843072846,6,True,31.02,0,0,1.0,2025-11-10 22:41:40.423497
synthetic_student_41,-0.4028737683317778,9,True,36.64,0,0,0.73,2025-11-10 22:41:40.423511
synthetic_student_41,1.6891844998812608,1,False,35.95,0,0,0.59,2026-01-09 22:41:40.423526
synthetic_student_41,0.1522513979957525,1,False,41.47,0,0,0.38,2026-01-07 22:41:40.423544
synthetic_student_41,0.31918444203488816,6,False,33.1,2,0,0.39,2025-11-15 22:41:40.423561
synthetic_student_41,-1.8191660376551049,9,True,29.42,0,0,0.9,2025-12-10 22:41:40.423575
synthetic_student_41,1.228091216811213,8,False,35.38,0,0,0.52,2026-01-05 22:41:40.423590
synthetic_student_41,0.23469542145365363,2,True,40.83,0,0,0.81,2026-01-06 22:41:40.423604
synthetic_student_42,-0.8279579566929032,10,True,27.55,0,0,0.7,2025-10-21 22:41:40.423619
synthetic_student_42,-0.31865773846543766,8,False,27.46,1,0,0.56,2025-12-30 22:41:40.423634
synthetic_student_42,1.7561026146452896,2,False,41.31,3,0,0.45,2025-10-31 22:41:40.423649
synthetic_student_42,0.8128972644067476,2,False,39.81,2,0,0.65,2026-01-09 22:41:40.423664
synthetic_student_42,-0.1942192192984482,2,False,32.54,0,0,0.42,2025-11-09 22:41:40.423679
synthetic_student_42,1.4926468651164764,4,False,51.65,0,0,0.48,2025-11-17 22:41:40.423693
synthetic_student_42,0.5147787377847806,10,True,34.94,1,0,0.88,2025-11-05 22:41:40.423707
synthetic_student_42,-1.0913165060362986,4,True,29.75,0,0,0.76,2026-01-15 22:41:40.423721
synthetic_student_42,0.665742134547938,5,False,42.22,1,0,0.68,2026-01-08 22:41:40.423735
synthetic_student_42,1.8586108869857485,5,False,39.49,2,0,0.49,2025-10-27 22:41:40.423750
synthetic_student_42,-1.8268086797342447,7,True,21.22,0,0,0.91,2026-01-16 22:41:40.423764
synthetic_student_42,0.46657868836028626,8,False,34.52,1,0,0.41,2026-01-07 22:41:40.423779
synthetic_student_42,1.2516005264474424,10,False,42.28,0,0,0.4,2025-10-29 22:41:40.423793
synthetic_student_42,-1.8777499947121434,5,True,26.17,0,0,0.95,2026-01-05 22:41:40.423807
synthetic_student_42,1.7993150224901888,1,False,42.33,1,1,0.67,2026-01-01 22:41:40.423822
synthetic_student_42,-1.8267143140887279,6,False,32.33,0,0,0.38,2025-12-14 22:41:40.423838
synthetic_student_42,-0.0782918360377689,7,False,38.06,0,0,0.54,2025-12-26 22:41:40.423852
synthetic_student_42,-0.5197925905064604,3,False,31.87,0,0,0.64,2025-10-24 22:41:40.423867
synthetic_student_42,-1.8334732323210043,7,False,21.79,1,0,0.7,2026-01-12 22:41:40.423881
synthetic_student_42,-0.1035094847294209,1,True,33.89,0,0,0.81,2025-12-18 22:41:40.423895
synthetic_student_42,1.2386270479091355,10,False,36.2,1,0,0.36,2025-12-12 22:41:40.423910
synthetic_student_42,-1.085356423874523,9,True,26.66,0,0,0.85,2026-01-08 22:41:40.423925
synthetic_student_42,-0.1702889074189109,5,False,33.58,1,0,0.35,2025-11-23 22:41:40.423940
synthetic_student_42,-0.16225255743470335,1,True,34.15,1,0,0.84,2025-12-27 22:41:40.423954
synthetic_student_42,0.6562059640320652,3,False,34.49,0,0,0.3,2025-11-19 22:41:40.423969
synthetic_student_42,1.2067389881028343,6,False,40.89,3,0,0.33,2025-12-11 22:41:40.423983
synthetic_student_42,0.3384665708794361,4,False,51.79,0,0,0.45,2025-12-17 22:41:40.423997
synthetic_student_42,-1.3608683111148543,5,False,22.44,0,0,0.69,2025-10-27 22:41:40.424012
synthetic_student_42,-1.751653583740422,2,False,35.08,0,0,0.35,2025-12-21 22:41:40.424026
synthetic_student_42,0.5272598820539369,10,False,32.89,0,0,0.51,2025-11-06 22:41:40.424041
synthetic_student_42,-0.9448246524579647,3,True,36.39,1,0,0.95,2025-12-15 22:41:40.424055
synthetic_student_42,-0.27479374548760394,8,False,31.17,1,0,0.43,2025-11-09 22:41:40.424069
synthetic_student_42,-0.5420915851775256,6,False,30.81,0,0,0.37,2025-11-08 22:41:40.424084
synthetic_student_42,-1.599206440652405,8,False,23.78,0,0,0.61,2025-12-03 22:41:40.424098
synthetic_student_42,-1.2570895938149933,9,True,37.52,0,0,0.72,2025-12-17 22:41:40.424112
synthetic_student_42,1.6303790963435296,2,False,33.11,1,0,0.63,2025-11-01 22:41:40.424130
synthetic_student_42,-0.7183157233152593,8,False,25.53,0,0,0.58,2025-12-14 22:41:40.424144
synthetic_student_42,0.7377738750967802,10,True,48.36,0,0,0.82,2025-11-20 22:41:40.424158
synthetic_student_42,0.18701334391009183,8,False,36.24,0,0,0.64,2025-12-13 22:41:40.424174
synthetic_student_42,0.6331611250288982,10,False,34.69,2,0,0.67,2025-11-01 22:41:40.424189
synthetic_student_42,0.03338769717793255,6,True,43.17,1,0,0.78,2025-11-03 22:41:40.424203
synthetic_student_42,1.8414880307546642,9,False,38.66,2,0,0.66,2026-01-04 22:41:40.424218
synthetic_student_42,1.183916886221315,6,False,50.55,1,0,0.39,2025-12-23 22:41:40.424232
synthetic_student_42,-0.8794462840038442,3,False,17.86,0,0,0.66,2026-01-17 22:41:40.424246
synthetic_student_42,0.09507808515674698,9,False,34.9,0,0,0.52,2025-12-31 22:41:40.424260
synthetic_student_42,-1.6611045897524552,9,True,29.26,0,0,0.98,2025-10-25 22:41:40.424275
synthetic_student_42,-1.0340374921556243,4,True,21.31,0,0,0.78,2025-11-05 22:41:40.424289
synthetic_student_42,0.9154077321122744,1,False,36.89,1,0,0.31,2026-01-16 22:41:40.424303
synthetic_student_42,-0.2971086128680671,8,True,23.62,0,0,0.94,2025-12-07 22:41:40.424318
synthetic_student_42,0.16569593284327055,5,True,28.3,0,0,0.97,2025-11-23 22:41:40.424332
synthetic_student_42,1.372403625389898,1,False,24.68,0,0,0.68,2025-12-13 22:41:40.424347
synthetic_student_42,1.9740322946983007,9,False,37.92,0,0,0.46,2025-12-30 22:41:40.424361
synthetic_student_42,0.06513755638040397,4,True,40.36,0,0,0.73,2025-12-24 22:41:40.424375
synthetic_student_42,-0.17000221759994538,10,False,32.22,0,0,0.69,2025-11-16 22:41:40.424390
synthetic_student_42,-1.1882486878237142,8,False,24.11,0,0,0.4,2025-12-13 22:41:40.424406
synthetic_student_42,-1.9512187678520188,10,False,29.82,0,0,0.37,2025-12-10 22:41:40.424419
synthetic_student_42,0.3772493027968604,3,False,37.0,0,0,0.63,2025-11-28 22:41:40.424433
synthetic_student_42,-1.3259626215235132,2,False,28.13,0,0,0.64,2025-12-07 22:41:40.424447
synthetic_student_42,-1.4369533155124383,4,True,21.59,1,0,0.7,2026-01-05 22:41:40.424461
synthetic_student_42,0.4296675660030451,7,False,41.87,1,0,0.64,2026-01-07 22:41:40.424475
synthetic_student_42,-0.28802233055346793,6,False,35.9,0,0,0.36,2026-01-14 22:41:40.424488
synthetic_student_42,-1.7636091279151107,6,True,23.88,0,0,0.99,2026-01-10 22:41:40.424502
synthetic_student_42,-0.7420600729757614,3,False,36.65,1,0,0.37,2026-01-13 22:41:40.424516
synthetic_student_42,0.9164627806308512,6,False,29.46,0,0,0.35,2025-12-03 22:41:40.424530
synthetic_student_42,0.4369313472321914,1,False,27.84,0,0,0.49,2025-11-11 22:41:40.424544
synthetic_student_42,0.3494370422305093,7,False,37.61,1,0,0.46,2025-12-01 22:41:40.424558
synthetic_student_42,-1.4006589390331672,10,True,22.89,0,0,0.78,2025-10-22 22:41:40.424571
synthetic_student_42,-1.9301948276704075,1,False,25.29,0,0,0.56,2025-11-30 22:41:40.424585
synthetic_student_42,0.7385434544846956,5,False,51.4,0,0,0.54,2025-12-12 22:41:40.424601
synthetic_student_42,0.814933534530967,1,False,29.78,4,0,0.4,2025-12-07 22:41:40.424615
synthetic_student_42,1.6731743173494587,10,False,51.06,1,0,0.62,2025-11-21 22:41:40.424629
synthetic_student_42,1.725529408271337,6,True,42.24,1,0,0.78,2025-11-14 22:41:40.424663
synthetic_student_42,0.13300423191388422,4,False,34.77,5,0,0.44,2026-01-11 22:41:40.424678
synthetic_student_42,-0.1707458840516467,2,False,34.09,0,0,0.55,2025-11-11 22:41:40.424692
synthetic_student_42,-1.1052264895595592,6,True,31.87,0,0,0.93,2026-01-06 22:41:40.424707
synthetic_student_42,1.1222201552817772,8,False,42.65,1,0,0.38,2025-11-27 22:41:40.424721
synthetic_student_42,0.7941214237028427,2,False,36.3,0,0,0.43,2026-01-04 22:41:40.424735
synthetic_student_42,-0.912454875316838,8,True,27.14,0,0,0.85,2026-01-04 22:41:40.424749
synthetic_student_42,0.8138837913446113,1,False,43.55,2,0,0.66,2025-12-16 22:41:40.424763
synthetic_student_42,-1.5012770426718038,6,False,22.45,0,0,0.4,2025-12-03 22:41:40.424777
synthetic_student_42,-1.7187697540332842,1,True,34.97,0,0,0.76,2025-12-14 22:41:40.424791
synthetic_student_42,-1.8647164516270638,2,True,35.16,0,0,0.9,2025-11-07 22:41:40.424806
synthetic_student_42,-1.556990430480874,8,False,31.93,0,0,0.63,2025-11-12 22:41:40.424820
synthetic_student_42,-1.7233626885809614,8,True,32.47,0,0,0.81,2025-11-27 22:41:40.424834
synthetic_student_42,-0.2344043199166288,3,True,37.54,2,0,0.87,2025-10-27 22:41:40.424848
synthetic_student_42,1.8028074997222268,9,False,41.15,0,0,0.57,2025-11-08 22:41:40.424861
synthetic_student_42,1.4155832711520122,5,True,45.2,0,0,0.94,2025-12-29 22:41:40.424875
synthetic_student_42,0.7764285565850675,4,False,45.04,0,0,0.32,2025-12-10 22:41:40.424889
synthetic_student_42,0.8891817630993666,1,False,49.15,0,0,0.49,2025-12-29 22:41:40.424903
synthetic_student_42,1.5394980821745854,1,False,37.67,1,0,0.42,2025-12-30 22:41:40.424916
synthetic_student_42,0.6755477746160272,2,False,34.52,1,0,0.44,2025-12-30 22:41:40.424930
synthetic_student_42,-0.4546736768635742,5,False,25.47,0,0,0.61,2026-01-19 22:41:40.424943
synthetic_student_42,1.2160588469641604,6,False,35.77,0,0,0.52,2025-11-30 22:41:40.424957
synthetic_student_42,0.6416168709051213,8,True,32.2,0,0,0.72,2025-12-23 22:41:40.424973
synthetic_student_42,0.22392546013467252,10,True,23.81,1,0,0.93,2025-12-15 22:41:40.424987
synthetic_student_42,0.9134800393919149,10,False,38.54,0,0,0.6,2025-11-19 22:41:40.425001
synthetic_student_42,-0.7457329208014589,10,False,30.18,0,0,0.37,2025-11-11 22:41:40.425015
synthetic_student_42,0.77316181587415,2,True,35.47,1,0,0.7,2025-10-21 22:41:40.425028
synthetic_student_42,0.29618878425278794,9,False,34.22,1,0,0.53,2026-01-03 22:41:40.425043
synthetic_student_42,-1.5362488497501428,1,True,33.93,0,0,0.91,2025-10-29 22:41:40.425057
synthetic_student_43,0.49630121733158106,8,True,28.58,0,0,0.9,2025-11-23 22:41:40.425072
synthetic_student_43,1.4296229123040711,1,True,31.05,0,0,0.84,2026-01-18 22:41:40.425085
synthetic_student_43,-1.0053221383436082,7,True,22.53,0,0,0.74,2025-11-13 22:41:40.425099
synthetic_student_43,-0.30138094837119667,5,False,24.45,0,0,0.55,2025-10-24 22:41:40.425113
synthetic_student_43,-0.3549157820180504,4,True,25.39,0,0,0.95,2025-12-23 22:41:40.425127
synthetic_student_43,-1.849549581470181,6,True,23.7,0,0,0.9,2025-11-11 22:41:40.425141
synthetic_student_43,-0.38643120356884886,7,True,27.85,1,1,0.9,2025-12-26 22:41:40.425172
synthetic_student_43,-0.9381662052372257,9,False,15.69,0,0,0.53,2025-12-12 22:41:40.425187
synthetic_student_43,0.26579558385135904,8,True,27.04,0,0,0.95,2026-01-02 22:41:40.425201
synthetic_student_43,-0.1997460877211612,4,True,25.9,0,0,0.9,2026-01-19 22:41:40.425215
synthetic_student_43,0.5605430954820201,10,True,19.36,0,0,0.93,2026-01-06 22:41:40.425229
synthetic_student_43,-0.16432231393908703,3,True,25.22,0,0,0.93,2025-12-30 22:41:40.425243
synthetic_student_43,1.8425884902027319,7,True,30.33,0,0,0.76,2025-12-10 22:41:40.425257
synthetic_student_43,-1.8451290311985127,8,True,20.01,0,0,0.96,2025-11-25 22:41:40.425272
synthetic_student_43,0.10354948014481913,9,True,30.26,1,0,0.89,2025-12-31 22:41:40.425286
synthetic_student_43,0.6808858301425142,9,False,26.99,2,0,0.51,2025-12-22 22:41:40.425300
synthetic_student_43,0.3139318337867598,3,True,30.36,0,0,0.82,2026-01-15 22:41:40.425315
synthetic_student_43,-0.6744994939229976,7,True,13.11,0,0,0.79,2025-12-19 22:41:40.425329
synthetic_student_43,-1.8107354547148318,7,True,19.41,0,0,0.97,2026-01-05 22:41:40.425343
synthetic_student_43,-0.483419649488916,1,True,21.94,0,1,0.72,2025-10-31 22:41:40.425357
synthetic_student_43,-1.7049603645050309,4,True,11.08,0,0,0.7,2025-11-12 22:41:40.425371
synthetic_student_43,1.0339396099131757,6,False,25.67,1,0,0.5,2025-12-22 22:41:40.425385
synthetic_student_43,-1.4969293553195153,2,True,16.96,0,0,0.88,2025-11-23 22:41:40.425400
synthetic_student_43,1.4977429020035515,10,False,35.81,0,0,0.47,2025-12-24 22:41:40.425415
synthetic_student_43,1.8931432356955513,8,False,37.14,0,0,0.38,2026-01-14 22:41:40.425429
synthetic_student_43,0.6855988975402978,8,True,36.69,0,0,0.7,2026-01-19 22:41:40.425444
synthetic_student_43,-0.9482740413374784,7,False,24.34,1,0,0.64,2025-12-16 22:41:40.425459
synthetic_student_43,-1.6245087098492008,4,True,8.67,0,1,0.91,2025-12-02 22:41:40.425473
synthetic_student_43,-0.7162199706177672,7,True,17.76,2,0,0.83,2026-01-13 22:41:40.425488
synthetic_student_43,1.2304020958551902,9,False,28.21,1,0,0.51,2026-01-17 22:41:40.425503
synthetic_student_43,-0.8993109974223867,1,True,18.42,0,0,0.88,2025-10-28 22:41:40.425517
synthetic_student_43,1.6744694073268382,2,False,36.6,0,1,0.63,2025-11-03 22:41:40.425532
synthetic_student_43,-1.2064226445082138,8,True,14.68,0,1,0.86,2025-12-09 22:41:40.425548
synthetic_student_43,1.5558103001414585,5,True,22.6,2,0,0.79,2025-12-16 22:41:40.425562
synthetic_student_43,-0.7269021186817008,1,True,19.52,2,0,0.71,2025-10-27 22:41:40.425576
synthetic_student_43,1.9567202359173268,9,True,37.88,3,0,0.99,2025-11-10 22:41:40.425591
synthetic_student_43,-1.5638130962201098,10,True,13.82,0,0,0.87,2025-11-15 22:41:40.425606
synthetic_student_43,0.36946956907818373,1,True,31.27,0,1,0.83,2025-11-02 22:41:40.425620
synthetic_student_43,0.4305268527543631,2,True,21.24,0,0,0.93,2025-11-25 22:41:40.425635
synthetic_student_43,0.270482629942578,6,True,23.36,0,0,0.8,2026-01-07 22:41:40.425650
synthetic_student_43,1.5949314518434998,10,True,34.07,1,1,0.97,2025-11-03 22:41:40.425665
synthetic_student_43,-1.9357225154017272,7,True,15.21,0,0,0.78,2025-11-16 22:41:40.425680
synthetic_student_43,1.3810731307309907,3,True,28.17,1,0,0.92,2026-01-01 22:41:40.425694
synthetic_student_43,1.582770684285053,6,True,26.01,2,0,0.85,2026-01-01 22:41:40.425709
synthetic_student_43,-1.5106612078242896,9,True,17.72,1,0,0.78,2025-10-25 22:41:40.425724
synthetic_student_43,-0.4406980180980531,6,True,18.05,0,1,0.86,2026-01-15 22:41:40.425739
synthetic_student_43,1.4340863813785574,2,True,20.26,3,0,0.9,2026-01-05 22:41:40.425754
synthetic_student_43,0.7203139946691035,3,True,23.01,1,0,0.94,2025-11-13 22:41:40.425769
synthetic_student_43,0.5597087702771439,1,True,35.38,0,0,0.89,2025-10-28 22:41:40.425784
synthetic_student_43,1.190616011958927,6,False,28.99,1,0,0.34,2025-12-14 22:41:40.425799
synthetic_student_43,1.1801828706192645,2,False,18.85,2,0,0.43,2026-01-08 22:41:40.425814
synthetic_student_43,1.071758582484045,2,True,22.19,3,0,0.94,2025-12-21 22:41:40.425830
synthetic_student_43,1.8349239479699886,8,False,29.86,0,0,0.47,2025-11-05 22:41:40.425848
synthetic_student_43,1.3335453224946692,5,False,24.78,2,0,0.32,2025-11-04 22:41:40.425863
synthetic_student_43,0.864775993624987,10,False,24.39,0,0,0.58,2025-12-19 22:41:40.425878
synthetic_student_43,0.5984560149484559,9,True,26.16,0,0,0.95,2025-11-09 22:41:40.425893
synthetic_student_43,1.253829757459712,7,True,27.12,1,0,0.99,2025-10-24 22:41:40.425908
synthetic_student_43,1.3548032956479386,6,True,31.13,0,0,0.96,2025-12-06 22:41:40.425922
synthetic_student_43,1.8112969583917815,3,False,31.97,2,0,0.68,2025-10-25 22:41:40.425937
synthetic_student_43,0.5989088309326198,10,False,22.15,1,0,0.3,2025-11-05 22:41:40.425952
synthetic_student_43,-1.634706191618517,5,False,8.33,0,0,0.36,2025-10-27 22:41:40.425967
synthetic_student_43,-0.06922978977294258,5,False,30.79,0,0,0.57,2025-12-10 22:41:40.425982
synthetic_student_43,-0.4943715684438308,8,True,23.21,0,0,0.74,2025-12-01 22:41:40.426000
synthetic_student_43,-0.21108929331781034,1,True,19.73,0,0,0.98,2025-11-05 22:41:40.426015
synthetic_student_43,1.7689028618258371,5,False,26.22,0,0,0.5,2025-12-25 22:41:40.426029
synthetic_student_43,-0.5116282730672466,6,False,23.25,1,0,0.38,2025-10-22 22:41:40.426045
synthetic_student_43,-1.7606457561397453,5,False,23.36,0,0,0.41,2026-01-19 22:41:40.426061
synthetic_student_43,-1.5690825278856892,9,True,14.17,0,0,0.72,2026-01-12 22:41:40.426076
synthetic_student_43,1.1130243291356683,9,False,25.85,2,0,0.57,2025-12-19 22:41:40.426091
synthetic_student_43,1.9038628563079585,6,False,39.99,0,0,0.64,2025-11-17 22:41:40.426106
synthetic_student_43,0.1424814314302716,8,True,21.04,1,0,0.89,2025-12-05 22:41:40.426121
synthetic_student_43,1.8596071248939063,1,False,36.9,0,0,0.68,2025-12-03 22:41:40.426138
synthetic_student_43,0.4377796286954032,1,False,23.56,1,0,0.38,2025-12-12 22:41:40.426166
synthetic_student_43,1.8679907230359318,3,False,26.45,1,0,0.66,2026-01-03 22:41:40.426186
synthetic_student_43,1.7770149595894043,6,True,32.86,0,1,0.94,2025-12-22 22:41:40.426202
synthetic_student_43,1.1127920306589987,3,True,30.21,0,0,0.78,2025-12-11 22:41:40.426217
synthetic_student_43,0.2879519099231791,7,True,21.87,2,0,0.81,2025-10-30 22:41:40.426234
synthetic_student_43,-0.26187699795422814,4,True,26.38,0,1,0.84,2026-01-16 22:41:40.426250
synthetic_student_43,1.0320144365114476,8,True,29.77,0,0,0.88,2025-10-28 22:41:40.426265
synthetic_student_43,0.5372896681365651,7,False,23.65,0,0,0.62,2025-11-16 22:41:40.426281
synthetic_student_43,-0.1685559049487888,3,False,16.67,0,0,0.46,2025-12-09 22:41:40.426297
synthetic_student_43,1.8831288954382632,4,False,31.14,0,0,0.6,2025-11-15 22:41:40.426312
synthetic_student_43,-1.6687406408950443,6,True,18.26,0,0,0.97,2025-12-16 22:41:40.426327
synthetic_student_43,-0.35850801056183146,3,True,23.94,0,0,0.82,2026-01-09 22:41:40.426342
synthetic_student_43,-0.53280543531586,8,True,15.81,3,0,0.92,2025-11-08 22:41:40.426358
synthetic_student_43,-1.2662562588287805,6,True,17.15,0,0,0.85,2025-11-13 22:41:40.426373
synthetic_student_43,-0.7827737817950151,7,False,22.83,2,0,0.49,2025-11-29 22:41:40.426389
synthetic_student_43,1.5342677969813296,7,False,30.01,2,0,0.46,2025-11-21 22:41:40.426405
synthetic_student_43,-0.3151312684129324,1,True,20.48,0,0,0.75,2025-12-14 22:41:40.426421
synthetic_student_43,-1.6198018796222589,8,True,5.0,0,0,0.94,2025-12-10 22:41:40.426439
synthetic_student_43,-0.25263350438106036,4,True,21.39,0,0,0.96,2025-12-17 22:41:40.426456
synthetic_student_43,-0.8356250137638868,9,True,21.74,0,0,0.74,2025-11-25 22:41:40.426473
synthetic_student_43,-1.8548168434832712,3,True,9.88,0,0,0.85,2025-11-08 22:41:40.426490
synthetic_student_43,-0.730061944532856,4,True,12.65,1,0,0.93,2025-11-22 22:41:40.426505
synthetic_student_43,0.6300529400824111,4,True,14.01,1,0,0.78,2025-11-26 22:41:40.426522
synthetic_student_43,-0.19449967457887096,3,True,23.22,0,0,0.75,2025-12-26 22:41:40.426537
synthetic_student_43,0.08898114909933685,1,True,27.4,0,1,0.73,2025-12-11 22:41:40.426552
synthetic_student_43,1.606118329289758,4,False,34.53,1,0,0.3,2026-01-11 22:41:40.426568
synthetic_student_43,0.7088078918093759,2,True,20.67,1,1,0.97,2025-12-03 22:41:40.426583
synthetic_student_43,-1.2544923578031697,5,True,21.4,0,1,0.97,2025-12-16 22:41:40.426599
synthetic_student_44,-0.9706882161595431,5,False,32.4,0,0,0.58,2025-11-04 22:41:40.426615
synthetic_student_44,-0.12978201539256862,5,False,39.01,0,0,0.45,2025-12-27 22:41:40.426731
synthetic_student_44,-0.24422036219450405,3,False,29.48,0,0,0.67,2025-12-01 22:41:40.426750
synthetic_student_44,-0.0106476522460488,2,True,36.15,0,0,0.95,2025-11-27 22:41:40.426765
synthetic_student_44,0.6619399630564358,9,False,29.81,0,0,0.4,2025-10-22 22:41:40.426781
synthetic_student_44,-1.7984092603839605,3,True,28.06,0,0,0.82,2025-12-14 22:41:40.426798
synthetic_student_44,-1.6557488508855824,9,False,24.76,0,0,0.44,2025-12-20 22:41:40.426815
synthetic_student_44,0.8143891393138456,5,True,34.92,1,0,0.9,2026-01-03 22:41:40.426831
synthetic_student_44,-1.96583083619121,9,True,21.21,0,0,0.97,2025-12-28 22:41:40.426849
synthetic_student_44,-1.2272742950051363,1,False,18.88,0,1,0.32,2025-11-13 22:41:40.426866
synthetic_student_44,0.6557111393353785,2,False,30.26,0,0,0.54,2025-12-17 22:41:40.426885
synthetic_student_44,1.9966933966869616,1,False,41.31,2,0,0.49,2025-12-07 22:41:40.426902
synthetic_student_44,1.8469502941522635,5,False,42.12,0,0,0.44,2025-11-01 22:41:40.426918
synthetic_student_44,-0.6661579095964392,4,True,32.82,0,0,0.99,2025-11-17 22:41:40.426935
synthetic_student_44,0.49618202992568294,7,False,38.14,0,0,0.68,2025-11-07 22:41:40.426952
synthetic_student_44,0.8408885304885576,8,False,38.67,0,0,0.51,2026-01-08 22:41:40.426968
synthetic_student_44,1.4127211320710709,7,False,41.08,0,1,0.39,2025-12-06 22:41:40.426985
synthetic_student_44,0.3358173599816072,7,False,33.44,0,0,0.51,2025-10-27 22:41:40.427001
synthetic_student_44,0.7558589986114748,9,True,32.82,0,0,0.96,2025-11-25 22:41:40.427018
synthetic_student_44,-0.21456814246836142,8,False,34.09,0,0,0.54,2026-01-05 22:41:40.427035
synthetic_student_44,-0.23132223082307046,2,False,25.02,1,0,0.5,2025-12-28 22:41:40.427052
synthetic_student_44,-1.6949729712758623,9,True,27.25,0,0,0.93,2025-11-07 22:41:40.427068
synthetic_student_44,-0.5369193820300486,7,False,45.21,0,0,0.57,2025-11-19 22:41:40.427086
synthetic_student_44,-0.5088206301295708,10,False,32.89,0,1,0.36,2026-01-07 22:41:40.427103
synthetic_student_44,0.7922563655402906,4,False,33.18,0,0,0.68,2025-11-19 22:41:40.427120
synthetic_student_44,-1.2341763504522114,8,False,21.95,0,0,0.31,2025-12-07 22:41:40.427136
synthetic_student_44,-0.47600694685493794,5,False,28.94,0,0,0.37,2025-12-10 22:41:40.427154
synthetic_student_44,-1.7410244102902173,7,False,29.05,0,0,0.59,2026-01-09 22:41:40.427171
synthetic_student_44,-1.273968138073852,9,False,27.11,0,0,0.59,2025-11-25 22:41:40.427187
synthetic_student_44,0.48345020059197363,3,False,40.01,0,0,0.43,2025-11-04 22:41:40.427204
synthetic_student_44,-0.8315733133408627,6,False,25.74,1,0,0.48,2025-12-10 22:41:40.427222
synthetic_student_44,0.9086555003233654,4,False,41.19,0,0,0.31,2025-12-09 22:41:40.427238
synthetic_student_44,-0.8915032524985858,6,True,36.92,0,0,0.77,2025-11-24 22:41:40.427254
synthetic_student_44,-0.458037926874705,3,True,33.21,0,0,0.81,2025-12-21 22:41:40.427271
synthetic_student_44,-1.4894722142090022,8,False,25.47,0,0,0.6,2025-11-03 22:41:40.427288
synthetic_student_44,0.4327534904056054,10,False,43.14,0,0,0.65,2025-10-29 22:41:40.427304
synthetic_student_44,0.12235076792031707,3,True,39.42,1,0,0.74,2025-12-15 22:41:40.427321
synthetic_student_44,-1.2602569076283001,6,True,23.17,0,0,0.74,2025-12-29 22:41:40.427339
synthetic_student_44,0.3281193434127698,7,False,32.65,0,0,0.33,2026-01-12 22:41:40.427356
synthetic_student_44,-1.0755440132653225,8,True,32.03,0,0,0.76,2025-10-22 22:41:40.427372
synthetic_student_44,-0.7351777285452532,8,False,42.58,1,0,0.42,2025-12-27 22:41:40.427388
synthetic_student_44,0.1886233037771774,2,False,29.32,2,0,0.53,2026-01-12 22:41:40.427404
synthetic_student_44,0.34654937485510207,8,False,33.36,0,1,0.3,2025-10-25 22:41:40.427421
synthetic_student_44,0.4341365014352401,6,False,36.34,0,1,0.55,2025-12-13 22:41:40.427437
synthetic_student_44,1.6047701506796752,4,False,45.27,2,0,0.5,2026-01-04 22:41:40.427454
synthetic_student_44,-0.8626064266962485,4,True,28.59,1,0,0.84,2025-11-21 22:41:40.427470
synthetic_student_44,1.322950955442499,2,False,39.84,0,0,0.39,2025-11-19 22:41:40.427486
synthetic_student_44,-0.6857610702807793,10,True,24.86,1,0,0.91,2025-11-14 22:41:40.427502
synthetic_student_44,1.300058065209189,7,False,48.34,1,0,0.36,2025-12-17 22:41:40.427519
synthetic_student_44,-1.5210375034321815,6,False,24.68,0,0,0.31,2025-12-27 22:41:40.427537
synthetic_student_44,1.053697968600726,2,False,42.44,1,1,0.48,2026-01-11 22:41:40.427554
synthetic_student_44,-1.6076029878486606,2,False,28.49,0,0,0.54,2025-12-06 22:41:40.427573
synthetic_student_44,1.3352033283378502,6,True,45.41,0,0,0.9,2025-11-27 22:41:40.427590
synthetic_student_44,1.7774074787598977,5,False,37.83,0,0,0.63,2025-12-15 22:41:40.427608
synthetic_student_44,-1.0668365842673864,7,False,33.13,0,0,0.32,2025-11-06 22:41:40.427625
synthetic_student_44,1.8309722647768423,7,False,34.65,0,0,0.67,2025-11-23 22:41:40.427642
synthetic_student_44,1.3767824596187772,10,False,37.26,1,0,0.68,2025-12-12 22:41:40.427677
synthetic_student_44,-0.5241046733628978,2,False,32.16,0,0,0.43,2025-10-27 22:41:40.427701
synthetic_student_44,-0.5598088305131417,9,False,37.67,0,0,0.47,2025-12-29 22:41:40.427718
synthetic_student_44,-0.7566978455537616,2,False,27.93,0,0,0.36,2026-01-10 22:41:40.427740
synthetic_student_44,-1.2611047878583928,9,False,33.79,0,0,0.6,2026-01-16 22:41:40.427757
synthetic_student_44,-1.3875963649219414,10,False,24.26,0,0,0.7,2025-12-20 22:41:40.427774
synthetic_student_44,1.9360582352620193,6,False,42.69,1,1,0.64,2025-11-26 22:41:40.427792
synthetic_student_44,-1.8203978413765012,2,True,33.89,0,0,0.71,2025-12-19 22:41:40.427810
synthetic_student_44,-1.7546672527807727,4,False,37.71,0,0,0.41,2026-01-08 22:41:40.427827
synthetic_student_44,-1.0035412898288203,2,False,26.95,0,0,0.49,2025-11-20 22:41:40.427844
synthetic_student_44,1.384330231954289,2,False,39.76,1,0,0.52,2025-11-13 22:41:40.427863
synthetic_student_44,-0.27391707393037024,3,False,31.05,0,0,0.31,2025-11-16 22:41:40.427880
synthetic_student_44,-0.42636040795681174,8,True,36.72,1,0,0.83,2025-10-28 22:41:40.427898
synthetic_student_44,-0.6083528531149955,8,False,32.34,0,0,0.7,2025-12-15 22:41:40.427917
synthetic_student_44,0.8148955020097302,3,False,31.82,0,0,0.63,2025-11-27 22:41:40.427939
synthetic_student_44,-0.6078133187906496,3,True,26.21,0,0,0.87,2025-11-12 22:41:40.427956
synthetic_student_44,1.5711680427844863,10,False,38.9,2,0,0.41,2025-12-20 22:41:40.427974
synthetic_student_44,0.992228206593111,5,True,40.01,0,0,0.83,2025-12-30 22:41:40.427992
synthetic_student_44,-1.085648917605993,2,True,26.89,0,1,0.76,2025-12-20 22:41:40.428009
synthetic_student_44,-0.7299830405803069,6,True,31.76,1,0,0.95,2025-11-14 22:41:40.428026
synthetic_student_44,0.5466844885406918,4,True,31.18,0,0,0.94,2025-11-13 22:41:40.428043
synthetic_student_44,1.9977375816810454,6,False,35.74,0,1,0.46,2025-11-01 22:41:40.428061
synthetic_student_44,0.3226248415510984,3,False,33.57,0,0,0.45,2025-12-28 22:41:40.428078
synthetic_student_44,0.6429698223703175,1,False,39.95,0,0,0.33,2025-11-05 22:41:40.428096
synthetic_student_44,-0.8366154876899503,10,True,24.91,1,0,0.82,2025-11-24 22:41:40.428113
synthetic_student_44,1.2442642094597303,7,False,38.23,2,0,0.5,2025-12-25 22:41:40.428131
synthetic_student_44,0.7255995985185111,8,False,44.27,0,0,0.53,2025-10-25 22:41:40.428148
synthetic_student_44,-0.5780969209511189,7,False,18.92,1,0,0.61,2025-11-12 22:41:40.428166
synthetic_student_44,0.09347913706065247,4,False,34.64,1,0,0.65,2025-11-17 22:41:40.428184
synthetic_student_44,-0.9487749441658413,4,False,30.65,2,0,0.53,2025-12-07 22:41:40.428201
synthetic_student_44,-1.8727795385550157,3,True,25.09,0,0,0.71,2025-12-03 22:41:40.428354
synthetic_student_44,0.20614434563019168,8,False,33.39,1,1,0.37,2025-11-02 22:41:40.428375
synthetic_student_44,-0.18144576999850814,10,False,32.2,0,0,0.4,2025-11-19 22:41:40.428396
synthetic_student_44,-0.9496570763422674,8,False,27.02,0,1,0.31,2025-12-28 22:41:40.428414
synthetic_student_44,1.7699302007174462,5,False,44.45,0,1,0.55,2025-10-29 22:41:40.428433
synthetic_student_44,0.29115500467225974,7,False,36.67,0,0,0.3,2026-01-11 22:41:40.428451
synthetic_student_44,1.5467368544490134,2,False,40.77,1,0,0.35,2025-11-28 22:41:40.428468
synthetic_student_44,-0.7301449038159866,2,True,32.18,0,0,0.74,2025-12-09 22:41:40.428485
synthetic_student_44,-1.7098968542337882,9,True,28.65,0,0,1.0,2025-12-09 22:41:40.428506
synthetic_student_44,0.12293518599228292,3,False,35.75,0,0,0.33,2025-12-01 22:41:40.428523
synthetic_student_44,-1.6366012320675054,10,True,31.28,0,0,0.88,2025-11-14 22:41:40.428541
synthetic_student_44,-0.8144291119129092,6,True,26.6,0,0,0.92,2025-11-16 22:41:40.428558
synthetic_student_44,-0.47350611973772505,4,False,30.57,1,0,0.61,2025-11-20 22:41:40.428576
synthetic_student_44,-0.031242286875126535,5,True,37.75,1,0,0.98,2025-12-01 22:41:40.428594
synthetic_student_45,1.5277437299368448,8,False,25.94,0,0,0.57,2025-12-18 22:41:40.428613
synthetic_student_45,0.8873778647318527,7,False,34.4,0,0,0.62,2025-11-02 22:41:40.428631
synthetic_student_45,1.7609872018874637,9,False,27.63,3,0,0.56,2025-11-17 22:41:40.428648
synthetic_student_45,-1.1934386035589868,8,True,25.67,0,0,0.93,2025-11-08 22:41:40.428666
synthetic_student_45,1.8150505077081114,1,False,32.84,0,0,0.33,2026-01-12 22:41:40.428683
synthetic_student_45,-0.5573228411370463,8,False,27.3,0,0,0.34,2025-12-06 22:41:40.428700
synthetic_student_45,1.1441073803634616,9,False,32.47,1,0,0.48,2025-11-21 22:41:40.428717
synthetic_student_45,-0.04057065529736947,8,True,31.17,1,0,0.91,2025-12-09 22:41:40.428734
synthetic_student_45,-1.6393288512924054,9,True,18.19,0,0,0.81,2025-10-23 22:41:40.428784
synthetic_student_45,-1.6314184420376803,10,True,13.18,0,0,0.79,2025-11-08 22:41:40.428803
synthetic_student_45,0.4017593249463971,9,False,32.65,1,0,0.38,2025-11-11 22:41:40.428821
synthetic_student_45,1.3667077611984428,9,False,36.1,0,0,0.32,2025-12-05 22:41:40.428838
synthetic_student_45,0.1122706238496507,7,True,32.16,0,0,0.72,2025-12-30 22:41:40.428855
synthetic_student_45,1.720498659070849,10,True,24.73,0,0,0.75,2025-10-26 22:41:40.428885
synthetic_student_45,-1.4472771247977727,7,True,21.21,0,0,0.91,2026-01-16 22:41:40.428903
synthetic_student_45,1.7407155392052576,3,False,27.55,0,0,0.59,2025-10-29 22:41:40.428920
synthetic_student_45,-0.05098819199324822,6,True,28.05,1,0,0.75,2025-12-11 22:41:40.428938
synthetic_student_45,-1.2288708293391433,3,True,25.13,1,0,0.91,2025-12-03 22:41:40.428956
synthetic_student_45,1.6925557352136047,10,True,30.9,2,0,0.74,2025-12-27 22:41:40.428973
synthetic_student_45,1.220954817410512,9,False,30.35,0,0,0.31,2025-10-23 22:41:40.428990
synthetic_student_45,1.9432672088903438,8,False,47.58,3,0,0.31,2025-12-17 22:41:40.429008
synthetic_student_45,-1.840087565920006,4,False,11.78,0,0,0.68,2025-11-19 22:41:40.429025
synthetic_student_45,-0.4705079539374042,4,False,21.3,0,0,0.3,2025-11-24 22:41:40.429045
synthetic_student_45,-1.7903813418246335,2,True,12.26,1,0,0.94,2026-01-12 22:41:40.429062
synthetic_student_45,1.9192962083067133,4,False,24.68,0,0,0.47,2025-12-14 22:41:40.429079
synthetic_student_45,-1.7260718179607282,7,True,20.01,0,0,0.9,2025-12-11 22:41:40.429097
synthetic_student_45,-1.7778433765381787,3,True,22.38,0,0,0.76,2026-01-04 22:41:40.429114
synthetic_student_45,1.6637003820425305,5,False,42.45,0,0,0.57,2026-01-07 22:41:40.429133
synthetic_student_45,-0.7860724352647095,9,True,25.58,0,0,0.74,2025-11-04 22:41:40.429151
synthetic_student_45,-1.6660971408167535,5,False,30.01,0,0,0.67,2026-01-16 22:41:40.429168
synthetic_student_45,-1.8316339592299564,5,True,20.62,0,0,1.0,2025-12-31 22:41:40.429185
synthetic_student_45,-0.2067413325507732,3,True,34.57,2,0,0.88,2025-11-23 22:41:40.429203
synthetic_student_45,0.6322256622466904,1,False,31.52,1,0,0.44,2026-01-17 22:41:40.429220
synthetic_student_45,0.4957442165941406,5,False,26.68,1,1,0.64,2025-11-30 22:41:40.429237
synthetic_student_45,0.7302928848799555,5,False,29.45,1,0,0.36,2025-11-03 22:41:40.429254
synthetic_student_45,-1.9366326645743133,3,True,28.34,0,0,0.83,2025-12-20 22:41:40.429271
synthetic_student_45,-1.0898666174940561,4,True,18.21,0,0,0.87,2025-11-22 22:41:40.429291
synthetic_student_45,-1.6745562476234408,1,True,21.12,0,0,0.78,2025-10-24 22:41:40.429308
synthetic_student_45,0.23592561544694224,9,False,28.47,0,0,0.65,2025-12-28 22:41:40.429325
synthetic_student_45,0.5165967295413245,9,True,32.32,0,0,0.95,2025-12-24 22:41:40.429342
synthetic_student_45,-0.5554484283160406,7,True,32.4,0,0,0.99,2026-01-10 22:41:40.429359
synthetic_student_45,-0.17441818050779112,10,False,19.01,0,0,0.4,2026-01-05 22:41:40.429401
synthetic_student_45,-0.6496451836380608,10,True,25.83,1,0,0.71,2026-01-19 22:41:40.429419
synthetic_student_45,0.05630470344532945,1,True,23.49,3,0,0.71,2026-01-11 22:41:40.429436
synthetic_student_45,1.8552598797191853,3,False,32.07,0,0,0.38,2025-12-12 22:41:40.429454
synthetic_student_45,-0.28777293873914056,2,True,30.79,0,0,0.83,2025-12-18 22:41:40.429471
synthetic_student_45,-0.33381207339706753,9,False,29.06,0,0,0.46,2025-12-03 22:41:40.429489
synthetic_student_45,-0.5335181469033721,4,False,26.62,0,0,0.46,2025-12-06 22:41:40.429508
synthetic_student_45,-1.5211858309576445,9,True,11.67,0,0,0.93,2025-12-26 22:41:40.429526
synthetic_student_45,-1.481058169128409,3,True,16.09,0,0,0.74,2025-11-10 22:41:40.429544
synthetic_student_45,-1.313443762403106,6,True,22.55,0,0,0.82,2025-12-23 22:41:40.429560
synthetic_student_45,-1.2321239387470269,10,True,20.7,0,0,0.72,2025-11-23 22:41:40.429578
synthetic_student_45,-0.4962563135282405,1,False,25.27,0,0,0.56,2025-11-16 22:41:40.429595
synthetic_student_45,0.19744540949177525,5,False,27.53,0,0,0.32,2025-12-01 22:41:40.429614
synthetic_student_45,-1.9654433858569433,3,True,23.22,0,0,0.77,2025-11-05 22:41:40.429632
synthetic_student_45,-0.41729282217426444,10,True,29.56,0,0,0.86,2025-11-29 22:41:40.429649
synthetic_student_45,0.3916477933139757,7,False,35.9,1,0,0.51,2025-11-01 22:41:40.429666
synthetic_student_45,-0.5270455582467872,10,True,28.38,0,0,0.92,2025-12-08 22:41:40.429684
synthetic_student_45,1.1379671879381763,8,True,33.68,2,0,0.75,2026-01-13 22:41:40.429701
synthetic_student_45,-1.11687294615585,1,True,27.08,1,0,0.82,2026-01-18 22:41:40.429719
synthetic_student_45,0.3657001735923089,8,True,17.86,0,0,0.81,2025-12-13 22:41:40.429736
synthetic_student_45,0.6096462500634319,4,False,29.67,0,0,0.41,2025-12-16 22:41:40.429753
synthetic_student_45,1.8106656193571098,6,True,30.85,0,0,0.83,2026-01-09 22:41:40.429770
synthetic_student_45,-1.4718769444684665,1,False,23.84,0,0,0.64,2026-01-05 22:41:40.429787
synthetic_student_45,1.084728963878566,7,False,22.9,0,0,0.51,2025-10-28 22:41:40.429804
synthetic_student_45,1.6711222615644106,3,True,35.76,1,1,0.98,2025-10-22 22:41:40.429822
synthetic_student_45,-1.334397524754419,3,False,20.2,0,1,0.61,2025-11-23 22:41:40.429841
synthetic_student_45,0.6063589461096255,3,True,29.69,0,0,0.9,2025-10-22 22:41:40.429858
synthetic_student_45,0.9055553282953714,5,True,29.01,0,0,0.99,2025-11-24 22:41:40.429875
synthetic_student_45,-1.3141941152440415,10,True,22.52,0,0,0.96,2026-01-12 22:41:40.429892
synthetic_student_45,0.5692042680255089,2,False,35.91,0,0,0.34,2025-10-22 22:41:40.429910
synthetic_student_45,1.8613240428619782,8,True,22.25,0,0,0.82,2025-10-31 22:41:40.429927
synthetic_student_45,-0.6081353946735151,10,False,21.81,0,0,0.43,2025-11-20 22:41:40.429944
synthetic_student_45,0.6552100559774336,9,False,31.85,0,1,0.37,2025-12-15 22:41:40.429961
synthetic_student_45,-1.2628664620818744,10,True,18.21,1,0,0.77,2025-11-19 22:41:40.429979
synthetic_student_45,-0.9429602867545208,3,True,26.52,0,0,0.81,2025-10-28 22:41:40.429996
synthetic_student_45,-1.0206123017098179,4,False,18.7,0,0,0.48,2025-12-01 22:41:40.430013
synthetic_student_45,0.8515243363500691,5,False,34.18,0,0,0.6,2025-12-14 22:41:40.430030
synthetic_student_45,0.11847052938595226,8,True,26.52,0,0,0.97,2025-11-09 22:41:40.430049
synthetic_student_45,0.12669077211816004,2,True,30.97,0,0,0.77,2025-11-09 22:41:40.430067
synthetic_student_45,-0.8905619071942579,3,False,27.84,0,0,0.58,2025-12-10 22:41:40.430084
synthetic_student_45,1.4854551256292892,7,True,33.17,0,0,0.82,2025-10-25 22:41:40.430101
synthetic_student_45,1.9854899222923548,10,False,29.88,0,0,0.63,2025-11-11 22:41:40.430189
synthetic_student_45,-1.8264350965556044,8,False,34.18,0,0,0.39,2025-11-27 22:41:40.430215
synthetic_student_45,-0.29975414331730565,10,True,26.44,0,0,0.81,2025-11-26 22:41:40.430234
synthetic_student_45,-1.0682151874883572,4,False,9.68,0,0,0.63,2025-11-16 22:41:40.430253
synthetic_student_45,0.039868384648192645,4,False,24.0,0,0,0.7,2025-12-13 22:41:40.430274
synthetic_student_45,-1.5758411215826529,4,True,20.47,0,0,0.95,2026-01-08 22:41:40.430292
synthetic_student_45,0.5186015132153581,5,False,26.39,0,0,0.6,2025-12-22 22:41:40.430310
synthetic_student_45,-0.8378115778553528,1,False,22.46,0,0,0.49,2025-12-08 22:41:40.430328
synthetic_student_45,0.6984944865523044,8,False,29.72,0,0,0.45,2026-01-17 22:41:40.430347
synthetic_student_45,-0.22906554551194702,10,False,26.24,1,0,0.47,2025-10-21 22:41:40.430701
synthetic_student_45,-1.251895609781398,2,True,29.25,0,0,0.94,2025-11-25 22:41:40.430833
synthetic_student_45,-1.9532138581380978,2,True,13.86,0,0,0.77,2025-12-06 22:41:40.430997
synthetic_student_45,0.9774744070888803,4,False,34.59,2,0,0.55,2026-01-02 22:41:40.431037
synthetic_student_45,1.6255642840685,2,True,34.06,0,0,0.75,2026-01-19 22:41:40.431120
synthetic_student_45,-0.7272844431372341,8,True,30.13,0,0,0.78,2025-10-23 22:41:40.431297
synthetic_student_45,0.4637048620341835,5,False,31.25,0,0,0.31,2025-12-03 22:41:40.431383
synthetic_student_45,-0.15614281043169154,10,False,30.12,0,0,0.34,2025-12-30 22:41:40.431458
synthetic_student_45,-1.7930543949163016,5,False,16.77,0,0,0.61,2025-12-14 22:41:40.431618
synthetic_student_46,-1.4806974909731472,3,False,23.18,0,1,0.36,2025-12-02 22:41:40.431711
synthetic_student_46,-0.8188842656472612,7,False,26.66,0,0,0.44,2025-11-10 22:41:40.431742
synthetic_student_46,1.6732712968347276,7,False,37.39,0,0,0.55,2025-10-30 22:41:40.431765
synthetic_student_46,-1.9782404305130203,3,True,7.96,0,0,0.73,2025-11-28 22:41:40.431788
synthetic_student_46,-1.880919620811862,5,True,28.57,0,0,0.97,2025-12-15 22:41:40.431812
synthetic_student_46,-0.18338095027276324,4,True,25.91,1,0,0.77,2025-11-24 22:41:40.431846
synthetic_student_46,-0.14045558548308845,5,False,26.01,0,1,0.67,2026-01-01 22:41:40.431869
synthetic_student_46,-1.013106363593078,1,False,24.28,0,0,0.41,2025-12-01 22:41:40.431892
synthetic_student_46,-1.261015438697203,10,True,18.54,0,1,0.88,2026-01-02 22:41:40.431918
synthetic_student_46,0.9289463203941053,1,False,35.96,0,0,0.32,2026-01-04 22:41:40.431942
synthetic_student_46,0.0067496051814921465,6,True,37.71,2,0,0.96,2025-12-08 22:41:40.431965
synthetic_student_46,0.48855776588923394,8,False,33.73,0,0,0.67,2026-01-14 22:41:40.431987
synthetic_student_46,0.4227753398408116,5,True,28.4,1,0,0.84,2025-12-31 22:41:40.432010
synthetic_student_46,1.0571286640749795,2,True,35.9,0,0,0.95,2025-12-21 22:41:40.432033
synthetic_student_46,1.3045945930666485,2,False,29.58,1,0,0.55,2026-01-11 22:41:40.432056
synthetic_student_46,1.581924903516477,6,False,34.08,3,0,0.38,2025-11-23 22:41:40.432081
synthetic_student_46,0.5470163435754865,8,False,20.45,0,0,0.36,2025-11-30 22:41:40.432193
synthetic_student_46,1.0671205326793336,8,True,33.08,1,0,1.0,2025-11-29 22:41:40.432266
synthetic_student_46,1.4246199051600845,10,True,28.61,1,0,0.94,2025-11-07 22:41:40.432296
synthetic_student_46,-0.8342712122126033,9,False,25.65,1,0,0.33,2025-12-28 22:41:40.432319
synthetic_student_46,-0.10818835774877211,6,True,30.26,0,0,0.91,2025-12-26 22:41:40.432343
synthetic_student_46,-1.7600461066685802,6,True,25.88,0,0,0.8,2025-12-04 22:41:40.432368
synthetic_student_46,-0.16087406571958107,3,True,18.47,0,0,0.8,2025-12-07 22:41:40.432390
synthetic_student_46,-1.250351991371351,3,False,19.96,0,0,0.44,2025-11-03 22:41:40.432414
synthetic_student_46,-0.8204189282839924,6,False,20.7,1,1,0.39,2025-10-25 22:41:40.432437
synthetic_student_46,-0.11078647783441298,1,False,23.52,0,0,0.67,2025-11-10 22:41:40.432465
synthetic_student_46,0.11766077267989505,3,False,32.88,0,0,0.4,2025-12-18 22:41:40.432488
synthetic_student_46,-1.7646039003862555,9,False,18.76,0,0,0.53,2026-01-12 22:41:40.432511
synthetic_student_46,-1.1900196956508347,2,True,23.46,0,1,1.0,2025-10-28 22:41:40.432533
synthetic_student_46,0.37581686585275254,9,True,33.05,1,0,0.82,2025-12-17 22:41:40.432557
synthetic_student_46,-0.057127063532215416,9,True,27.73,1,0,0.84,2025-11-16 22:41:40.432581
synthetic_student_46,0.293033105203111,3,True,28.32,0,0,0.78,2025-12-12 22:41:40.432602
synthetic_student_46,1.516508477827005,3,False,42.15,0,0,0.59,2025-11-06 22:41:40.432625
synthetic_student_46,-0.9562660069089524,5,True,22.61,0,1,0.95,2025-12-08 22:41:40.432647
synthetic_student_46,0.01818418972196012,10,False,24.76,0,0,0.41,2025-11-25 22:41:40.432669
synthetic_student_46,0.5060902157514655,9,False,27.9,0,0,0.53,2025-12-27 22:41:40.432692
synthetic_student_46,-1.3660800888305737,2,True,18.35,1,0,0.71,2026-01-06 22:41:40.432716
synthetic_student_46,0.5711026280042244,10,False,24.47,2,1,0.55,2025-11-03 22:41:40.432739
synthetic_student_46,-1.3316829382915887,4,False,33.43,0,0,0.5,2025-10-27 22:41:40.432762
synthetic_student_46,-0.27647128692809986,10,True,28.94,1,0,0.75,2025-11-18 22:41:40.432786
synthetic_student_46,-1.9089048503587462,1,True,11.09,0,1,0.74,2025-12-10 22:41:40.433084
synthetic_student_46,-0.18438701604561958,6,True,20.5,0,0,0.79,2026-01-05 22:41:40.433177
synthetic_student_46,1.8410455997112796,1,False,47.76,0,0,0.3,2025-12-06 22:41:40.433205
synthetic_student_46,-1.0033037177325514,1,False,20.16,0,1,0.43,2025-11-27 22:41:40.433225
synthetic_student_46,0.007296500367745207,4,False,31.08,1,0,0.63,2025-12-26 22:41:40.433250
synthetic_student_46,-0.9850048193104235,7,False,24.5,0,0,0.64,2025-12-02 22:41:40.433274
synthetic_student_46,-1.471832749701019,10,True,25.67,0,0,0.93,2025-11-01 22:41:40.433292
synthetic_student_46,0.15351622016226907,8,True,34.5,0,0,0.85,2025-12-10 22:41:40.433308
synthetic_student_46,1.0303367900279268,4,False,37.46,1,1,0.47,2025-10-31 22:41:40.433326
synthetic_student_46,-0.68609036422164,9,True,29.7,1,0,0.8,2025-11-19 22:41:40.433343
synthetic_student_46,-1.9391902276271504,9,True,21.0,0,0,0.93,2025-12-01 22:41:40.433361
synthetic_student_46,-1.3121506693311513,7,True,23.92,0,0,0.7,2025-12-26 22:41:40.433378
synthetic_student_46,-1.8011585894549946,6,True,10.7,0,0,0.79,2025-12-20 22:41:40.433396
synthetic_student_46,1.5489252336096335,2,False,33.28,1,1,0.36,2025-12-04 22:41:40.433413
synthetic_student_46,-0.4903970205005548,5,False,27.79,0,0,0.49,2025-12-06 22:41:40.433431
synthetic_student_46,0.187467448880124,10,False,23.0,0,0,0.39,2025-12-23 22:41:40.433447
synthetic_student_46,-1.4145834052318094,3,True,15.82,0,0,0.94,2025-12-12 22:41:40.433464
synthetic_student_46,0.32445179587368056,2,False,37.01,0,0,0.42,2025-11-14 22:41:40.433482
synthetic_student_46,-0.9021477481044302,7,False,22.3,0,0,0.39,2025-11-09 22:41:40.433499
synthetic_student_46,-0.9523131994682235,9,True,24.19,0,0,0.86,2026-01-15 22:41:40.433516
synthetic_student_46,-0.8272143087134904,9,True,23.16,0,0,0.83,2025-11-26 22:41:40.433535
synthetic_student_46,1.264911818790631,4,False,27.79,0,1,0.61,2025-12-26 22:41:40.433552
synthetic_student_46,-0.3487339642232721,10,False,19.55,0,0,0.46,2025-12-27 22:41:40.433569
synthetic_student_46,1.3826209054412577,4,False,29.24,0,0,0.49,2026-01-08 22:41:40.433587
synthetic_student_46,-1.0984623191844993,10,True,20.61,1,0,0.78,2025-12-23 22:41:40.433610
synthetic_student_46,-1.2630743032644345,4,False,33.11,1,0,0.41,2025-12-09 22:41:40.433628
synthetic_student_46,-1.76240752739831,10,True,21.9,0,1,0.74,2025-11-11 22:41:40.433645
synthetic_student_46,-1.5437362443872362,3,True,22.14,0,0,0.94,2025-10-21 22:41:40.433662
synthetic_student_46,1.041364514003189,10,False,37.94,0,0,0.42,2025-10-27 22:41:40.433680
synthetic_student_46,0.6111986152586031,4,True,38.3,0,0,0.97,2025-11-18 22:41:40.433697
synthetic_student_46,-1.5858027766859206,6,True,21.2,0,0,0.94,2025-11-01 22:41:40.433715
synthetic_student_46,0.6819345991059613,2,True,33.93,0,0,0.71,2025-10-29 22:41:40.433732
synthetic_student_46,0.06592121931487194,8,False,25.45,0,0,0.33,2025-12-08 22:41:40.433749
synthetic_student_46,-1.8226746621801686,8,True,22.01,0,0,0.91,2025-11-29 22:41:40.433766
synthetic_student_46,0.7767628329166287,7,False,44.16,1,0,0.55,2026-01-19 22:41:40.433784
synthetic_student_46,-1.935366000112983,3,False,16.11,0,1,0.43,2026-01-01 22:41:40.433802
synthetic_student_46,-0.7426381831162527,1,True,19.68,1,0,0.94,2025-12-11 22:41:40.433821
synthetic_student_46,0.2568419367699861,5,True,28.86,1,1,0.86,2025-11-07 22:41:40.433838
synthetic_student_46,0.3569587276536983,3,True,25.65,0,0,0.92,2025-10-27 22:41:40.433855
synthetic_student_46,-0.9382043588115385,5,True,16.26,0,0,0.99,2025-12-29 22:41:40.433872
synthetic_student_46,-1.2251834787403806,8,True,24.22,0,0,0.77,2025-12-06 22:41:40.433889
synthetic_student_46,0.18940570466134066,9,False,38.55,1,1,0.41,2025-11-08 22:41:40.433909
synthetic_student_46,0.08142661673172213,7,False,25.08,0,0,0.59,2025-12-16 22:41:40.433927
synthetic_student_46,-0.8883846460506581,5,True,30.53,0,0,0.97,2026-01-13 22:41:40.433946
synthetic_student_46,-0.8269722654541698,1,True,27.62,0,0,0.8,2025-11-05 22:41:40.433964
synthetic_student_46,1.0069919722013885,6,True,34.23,0,0,0.76,2026-01-08 22:41:40.433981
synthetic_student_46,-0.2875082434901217,6,True,20.8,2,0,0.84,2025-11-29 22:41:40.433998
synthetic_student_46,0.499178873738074,9,False,36.05,1,0,0.53,2026-01-19 22:41:40.434016
synthetic_student_46,-1.0407143660439524,8,True,14.38,0,0,0.74,2026-01-15 22:41:40.434033
synthetic_student_46,1.6943945383862076,7,False,45.0,2,0,0.33,2025-12-14 22:41:40.434051
synthetic_student_46,-1.426152190599601,3,False,28.48,0,0,0.5,2025-12-23 22:41:40.434068
synthetic_student_46,-1.4560284386820825,5,True,17.78,0,0,0.99,2025-12-11 22:41:40.434085
synthetic_student_46,0.8007120283589169,5,True,37.71,1,1,0.81,2025-10-21 22:41:40.434104
synthetic_student_46,-1.4739491856177493,10,True,29.57,0,0,0.93,2025-12-06 22:41:40.434122
synthetic_student_46,-0.440382136046674,6,True,16.46,0,0,0.96,2025-12-27 22:41:40.434140
synthetic_student_46,1.9522229805214644,1,True,32.46,0,0,0.88,2025-11-23 22:41:40.434157
synthetic_student_46,-1.706276531687557,10,True,16.94,0,0,0.87,2025-11-16 22:41:40.434174
synthetic_student_46,-0.24019191038888055,2,False,16.4,0,0,0.49,2026-01-08 22:41:40.434191
synthetic_student_46,1.2343227498602047,1,False,34.79,2,0,0.4,2025-11-29 22:41:40.434209
synthetic_student_46,0.5016784584515901,9,True,23.11,1,0,0.98,2025-11-24 22:41:40.434227
synthetic_student_47,1.8893473257916567,7,False,28.9,2,0,0.45,2025-10-23 22:41:40.434247
synthetic_student_47,0.349096940655639,6,True,26.19,0,0,0.89,2025-12-13 22:41:40.434264
synthetic_student_47,1.5236418325796781,8,True,22.65,1,0,0.8,2025-11-08 22:41:40.434281
synthetic_student_47,-1.5927039949518265,10,True,13.17,0,0,0.7,2025-11-19 22:41:40.434300
synthetic_student_47,1.4920862514980948,9,False,33.2,0,0,0.61,2025-11-05 22:41:40.434318
synthetic_student_47,0.8763334237020386,8,True,27.25,0,0,0.84,2025-10-31 22:41:40.434335
synthetic_student_47,1.0748419184024653,7,False,28.75,1,0,0.42,2025-11-15 22:41:40.434354
synthetic_student_47,-1.6169202376534173,6,True,14.17,0,0,0.72,2025-12-29 22:41:40.434373
synthetic_student_47,0.6795874090126728,4,False,24.68,0,1,0.38,2025-11-07 22:41:40.434390
synthetic_student_47,1.4472489667208892,6,False,19.71,0,0,0.34,2025-12-14 22:41:40.434408
synthetic_student_47,-0.4572850994208322,10,True,17.16,2,0,0.97,2025-12-05 22:41:40.434425
synthetic_student_47,-1.1787191031793327,5,False,16.8,0,0,0.64,2025-11-15 22:41:40.434443
synthetic_student_47,-1.0890055521927229,7,False,20.22,0,0,0.37,2025-12-08 22:41:40.434460
synthetic_student_47,-0.8283233696639538,7,False,23.46,2,0,0.31,2026-01-02 22:41:40.434478
synthetic_student_47,1.2327968736338915,8,False,24.35,0,0,0.33,2025-11-21 22:41:40.434494
synthetic_student_47,0.56482748642535,7,False,22.41,0,0,0.65,2026-01-11 22:41:40.434511
synthetic_student_47,-1.6452921423903994,7,True,20.47,0,0,0.73,2025-10-31 22:41:40.434529
synthetic_student_47,0.08443019795769091,2,True,22.8,1,0,0.73,2025-12-06 22:41:40.434546
synthetic_student_47,1.5266567101465083,5,True,35.76,1,0,0.72,2025-11-07 22:41:40.434563
synthetic_student_47,-1.706062448817299,5,True,13.3,0,0,0.72,2025-10-30 22:41:40.434581
synthetic_student_47,-0.38048780197613885,5,True,26.4,1,0,0.79,2025-11-18 22:41:40.434598
synthetic_student_47,-1.2631783045967202,9,True,18.07,0,0,0.73,2025-10-29 22:41:40.434615
synthetic_student_47,-1.738697587965357,3,True,22.25,0,0,0.78,2026-01-10 22:41:40.434634
synthetic_student_47,-1.8686382902586334,2,True,25.66,0,0,0.89,2025-12-05 22:41:40.434652
synthetic_student_47,-1.3255432570954557,7,False,18.24,0,0,0.59,2026-01-16 22:41:40.434669
synthetic_student_47,-1.7725116808146093,1,True,28.68,0,0,0.95,2025-10-23 22:41:40.434686
synthetic_student_47,-0.11547778560577493,9,True,14.01,0,0,0.87,2025-12-30 22:41:40.434703
synthetic_student_47,0.3585294021979961,2,False,18.5,0,0,0.62,2025-11-13 22:41:40.434721
synthetic_student_47,1.062575107211079,7,False,37.43,0,0,0.63,2025-11-01 22:41:40.434738
synthetic_student_47,-1.2331545928633552,4,True,25.75,0,0,0.98,2026-01-08 22:41:40.434756
synthetic_student_47,-0.33702263540476096,1,True,20.07,0,0,0.87,2025-11-26 22:41:40.434773
synthetic_student_47,-1.3656787375468178,4,True,28.61,0,0,0.86,2025-12-30 22:41:40.434790
synthetic_student_47,-1.081415202333175,9,True,14.41,0,0,0.75,2025-12-05 22:41:40.434828
synthetic_student_47,0.2036766339268019,2,False,29.42,2,0,0.68,2025-11-11 22:41:40.434847
synthetic_student_47,-0.5247606448876678,10,True,27.85,0,0,0.77,2025-11-16 22:41:40.434864
synthetic_student_47,-1.7513460726405436,5,True,19.86,0,0,0.74,2025-12-28 22:41:40.434882
synthetic_student_47,-0.2436278195844248,1,True,25.81,0,1,0.9,2025-11-07 22:41:40.434899
synthetic_student_47,1.9436430096828947,8,False,38.13,1,0,0.35,2025-12-23 22:41:40.434916
synthetic_student_47,-0.8315721714550826,5,True,22.21,0,0,0.91,2025-11-07 22:41:40.434933
synthetic_student_47,1.206513833452227,2,True,25.39,1,0,0.84,2025-12-17 22:41:40.434950
synthetic_student_47,-1.0977094756289145,10,True,18.79,0,0,1.0,2025-11-10 22:41:40.434967
synthetic_student_47,1.1745387605995838,10,True,31.77,1,0,0.84,2025-11-19 22:41:40.434985
synthetic_student_47,0.8965237204048213,10,False,26.9,1,0,0.64,2025-12-29 22:41:40.435005
synthetic_student_47,1.0992482167376334,4,True,29.56,0,0,0.94,2025-11-10 22:41:40.435022
synthetic_student_47,-1.3776663222125558,7,True,19.93,0,0,0.99,2026-01-17 22:41:40.435039
synthetic_student_47,-0.15279135409822198,1,True,20.82,1,0,0.77,2025-12-28 22:41:40.435060
synthetic_student_47,-0.7451081035110558,7,True,20.45,0,0,0.78,2025-12-01 22:41:40.435077
synthetic_student_47,1.6350859791793613,9,True,33.86,0,0,0.91,2026-01-09 22:41:40.435094
synthetic_student_47,-0.6446698415874028,7,False,18.05,0,0,0.51,2025-11-23 22:41:40.435113
synthetic_student_47,-1.773373170483164,5,True,10.74,0,0,0.92,2025-12-16 22:41:40.435131
synthetic_student_47,0.15162762821214804,5,False,17.54,1,0,0.49,2026-01-16 22:41:40.435149
synthetic_student_47,0.17484929188121257,4,True,23.58,0,0,0.99,2025-10-27 22:41:40.435168
synthetic_student_47,-0.6316413430477685,5,True,16.35,1,0,0.78,2025-11-02 22:41:40.435188
synthetic_student_47,-0.23413768897780907,5,True,25.6,0,0,0.84,2025-11-22 22:41:40.435206
synthetic_student_47,1.8975097443978184,5,True,25.35,2,0,0.78,2026-01-03 22:41:40.435227
synthetic_student_47,0.5817788636255674,3,True,26.3,0,0,0.99,2025-12-13 22:41:40.435247
synthetic_student_47,0.842488185096133,2,True,19.17,1,0,0.78,2025-11-27 22:41:40.435267
synthetic_student_47,1.2557508508798838,7,False,23.56,0,0,0.43,2025-11-26 22:41:40.435286
synthetic_student_47,0.9521575024790101,3,False,29.36,0,0,0.58,2025-11-24 22:41:40.435306
synthetic_student_47,1.3400045088462873,5,True,26.65,1,0,0.71,2025-11-06 22:41:40.435326
synthetic_student_47,-0.5366476589560532,7,True,25.53,0,0,0.89,2025-12-06 22:41:40.435345
synthetic_student_47,1.0147772653116154,10,False,22.5,0,0,0.45,2025-11-29 22:41:40.435367
synthetic_student_47,1.0053198181943972,6,False,29.79,0,0,0.51,2025-11-08 22:41:40.435387
synthetic_student_47,0.4176975653442092,4,True,27.99,0,0,0.88,2025-12-08 22:41:40.435406
synthetic_student_47,0.3769887814245476,3,False,21.37,1,0,0.33,2026-01-16 22:41:40.435426
synthetic_student_47,1.328233096460821,3,True,27.47,1,0,0.96,2025-11-24 22:41:40.435447
synthetic_student_47,1.081338954509926,2,True,31.01,0,0,0.98,2025-12-30 22:41:40.435467
synthetic_student_47,1.8835430491201306,10,True,32.42,2,0,0.92,2025-11-17 22:41:40.435489
synthetic_student_47,1.8142209192970014,7,False,23.37,0,0,0.51,2025-12-28 22:41:40.435509
synthetic_student_47,-0.9184089693777411,2,True,23.36,0,0,0.71,2025-12-27 22:41:40.435528
synthetic_student_47,-0.4324250784984791,3,True,28.24,0,0,0.92,2025-12-16 22:41:40.435548
synthetic_student_47,0.08173369206360004,2,True,27.04,1,0,0.86,2026-01-13 22:41:40.435570
synthetic_student_47,0.0048046087279223215,2,True,20.82,0,0,0.93,2025-12-14 22:41:40.435588
synthetic_student_47,1.6940959596284548,5,False,28.85,1,0,0.44,2025-12-05 22:41:40.435607
synthetic_student_47,-0.0021810798223502736,10,True,28.02,1,0,0.99,2025-12-25 22:41:40.435626
synthetic_student_47,-1.8603706095419792,6,True,16.86,0,0,0.95,2025-12-22 22:41:40.435646
synthetic_student_47,-1.9279386480208336,8,True,15.95,0,0,0.74,2026-01-10 22:41:40.435665
synthetic_student_47,-0.11116816653771666,4,True,14.69,0,0,0.93,2025-10-27 22:41:40.435686
synthetic_student_47,-0.4320543187400605,10,True,17.1,0,0,0.76,2025-12-23 22:41:40.435705
synthetic_student_47,1.8618359557213564,2,False,30.24,1,0,0.53,2025-11-22 22:41:40.435724
synthetic_student_47,1.1338310685283037,3,True,24.74,0,1,0.79,2025-10-25 22:41:40.435744
synthetic_student_47,-1.2191980765527637,10,True,19.74,2,0,0.8,2025-11-11 22:41:40.435764
synthetic_student_47,-0.968243838386754,9,True,21.56,0,0,0.7,2025-12-07 22:41:40.435782
synthetic_student_47,0.5428795708111398,10,True,16.6,0,0,0.97,2025-12-21 22:41:40.435800
synthetic_student_47,0.4341469866462231,2,True,32.34,1,0,0.97,2025-12-18 22:41:40.435819
synthetic_student_47,-0.4088882083759371,9,True,15.65,0,0,0.82,2025-11-14 22:41:40.435839
synthetic_student_47,-0.19341168989417445,8,True,20.5,1,0,0.8,2025-12-17 22:41:40.435858
synthetic_student_47,-0.017489471273376633,8,True,29.72,0,0,0.97,2026-01-12 22:41:40.435949
synthetic_student_47,0.9892074487693012,7,True,25.8,0,0,0.92,2025-11-10 22:41:40.435974
synthetic_student_47,-1.4323556989950799,3,True,18.04,0,0,0.89,2025-11-25 22:41:40.435994
synthetic_student_47,-1.1462869063511327,4,True,17.21,0,0,0.84,2025-11-06 22:41:40.436012
synthetic_student_47,-0.615958513643295,3,True,28.41,0,0,0.84,2025-12-21 22:41:40.436032
synthetic_student_47,0.007969372921674989,2,True,15.43,0,0,0.74,2025-11-14 22:41:40.436050
synthetic_student_47,1.8212362193062672,10,True,26.89,1,0,0.99,2025-11-09 22:41:40.436068
synthetic_student_47,-0.3075745738252338,4,True,30.57,1,0,0.95,2025-12-15 22:41:40.436087
synthetic_student_47,-1.0527725014136022,2,True,20.0,1,0,0.86,2025-12-11 22:41:40.436106
synthetic_student_47,1.7359454455541958,8,False,20.0,3,0,0.4,2025-10-22 22:41:40.436124
synthetic_student_47,-1.9163141703023494,1,True,12.67,0,1,0.9,2026-01-03 22:41:40.436144
synthetic_student_47,-1.9434947129879245,7,False,5.0,0,0,0.41,2025-12-14 22:41:40.436162
synthetic_student_47,1.6381582811875157,6,True,35.39,0,0,0.83,2026-01-02 22:41:40.436180
synthetic_student_48,-1.043580263148241,3,False,38.9,0,0,0.67,2026-01-15 22:41:40.436200
synthetic_student_48,-1.7618598610878453,2,True,27.89,0,0,0.9,2026-01-10 22:41:40.436217
synthetic_student_48,-1.0617495105545438,1,True,32.95,0,0,0.98,2025-11-04 22:41:40.436236
synthetic_student_48,-1.5186038735315792,4,True,25.6,0,0,0.93,2025-11-13 22:41:40.436253
synthetic_student_48,-1.0917124456400482,6,True,39.87,1,0,0.73,2026-01-18 22:41:40.436271
synthetic_student_48,1.3455554152602094,5,False,47.53,1,0,0.47,2025-11-25 22:41:40.436288
synthetic_student_48,0.4437334791572485,9,False,48.92,0,0,0.31,2025-10-27 22:41:40.436306
synthetic_student_48,-0.0683873697773798,9,False,36.56,1,0,0.32,2025-11-28 22:41:40.436323
synthetic_student_48,1.2479675609670893,6,False,35.48,2,1,0.56,2025-11-26 22:41:40.436342
synthetic_student_48,1.0018396691351916,6,True,34.06,0,0,0.79,2025-10-31 22:41:40.436359
synthetic_student_48,0.17357229165689514,5,False,39.01,0,0,0.48,2025-12-15 22:41:40.436376
synthetic_student_48,-1.9117984084764328,7,False,28.3,0,0,0.47,2025-11-26 22:41:40.436394
synthetic_student_48,0.7114347559764935,10,False,36.0,1,0,0.44,2025-12-23 22:41:40.436412
synthetic_student_48,1.462366081734399,9,False,28.92,2,0,0.35,2025-12-18 22:41:40.436430
synthetic_student_48,1.6467487792141418,9,False,39.82,0,0,0.68,2025-12-10 22:41:40.436447
synthetic_student_48,0.1708487525978355,7,False,24.62,0,0,0.65,2025-11-20 22:41:40.436465
synthetic_student_48,-1.5283891624588763,7,False,21.91,0,1,0.53,2025-11-29 22:41:40.436484
synthetic_student_48,-0.9966726676984337,8,True,38.22,1,0,0.96,2025-12-28 22:41:40.436504
synthetic_student_48,-0.9815835976067477,3,False,33.14,0,0,0.53,2026-01-02 22:41:40.436523
synthetic_student_48,1.2438267513541352,10,False,42.76,1,0,0.63,2026-01-07 22:41:40.436546
synthetic_student_48,-0.3225218443648803,5,False,34.9,0,1,0.46,2025-12-31 22:41:40.436566
synthetic_student_48,1.9777111648687642,5,False,39.79,0,0,0.43,2026-01-14 22:41:40.436583
synthetic_student_48,1.1940617583774533,5,False,44.39,0,0,0.36,2025-10-21 22:41:40.436600
synthetic_student_48,0.2152730243590697,3,False,40.38,2,0,0.41,2025-11-18 22:41:40.436617
synthetic_student_48,-1.9482103551784418,3,True,29.14,0,0,0.74,2025-11-07 22:41:40.436635
synthetic_student_48,-1.3322350091235657,3,True,30.12,0,0,0.91,2025-11-03 22:41:40.436652
synthetic_student_48,-0.6304628755666482,8,False,40.99,0,0,0.6,2025-12-21 22:41:40.436670
synthetic_student_48,-0.3023296615212181,3,False,34.31,0,0,0.32,2025-12-28 22:41:40.436687
synthetic_student_48,-1.8764533158295027,2,True,26.56,0,0,0.93,2025-10-27 22:41:40.436705
synthetic_student_48,-0.648959761695163,6,False,33.15,0,0,0.44,2025-11-29 22:41:40.436722
synthetic_student_48,-0.9552287710571719,10,True,35.99,0,0,0.84,2026-01-03 22:41:40.436739
synthetic_student_48,0.7528315944876289,2,False,37.76,1,0,0.39,2025-11-16 22:41:40.436756
synthetic_student_48,-1.8456354174267924,3,True,20.8,0,0,0.95,2025-11-08 22:41:40.436773
synthetic_student_48,-0.13901448545838901,7,False,36.02,0,0,0.4,2026-01-17 22:41:40.436790
synthetic_student_48,-0.5454059295686768,8,False,36.27,0,0,0.36,2026-01-04 22:41:40.436819
synthetic_student_48,0.37887654248006486,9,False,25.8,0,0,0.6,2025-11-03 22:41:40.436844
synthetic_student_48,-1.295188408956026,3,False,30.46,0,0,0.61,2025-11-20 22:41:40.436862
synthetic_student_48,1.4388563217804915,9,False,36.79,0,0,0.35,2026-01-16 22:41:40.436880
synthetic_student_48,-0.804886742905798,1,False,31.72,0,0,0.41,2025-10-23 22:41:40.436898
synthetic_student_48,0.28549584922761184,4,False,32.79,1,0,0.65,2025-11-03 22:41:40.436918
synthetic_student_48,1.148658755396395,6,False,48.75,0,0,0.43,2025-11-03 22:41:40.436936
synthetic_student_48,1.606958250679103,3,False,38.12,1,0,0.54,2025-11-08 22:41:40.436953
synthetic_student_48,1.4894781307069715,6,False,38.24,3,0,0.67,2025-11-21 22:41:40.436972
synthetic_student_48,-1.158566666472396,7,True,28.72,0,0,0.86,2025-12-07 22:41:40.436990
synthetic_student_48,1.2082015188679573,2,False,41.16,0,0,0.31,2025-11-30 22:41:40.437009
synthetic_student_48,0.2539612270498912,5,True,30.84,1,0,0.74,2025-12-09 22:41:40.437027
synthetic_student_48,-0.29679085669972727,3,False,35.13,0,0,0.52,2025-11-07 22:41:40.437045
synthetic_student_48,-0.8174303241932463,7,True,33.84,1,0,0.73,2025-11-22 22:41:40.437064
synthetic_student_48,1.6717960095382147,7,False,44.58,0,0,0.36,2025-11-23 22:41:40.437083
synthetic_student_48,-0.2035729561224997,10,False,30.22,0,0,0.6,2025-11-14 22:41:40.437102
synthetic_student_48,0.929150536044149,3,False,45.09,2,0,0.69,2026-01-09 22:41:40.437120
synthetic_student_48,-0.8276270352618336,4,False,33.24,0,0,0.38,2025-11-04 22:41:40.437138
synthetic_student_48,0.8766555322202385,4,False,45.03,0,0,0.52,2026-01-16 22:41:40.437156
synthetic_student_48,-0.30816024897212646,7,False,36.16,0,0,0.5,2025-10-29 22:41:40.437174
synthetic_student_48,0.7860390435545388,7,False,43.89,1,0,0.38,2025-12-06 22:41:40.437192
synthetic_student_48,-1.2987316263815964,2,False,18.03,1,0,0.42,2025-10-26 22:41:40.437211
synthetic_student_48,0.5403886310953667,3,False,45.42,0,0,0.43,2025-11-21 22:41:40.437229
synthetic_student_48,1.9710981743423317,2,False,47.42,1,0,0.32,2025-11-24 22:41:40.437247
synthetic_student_48,-1.4959700275398053,2,True,20.48,2,0,0.75,2025-10-25 22:41:40.437265
synthetic_student_48,0.9910845411321096,6,False,41.48,3,0,0.41,2025-10-23 22:41:40.437286
synthetic_student_48,-0.7595110079660268,2,False,29.7,0,0,0.53,2025-10-27 22:41:40.437305
synthetic_student_48,-0.7531910253505778,6,False,24.94,3,0,0.55,2025-11-08 22:41:40.437323
synthetic_student_48,0.9591041099387807,10,False,46.31,0,0,0.31,2025-10-26 22:41:40.437343
synthetic_student_48,-1.9025484747927837,6,True,30.49,0,0,0.93,2026-01-11 22:41:40.437359
synthetic_student_48,1.0116024424967889,1,True,29.49,1,0,0.88,2026-01-15 22:41:40.437376
synthetic_student_48,0.4183097971076868,1,False,37.79,0,0,0.39,2025-11-05 22:41:40.437393
synthetic_student_48,1.9046568200113145,2,False,40.39,0,0,0.5,2025-11-07 22:41:40.437409
synthetic_student_48,-1.7528942775941623,6,False,23.29,0,0,0.46,2025-11-14 22:41:40.437427
synthetic_student_48,-1.9873796615186676,6,True,32.95,0,0,0.92,2025-11-07 22:41:40.437444
synthetic_student_48,0.06360277725628904,2,False,31.39,0,0,0.68,2025-11-21 22:41:40.437461
synthetic_student_48,-0.430063621083173,2,True,34.08,1,0,0.71,2025-12-10 22:41:40.437478
synthetic_student_48,1.8825692344950538,9,False,37.19,1,0,0.57,2025-12-03 22:41:40.437496
synthetic_student_48,-0.6553309295448115,1,False,34.79,0,0,0.43,2025-11-02 22:41:40.437516
synthetic_student_48,-1.722605828815202,10,False,32.54,0,0,0.4,2026-01-18 22:41:40.437533
synthetic_student_48,1.4039172811964575,7,False,50.41,0,0,0.48,2025-12-12 22:41:40.437551
synthetic_student_48,1.3851743888805865,3,False,44.36,0,0,0.31,2026-01-10 22:41:40.437569
synthetic_student_48,0.9427040806310716,6,True,37.4,0,1,0.86,2026-01-19 22:41:40.437588
synthetic_student_48,0.8072035800355035,9,False,40.66,2,0,0.62,2025-12-31 22:41:40.437606
synthetic_student_48,-0.6703860066293594,1,False,26.88,2,0,0.61,2026-01-11 22:41:40.437625
synthetic_student_48,0.015001595603955309,6,False,45.47,0,0,0.38,2025-11-04 22:41:40.437642
synthetic_student_48,-1.5671741669166042,4,False,37.64,0,0,0.54,2025-10-30 22:41:40.437659
synthetic_student_48,1.0737796868714957,5,False,34.62,3,0,0.7,2025-12-31 22:41:40.437676
synthetic_student_48,1.2705277042603886,4,False,34.21,0,0,0.57,2026-01-07 22:41:40.437693
synthetic_student_48,-1.4891364257752087,10,False,26.05,1,0,0.69,2025-10-30 22:41:40.437711
synthetic_student_48,1.567240653029411,6,False,41.23,0,0,0.58,2025-12-30 22:41:40.437728
synthetic_student_48,1.9758781763892213,4,False,37.21,0,0,0.41,2025-11-01 22:41:40.437746
synthetic_student_48,-0.7211530185039399,1,False,35.7,0,0,0.66,2025-12-04 22:41:40.437764
synthetic_student_48,1.0782627776768066,1,False,45.52,0,0,0.67,2026-01-12 22:41:40.437782
synthetic_student_48,-0.8180810188133725,10,False,32.41,0,0,0.32,2025-12-18 22:41:40.437799
synthetic_student_48,1.1056381638093304,5,False,37.35,1,0,0.32,2026-01-01 22:41:40.437816
synthetic_student_48,0.5286046026607907,8,False,37.59,2,0,0.37,2025-12-08 22:41:40.437838
synthetic_student_48,1.3278178421152744,5,False,44.93,0,0,0.61,2025-12-12 22:41:40.437858
synthetic_student_48,-0.8056114960554184,9,False,22.44,1,0,0.42,2025-11-20 22:41:40.437875
synthetic_student_48,-1.1972857290837058,2,False,19.01,1,0,0.59,2025-10-26 22:41:40.437893
synthetic_student_48,-0.3519230379198759,10,False,21.74,2,0,0.48,2025-11-03 22:41:40.437912
synthetic_student_48,-0.16451219052293808,8,False,27.95,0,0,0.46,2025-11-17 22:41:40.437929
synthetic_student_48,-0.3136514171293663,4,False,34.79,1,0,0.46,2025-12-29 22:41:40.437946
synthetic_student_48,-1.4283289849128153,2,False,21.94,0,0,0.53,2025-12-16 22:41:40.437963
synthetic_student_48,-1.7324873581549896,5,True,34.9,0,0,0.86,2025-11-10 22:41:40.437983
synthetic_student_48,0.6873012472634175,10,False,44.51,1,0,0.61,2025-11-01 22:41:40.438000
synthetic_student_49,1.1582696940745842,7,True,30.73,1,0,0.94,2026-01-14 22:41:40.438018
synthetic_student_49,-0.3628062942436783,2,True,34.25,0,0,0.94,2025-11-22 22:41:40.438035
synthetic_student_49,-1.933356049979405,1,False,23.89,0,0,0.43,2026-01-12 22:41:40.438052
synthetic_student_49,-0.25426654604401167,3,True,28.09,1,0,0.78,2026-01-10 22:41:40.438069
synthetic_student_49,0.809434742357483,7,False,27.28,2,0,0.39,2025-11-25 22:41:40.438086
synthetic_student_49,-1.2903671157519905,2,True,20.35,0,0,0.86,2025-12-15 22:41:40.438102
synthetic_student_49,1.4164792138214564,9,False,38.44,1,0,0.37,2025-12-04 22:41:40.438119
synthetic_student_49,-1.372859829899674,4,True,14.4,1,0,0.72,2025-10-21 22:41:40.438137
synthetic_student_49,1.1619815227301373,7,False,29.32,1,0,0.37,2025-10-24 22:41:40.438155
synthetic_student_49,0.4017950308845757,1,False,27.97,3,0,0.61,2026-01-06 22:41:40.438173
synthetic_student_49,-0.6285039883339629,6,False,31.09,0,0,0.45,2025-11-22 22:41:40.438193
synthetic_student_49,-1.6382325218286686,4,True,22.9,0,0,0.88,2025-12-10 22:41:40.438210
synthetic_student_49,-0.4781161706704955,10,True,21.04,1,0,0.84,2025-11-25 22:41:40.438226
synthetic_student_49,1.6933636236476706,5,False,28.35,0,0,0.55,2025-11-04 22:41:40.438242
synthetic_student_49,-1.452072310073266,9,True,29.04,0,0,0.83,2025-11-07 22:41:40.438259
synthetic_student_49,-1.8688346834051544,1,True,23.18,0,0,0.99,2025-12-31 22:41:40.438276
synthetic_student_49,-1.2187404076286494,9,True,25.59,2,0,0.96,2026-01-16 22:41:40.438292
synthetic_student_49,-1.7941262772978153,4,True,18.46,0,0,0.77,2025-12-27 22:41:40.438312
synthetic_student_49,-0.15871664251990092,5,False,28.24,0,0,0.66,2025-10-31 22:41:40.438330
synthetic_student_49,-0.5859604887940426,7,True,26.19,0,0,0.99,2026-01-13 22:41:40.438349
synthetic_student_49,0.19835852861450842,4,True,36.41,2,0,0.74,2026-01-07 22:41:40.438366
synthetic_student_49,-0.39047277776060385,8,True,25.73,1,0,0.78,2026-01-05 22:41:40.438381
synthetic_student_49,-1.8376544949624534,4,True,11.0,0,0,0.86,2025-12-08 22:41:40.438398
synthetic_student_49,-1.7581524980540357,3,True,19.15,0,0,0.75,2025-12-07 22:41:40.438415
synthetic_student_49,-1.9290265490787184,6,True,19.74,0,0,0.87,2025-11-19 22:41:40.438431
synthetic_student_49,0.3430888314454097,9,False,29.49,0,0,0.38,2025-12-30 22:41:40.438448
synthetic_student_49,-0.5048535396850524,1,True,24.96,0,0,0.81,2026-01-11 22:41:40.438465
synthetic_student_49,0.6924036727040361,5,False,23.97,3,1,0.38,2026-01-15 22:41:40.438483
synthetic_student_49,0.6268792588101695,6,False,27.89,1,0,0.41,2025-12-11 22:41:40.438500
synthetic_student_49,-0.1592736752522863,1,True,26.28,0,0,0.82,2025-12-17 22:41:40.438517
synthetic_student_49,-0.6464668617058673,6,True,19.37,0,0,0.74,2025-12-27 22:41:40.438533
synthetic_student_49,-1.8471086910873242,2,True,14.37,0,0,0.99,2025-12-19 22:41:40.438549
synthetic_student_49,0.6746341906250466,10,True,37.07,1,0,0.88,2025-11-23 22:41:40.438564
synthetic_student_49,1.0293521263208576,10,False,32.33,0,0,0.45,2025-12-25 22:41:40.438580
synthetic_student_49,-0.86199945899327,1,True,22.72,0,0,0.92,2026-01-13 22:41:40.438596
synthetic_student_49,1.9764162849458238,3,True,32.1,1,0,0.85,2025-12-25 22:41:40.438611
synthetic_student_49,-0.046482674156206105,5,False,17.99,1,0,0.53,2025-11-06 22:41:40.438629
synthetic_student_49,-0.5108976327898187,8,False,21.21,0,0,0.38,2025-11-01 22:41:40.438647
synthetic_student_49,0.3874185807131987,1,False,25.43,1,0,0.35,2025-11-06 22:41:40.438662
synthetic_student_49,-1.677863436691574,7,True,16.89,0,0,0.91,2025-11-08 22:41:40.438678
synthetic_student_49,-0.39606590566443156,10,True,30.79,0,0,0.77,2026-01-04 22:41:40.438694
synthetic_student_49,1.1146133357104633,7,False,25.34,0,0,0.52,2026-01-05 22:41:40.438710
synthetic_student_49,0.0104426182702273,3,True,30.62,1,0,0.73,2026-01-02 22:41:40.438726
synthetic_student_49,0.12540310400128707,5,False,23.1,0,1,0.42,2025-10-30 22:41:40.438742
synthetic_student_49,0.19790004919987014,3,True,28.76,0,0,0.71,2025-12-24 22:41:40.438758
synthetic_student_49,0.35781680532309634,1,False,27.38,1,0,0.49,2025-11-26 22:41:40.438774
synthetic_student_49,-1.7460091354406422,10,True,15.49,0,0,0.88,2025-10-30 22:41:40.438789
synthetic_student_49,0.24721891080403413,6,False,23.27,1,0,0.52,2026-01-01 22:41:40.438805
synthetic_student_49,0.827639139123435,8,False,39.9,0,0,0.54,2025-11-09 22:41:40.438835
synthetic_student_49,0.2814202771957457,5,True,25.2,0,0,0.88,2025-10-24 22:41:40.438854
synthetic_student_49,1.7469995049331466,2,False,35.41,0,0,0.34,2026-01-16 22:41:40.438871
synthetic_student_49,-0.20670095230059848,3,False,24.19,2,0,0.44,2025-11-11 22:41:40.438887
synthetic_student_49,-0.32780332492298436,4,False,25.14,0,0,0.58,2025-10-29 22:41:40.438904
synthetic_student_49,-0.32245632041087946,1,True,23.99,0,0,0.74,2025-12-20 22:41:40.438921
synthetic_student_49,-0.023318542977087464,8,False,25.31,0,0,0.35,2025-11-26 22:41:40.438937
synthetic_student_49,-0.7287327803360539,7,True,28.37,0,0,0.71,2025-12-28 22:41:40.438953
synthetic_student_49,-1.7173343507980134,2,True,18.58,0,0,0.74,2025-11-13 22:41:40.438971
synthetic_student_49,-0.9663960017941164,7,True,16.47,0,0,0.75,2025-11-13 22:41:40.438987
synthetic_student_49,0.9795793906173995,8,False,25.06,2,0,0.57,2025-10-26 22:41:40.439003
synthetic_student_49,-1.9559177783490989,9,True,21.5,0,0,0.77,2026-01-02 22:41:40.439020
synthetic_student_49,-1.6118463325142387,6,True,15.34,0,0,0.87,2026-01-07 22:41:40.439036
synthetic_student_49,-1.1101878586605718,5,True,18.71,0,0,0.81,2025-11-08 22:41:40.439053
synthetic_student_49,0.49631968582223385,9,False,30.76,1,0,0.4,2025-11-27 22:41:40.439069
synthetic_student_49,0.4593582318846918,6,False,28.87,0,0,0.64,2026-01-02 22:41:40.439085
synthetic_student_49,-0.0946588098633212,1,True,22.56,2,0,0.82,2026-01-11 22:41:40.439100
synthetic_student_49,1.8735976711241356,9,True,29.18,1,0,0.88,2025-11-10 22:41:40.439116
synthetic_student_49,1.0760314114126213,2,False,33.69,1,0,0.56,2025-11-18 22:41:40.439132
synthetic_student_49,-0.7519551597941452,3,True,24.68,0,0,0.76,2025-12-09 22:41:40.439148
synthetic_student_49,-1.501242869126306,7,True,16.2,0,0,0.75,2025-11-17 22:41:40.439165
synthetic_student_49,-0.5398043957226792,9,True,21.09,0,1,0.87,2025-10-25 22:41:40.439180
synthetic_student_49,0.6183594762032496,3,True,24.02,0,0,0.91,2025-11-18 22:41:40.439196
synthetic_student_49,-0.022390993072578524,8,True,22.6,1,0,0.9,2026-01-08 22:41:40.439212
synthetic_student_49,-0.9844753887177746,1,False,19.61,0,0,0.69,2025-12-24 22:41:40.439228
synthetic_student_49,1.7690629743536976,3,False,41.18,0,0,0.38,2025-10-24 22:41:40.439243
synthetic_student_49,1.7214594350291708,5,False,27.62,2,0,0.61,2025-12-13 22:41:40.439258
synthetic_student_49,-0.14556277588898237,10,True,27.62,1,0,0.79,2025-11-25 22:41:40.439274
synthetic_student_49,-0.16160820322112723,10,True,28.21,1,0,0.9,2026-01-05 22:41:40.439292
synthetic_student_49,-1.6212723921163548,5,True,23.45,1,0,0.95,2025-12-18 22:41:40.439308
synthetic_student_49,1.1590879802003302,1,True,24.22,1,1,0.74,2025-12-11 22:41:40.439323
synthetic_student_49,-0.4337511364833775,10,True,16.56,0,0,0.99,2026-01-02 22:41:40.439339
synthetic_student_49,-1.9452523332878098,1,True,25.55,0,0,0.87,2025-10-21 22:41:40.439355
synthetic_student_49,-1.709416546230778,5,True,11.33,0,0,0.77,2025-11-27 22:41:40.439371
synthetic_student_49,1.091185673491228,2,False,25.9,0,0,0.65,2026-01-07 22:41:40.439386
synthetic_student_49,-1.3730824679134699,10,True,25.14,0,0,0.92,2025-12-21 22:41:40.439401
synthetic_student_49,1.7446072414696916,5,False,38.73,0,0,0.64,2025-12-03 22:41:40.439417
synthetic_student_49,1.9631924694770047,9,True,29.04,1,0,0.71,2025-11-17 22:41:40.439433
synthetic_student_49,-1.232884875871759,8,False,20.06,0,0,0.52,2025-11-11 22:41:40.439449
synthetic_student_49,-0.9304538241826781,3,False,15.78,0,0,0.31,2026-01-01 22:41:40.439465
synthetic_student_49,1.1586396866051611,2,False,26.37,3,0,0.68,2025-11-02 22:41:40.439480
synthetic_student_49,1.9521929711052293,10,False,29.4,0,0,0.45,2026-01-14 22:41:40.439496
synthetic_student_49,-0.7888654570705569,6,False,29.92,0,0,0.33,2025-11-05 22:41:40.439512
synthetic_student_49,-0.6266475915576262,7,True,26.84,0,0,0.93,2025-12-04 22:41:40.439528
synthetic_student_49,0.7622345624536657,6,False,27.54,1,0,0.34,2026-01-15 22:41:40.439543
synthetic_student_49,0.7828557505395324,3,True,32.48,0,1,0.84,2025-11-24 22:41:40.439559
synthetic_student_49,1.388860529128443,6,False,33.0,0,0,0.4,2025-12-11 22:41:40.439575
synthetic_student_49,-1.5472759052255616,3,True,29.68,0,0,0.72,2025-12-08 22:41:40.439593
synthetic_student_49,1.1226199060062103,5,False,28.16,0,0,0.66,2025-10-31 22:41:40.439609
synthetic_student_49,0.9003179498147555,2,False,32.92,1,0,0.41,2025-12-28 22:41:40.439625
synthetic_student_49,0.011350327483575118,10,False,28.9,1,0,0.32,2025-12-09 22:41:40.439641
synthetic_student_49,0.6479112183287001,6,True,32.45,1,0,0.79,2025-12-18 22:41:40.439657
